match,week,team,opponent,Created,Point,Possession,Thrower,Receiver,Turnover?,Thrower error?,Receiver error?,Throw to endzone?,Assist?,Secondary assist?,Huck?,Swing?,Dump?,From sideline?,To sideline?,Distance (m),Forward distance (m),Left-to-right distance (m),Start X (0 -> 1 = left sideline -> right sideline),Start Y (0 -> 1 = back of opponent endzone -> back of own endzone),End X (0 -> 1 = left sideline -> right sideline),End Y (0 -> 1 = back of opponent endzone -> back of own endzone)
ATX @ ATL,Week 1,ATL,ATX,4/10/2025 16:30,1,1,09 Liv Ford,57 Ximena Montana,0,0,0,0,0,0,0,0,0,0,0,20.563513,13.343471,15.6464,0.66388893,0.65246916,0.3430556,0.5308642
ATX @ ATL,Week 1,ATL,ATX,4/10/2025 16:31,1,1,57 Ximena Montana,10 Mia Griner,0,0,0,0,0,0,0,0,0,0,0,13.483015,11.921063,6.2992005,0.3430556,0.5308642,0.21388893,0.42222223
ATX @ ATL,Week 1,ATL,ATX,4/10/2025 16:32,1,1,10 Mia Griner,04 Chloe Greene,0,0,0,0,0,0,0,0,1,0,0,15.034359,-6.2314653,-13.682134,0.21388893,0.42222223,0.49444446,0.47901234
ATX @ ATL,Week 1,ATL,ATX,4/10/2025 16:32,1,1,04 Chloe Greene,57 Ximena Montana,0,0,0,0,0,0,0,0,0,0,0,11.196505,9.3471985,6.1637316,0.49444446,0.47901234,0.3680556,0.39382717
ATX @ ATL,Week 1,ATL,ATX,4/10/2025 16:34,1,1,57 Ximena Montana,04 Chloe Greene,0,0,0,0,0,0,0,0,0,0,1,15.309084,6.2992,13.953069,0.3680556,0.39382717,0.081944466,0.33641976
ATX @ ATL,Week 1,ATL,ATX,4/10/2025 16:35,1,1,04 Chloe Greene,33 Georgia Tse,0,0,0,0,0,0,0,1,0,1,0,21.485565,3.0480013,-21.268269,0.081944466,0.33641976,0.5180556,0.30864197
ATX @ ATL,Week 1,ATL,ATX,4/10/2025 16:35,1,1,33 Georgia Tse,NA,1,1,0,1,0,0,0,0,0,0,0,33.116264,33.053864,2.032001,0.5180556,0.30864197,0.47638893,0.007407426
ATX @ ATL,Week 1,ATL,ATX,4/10/2025 17:07,2,1,01 Charlie Hawkins,25 Katie Sanders,0,0,0,0,0,0,0,0,0,0,0,12.765891,3.9962661,12.124267,0.7611111,0.9037037,0.5125,0.86728394
ATX @ ATL,Week 1,ATL,ATX,4/10/2025 17:07,2,1,25 Katie Sanders,05 Megan Jarriel,0,0,0,0,0,0,0,0,0,0,0,8.018037,7.924801,-1.2192018,0.5125,0.86728394,0.5375,0.7950617
ATX @ ATL,Week 1,ATL,ATX,4/10/2025 17:11,2,1,05 Megan Jarriel,17 Christina Marsicano,0,0,0,0,0,0,0,1,0,0,0,17.22679,1.7610669,17.136538,0.5375,0.7950617,0.18611106,0.7790123
ATX @ ATL,Week 1,ATL,ATX,4/10/2025 17:11,2,1,17 Christina Marsicano,01 Charlie Hawkins,0,0,0,0,0,0,0,1,0,0,0,17.424852,-2.3029306,-17.272,0.18611106,0.7790123,0.5402777,0.79999995
ATX @ ATL,Week 1,ATL,ATX,4/10/2025 17:11,2,1,01 Charlie Hawkins,17 Christina Marsicano,0,0,0,0,0,0,0,0,0,0,0,8.615184,8.602127,0.47413096,0.5402777,0.79999995,0.53055555,0.72160494
ATX @ ATL,Week 1,ATL,ATX,4/10/2025 17:12,2,1,17 Christina Marsicano,25 Katie Sanders,0,0,0,0,0,0,0,0,1,0,0,8.457718,-4.4703984,-7.1797304,0.53055555,0.72160494,0.6777777,0.7623457
ATX @ ATL,Week 1,ATL,ATX,4/10/2025 17:12,2,1,25 Katie Sanders,17 Christina Marsicano,0,0,0,0,0,0,0,0,0,0,0,8.060548,5.350932,6.028263,0.6777777,0.7623457,0.5541667,0.71358025
ATX @ ATL,Week 1,ATL,ATX,4/10/2025 17:12,2,1,17 Christina Marsicano,NA,1,1,0,0,0,0,0,0,0,0,0,15.690907,15.443201,-2.7770631,0.5541667,0.71358025,0.61111104,0.5728395
ATX @ ATL,Week 1,ATL,ATX,4/10/2025 17:18,2,2,19 Elle Mayer,06 Lylah Bannister,0,0,0,0,0,0,0,0,1,0,0,15.996112,-14.427198,-6.9087996,0.5375,0.5753086,0.6791667,0.7067901
ATX @ ATL,Week 1,ATL,ATX,4/10/2025 17:19,2,2,06 Lylah Bannister,05 Megan Jarriel,0,0,0,0,0,0,0,0,0,0,1,16.494137,13.682127,-9.211732,0.6791667,0.7067901,0.8680555,0.5820988
ATX @ ATL,Week 1,ATL,ATX,4/10/2025 17:19,2,2,05 Megan Jarriel,01 Charlie Hawkins,0,0,0,0,0,0,0,0,1,1,0,15.969561,-8.669866,13.4112,0.8680555,0.5820988,0.59305555,0.6611111
ATX @ ATL,Week 1,ATL,ATX,4/10/2025 17:19,2,2,01 Charlie Hawkins,25 Katie Sanders,0,0,0,0,0,0,0,0,1,0,0,15.194175,-4.3349357,14.562668,0.59305555,0.6611111,0.2944444,0.7006173
ATX @ ATL,Week 1,ATL,ATX,4/10/2025 17:20,2,2,25 Katie Sanders,32 Therese Doebler,0,0,0,0,0,0,0,0,0,0,0,18.265535,17.881601,3.725333,0.2944444,0.7006173,0.21805553,0.53765434
ATX @ ATL,Week 1,ATL,ATX,4/10/2025 17:20,2,2,32 Therese Doebler,25 Katie Sanders,0,0,0,0,0,0,0,0,1,0,0,13.834355,-8.060264,-11.243733,0.21805553,0.53765434,0.44861108,0.6111111
ATX @ ATL,Week 1,ATL,ATX,4/10/2025 17:21,2,2,25 Katie Sanders,06 Lylah Bannister,0,0,0,0,0,0,0,0,0,0,0,16.212196,13.478933,9.0085335,0.44861108,0.6111111,0.26388887,0.4882716
ATX @ ATL,Week 1,ATL,ATX,4/10/2025 17:22,2,2,06 Lylah Bannister,19 Elle Mayer,0,0,0,0,0,0,0,0,0,0,0,12.917015,2.1674678,-12.733867,0.26388887,0.4882716,0.525,0.4685185
ATX @ ATL,Week 1,ATL,ATX,4/10/2025 17:22,2,2,19 Elle Mayer,32 Therese Doebler,0,0,0,0,0,0,0,1,0,0,1,19.508142,2.3029306,19.371735,0.525,0.4685185,0.12777774,0.44753087
ATX @ ATL,Week 1,ATL,ATX,4/10/2025 17:22,2,2,32 Therese Doebler,NA,1,1,0,0,0,0,0,0,0,1,1,20.669767,20.658667,-0.67733514,0.12777774,0.44753087,0.14166667,0.25925925
ATX @ ATL,Week 1,ATL,ATX,4/10/2025 17:24,2,3,05 Megan Jarriel,25 Katie Sanders,0,0,0,0,0,0,0,0,1,0,1,15.253842,-6.1637306,13.953069,0.37638888,0.42530864,0.09027774,0.48148146
ATX @ ATL,Week 1,ATL,ATX,4/10/2025 17:24,2,3,25 Katie Sanders,NA,1,1,0,0,0,0,0,1,0,1,0,21.92772,-2.8447976,-21.742401,0.09027774,0.48148146,0.53611106,0.50740737
ATX @ ATL,Week 1,ATL,ATX,4/10/2025 17:35,3,1,29 Soju Hokari,01 Charlie Hawkins,0,0,0,0,0,0,0,1,0,0,0,16.14968,3.7253342,-15.714134,0.42222226,0.61049384,0.7444445,0.5765432
ATX @ ATL,Week 1,ATL,ATX,4/10/2025 17:35,3,1,01 Charlie Hawkins,11 Quincy Booth,0,0,0,0,0,0,0,0,1,0,0,14.648736,-5.8928022,13.411202,0.7444445,0.5765432,0.46944445,0.63024694
ATX @ ATL,Week 1,ATL,ATX,4/10/2025 17:35,3,1,11 Quincy Booth,57 Ximena Montana,0,0,0,0,0,0,0,0,0,0,1,22.063295,11.717867,-18.6944,0.46944445,0.63024694,0.8527778,0.5234568
ATX @ ATL,Week 1,ATL,ATX,4/10/2025 17:36,3,1,57 Ximena Montana,NA,1,1,0,1,0,0,1,0,0,1,0,58.406406,57.031467,12.5984,0.8527778,0.5234568,0.59444445,0.003703723
ATX @ ATL,Week 1,ATL,ATX,4/10/2025 17:39,3,2,57 Ximena Montana,29 Soju Hokari,0,0,0,0,0,0,0,0,1,0,0,14.983157,-5.2832007,-14.020799,0.22916667,0.62222224,0.51666665,0.6703704
ATX @ ATL,Week 1,ATL,ATX,4/10/2025 17:39,3,2,29 Soju Hokari,57 Ximena Montana,0,0,0,0,0,0,0,0,0,0,0,13.359102,11.514666,-6.773337,0.51666665,0.6703704,0.6555556,0.56543213
ATX @ ATL,Week 1,ATL,ATX,4/10/2025 17:39,3,2,57 Ximena Montana,26 Morgan Lally,0,0,0,0,0,0,0,0,0,0,0,12.210802,7.8570695,-9.3472,0.6555556,0.56543213,0.84722227,0.49382716
ATX @ ATL,Week 1,ATL,ATX,4/10/2025 17:43,3,2,26 Morgan Lally,11 Quincy Booth,0,0,0,0,0,0,0,0,0,0,1,8.531711,8.195733,-2.3706634,0.84722227,0.49382716,0.8958333,0.4191358
ATX @ ATL,Week 1,ATL,ATX,4/10/2025 17:43,3,2,11 Quincy Booth,57 Ximena Montana,0,0,0,0,0,0,0,0,0,1,1,9.081823,9.008532,-1.1514676,0.8958333,0.4191358,0.91944444,0.33703706
ATX @ ATL,Week 1,ATL,ATX,4/10/2025 17:43,3,2,57 Ximena Montana,11 Quincy Booth,0,0,0,0,0,0,0,0,0,1,1,8.2002125,8.195736,-0.27093405,0.91944444,0.33703706,0.925,0.26234567
ATX @ ATL,Week 1,ATL,ATX,4/10/2025 17:44,3,2,11 Quincy Booth,29 Soju Hokari,0,0,0,0,0,0,0,0,1,1,0,11.060462,-4.6735992,10.024534,0.925,0.26234567,0.71944445,0.30493826
ATX @ ATL,Week 1,ATL,ATX,4/10/2025 17:44,3,2,29 Soju Hokari,33 Georgia Tse,0,0,0,0,0,0,0,1,0,0,0,18.518843,6.502399,17.339733,0.71944445,0.30493826,0.36388892,0.245679
ATX @ ATL,Week 1,ATL,ATX,4/10/2025 17:45,3,2,33 Georgia Tse,29 Soju Hokari,0,0,0,0,0,1,0,0,1,0,0,7.402793,-6.2314672,3.9962678,0.36388892,0.245679,0.28194445,0.30246913
ATX @ ATL,Week 1,ATL,ATX,4/10/2025 17:46,3,2,29 Soju Hokari,26 Morgan Lally,0,0,0,1,1,0,0,0,0,0,0,34.23007,22.013329,-26.212803,0.28194445,0.30246913,0.8194445,0.10185187
ATX @ ATL,Week 1,ATL,ATX,4/10/2025 18:00,5,1,09 Liv Ford,75 Sarah Kingsley-Hart,0,0,0,0,0,0,0,0,0,0,0,12.830955,12.124268,4.1994677,0.7277778,0.55246913,0.64166665,0.4419753
ATX @ ATL,Week 1,ATL,ATX,4/10/2025 18:00,5,1,75 Sarah Kingsley-Hart,57 Ximena Montana,0,0,0,0,0,0,0,0,0,0,0,18.272686,14.020797,11.717864,0.64166665,0.4419753,0.40138894,0.31419754
ATX @ ATL,Week 1,ATL,ATX,4/10/2025 18:01,5,1,57 Ximena Montana,33 Georgia Tse,1,0,1,0,0,0,0,0,0,0,0,12.449856,7.382932,-10.02453,0.40138894,0.31419754,0.60694444,0.2469136
ATX @ ATL,Week 1,ATL,ATX,4/10/2025 18:01,5,2,57 Ximena Montana,09 Liv Ford,0,0,0,0,0,0,0,1,0,0,0,16.120531,0.0,-16.120531,0.1902778,0.51851857,0.5208333,0.51851857
ATX @ ATL,Week 1,ATL,ATX,4/10/2025 18:02,5,2,09 Liv Ford,11 Quincy Booth,0,0,0,0,0,0,0,0,0,0,0,19.073881,13.004805,13.953065,0.5208333,0.51851857,0.23472227,0.4
ATX @ ATL,Week 1,ATL,ATX,4/10/2025 18:02,5,2,11 Quincy Booth,57 Ximena Montana,0,0,0,0,0,0,0,1,0,0,0,19.105726,-4.538133,-18.558935,0.23472227,0.4,0.6152778,0.44135803
ATX @ ATL,Week 1,ATL,ATX,4/10/2025 18:02,5,2,57 Ximena Montana,75 Sarah Kingsley-Hart,0,0,0,0,0,0,0,0,0,0,0,12.78582,5.9605303,-11.311467,0.6152778,0.44135803,0.84722227,0.38703707
ATX @ ATL,Week 1,ATL,ATX,4/10/2025 18:03,5,2,75 Sarah Kingsley-Hart,57 Ximena Montana,0,0,0,0,0,0,0,0,0,0,0,17.997324,10.092269,14.901335,0.84722227,0.38703707,0.5416667,0.29506174
ATX @ ATL,Week 1,ATL,ATX,4/10/2025 18:03,5,2,57 Ximena Montana,04 Chloe Greene,0,0,0,0,0,0,0,0,1,0,0,12.763557,-7.4506683,10.3632,0.5416667,0.29506174,0.32916668,0.362963
ATX @ ATL,Week 1,ATL,ATX,4/10/2025 18:03,5,2,04 Chloe Greene,10 Mia Griner,0,0,0,0,0,0,0,1,0,0,0,17.848986,7.5183997,-16.188267,0.32916668,0.362963,0.6611111,0.29444447
ATX @ ATL,Week 1,ATL,ATX,4/10/2025 18:03,5,2,10 Mia Griner,04 Chloe Greene,0,0,0,0,0,0,0,0,1,0,0,11.677862,-3.3866646,11.176,0.6611111,0.29444447,0.43194446,0.32530865
ATX @ ATL,Week 1,ATL,ATX,4/10/2025 18:03,5,2,04 Chloe Greene,33 Georgia Tse,0,0,0,0,0,1,0,0,0,0,0,20.145063,12.259733,-15.98507,0.43194446,0.32530865,0.7597223,0.21358025
ATX @ ATL,Week 1,ATL,ATX,4/10/2025 18:03,5,2,33 Georgia Tse,57 Ximena Montana,0,0,0,1,1,0,0,0,0,0,0,13.749031,13.682132,-1.3546644,0.7597223,0.21358025,0.7875,0.088888906
ATX @ ATL,Week 1,ATL,ATX,4/10/2025 18:09,6,1,09 Liv Ford,29 Soju Hokari,0,0,0,0,0,0,0,0,0,1,0,7.721897,1.7610669,-7.5184,0.06666667,0.8104938,0.22083333,0.79444444
ATX @ ATL,Week 1,ATL,ATX,4/10/2025 18:09,6,1,29 Soju Hokari,09 Liv Ford,0,0,0,0,0,0,0,0,0,0,0,8.823551,8.602134,1.9642675,0.22083333,0.79444444,0.18055554,0.7160494
ATX @ ATL,Week 1,ATL,ATX,4/10/2025 18:09,6,1,09 Liv Ford,29 Soju Hokari,0,0,0,0,0,0,0,0,0,0,1,12.487202,12.05653,3.2512002,0.18055554,0.7160494,0.11388887,0.60617286
ATX @ ATL,Week 1,ATL,ATX,4/10/2025 18:10,6,1,29 Soju Hokari,22 Anna Gustafson,0,0,0,0,0,0,0,0,0,1,0,24.60026,23.706669,-6.5701327,0.11388887,0.60617286,0.24861106,0.39012346
ATX @ ATL,Week 1,ATL,ATX,4/10/2025 18:10,6,1,22 Anna Gustafson,09 Liv Ford,0,0,0,0,0,0,0,0,1,0,0,11.269001,-11.108265,1.8965318,0.24861106,0.39012346,0.2097222,0.491358
ATX @ ATL,Week 1,ATL,ATX,4/10/2025 18:11,6,1,09 Liv Ford,29 Soju Hokari,0,0,0,0,0,0,0,0,0,0,1,7.9928193,6.4346657,4.741333,0.2097222,0.491358,0.1125,0.43271604
ATX @ ATL,Week 1,ATL,ATX,4/10/2025 18:11,6,1,29 Soju Hokari,09 Liv Ford,0,0,0,0,0,0,0,0,1,1,0,8.145196,-6.3669314,-5.0800004,0.1125,0.43271604,0.21666667,0.49074072
ATX @ ATL,Week 1,ATL,ATX,4/10/2025 18:12,6,1,09 Liv Ford,NA,1,1,0,0,0,0,0,0,0,0,0,10.294796,8.534399,-5.757332,0.21666667,0.49074072,0.3347222,0.41296294
ATX @ ATL,Week 1,ATL,ATX,4/10/2025 18:21,6,2,09 Liv Ford,NA,1,1,0,1,0,0,0,0,0,1,1,10.858478,10.837332,0.67733365,0.9388889,0.17716049,0.925,0.07839507
ATX @ ATL,Week 1,ATL,ATX,4/10/2025 18:22,6,3,29 Soju Hokari,14 Charlotte Doran,0,0,0,0,0,0,0,1,0,0,0,16.193369,-0.40640107,-16.188269,0.24583334,0.57839507,0.5777778,0.5820988
ATX @ ATL,Week 1,ATL,ATX,4/10/2025 18:22,6,3,14 Charlotte Doran,12 Emma Jaschke,0,0,0,0,0,0,0,0,0,0,0,14.745967,9.211732,-11.514667,0.5777778,0.5820988,0.8138889,0.49814817
ATX @ ATL,Week 1,ATL,ATX,4/10/2025 18:22,6,3,12 Emma Jaschke,14 Charlotte Doran,0,0,0,0,0,0,0,1,0,0,0,18.870388,-6.0282617,17.8816,0.8138889,0.49814817,0.44722226,0.5530864
ATX @ ATL,Week 1,ATL,ATX,4/10/2025 18:23,6,3,14 Charlotte Doran,08 Dani Ortiz,1,1,0,0,0,0,0,0,0,0,0,13.658137,7.450662,11.446936,0.44722226,0.5530864,0.2125,0.4851852
ATX @ ATL,Week 1,ATL,ATX,4/10/2025 18:25,7,1,29 Soju Hokari,11 Quincy Booth,0,0,0,0,0,0,0,0,0,0,0,10.718143,3.7930655,10.024532,0.49861106,0.67098767,0.29305553,0.6364198
ATX @ ATL,Week 1,ATL,ATX,4/10/2025 18:25,7,1,11 Quincy Booth,29 Soju Hokari,0,0,0,0,0,0,0,0,0,0,0,9.103523,5.4186697,-7.3152003,0.29305553,0.6364198,0.44305554,0.587037
ATX @ ATL,Week 1,ATL,ATX,4/10/2025 18:25,7,1,29 Soju Hokari,01 Charlie Hawkins,0,0,0,0,0,0,0,0,0,0,0,11.454143,-0.40640107,-11.446931,0.44305554,0.587037,0.6777777,0.59074074
ATX @ ATL,Week 1,ATL,ATX,4/10/2025 18:25,7,1,01 Charlie Hawkins,11 Quincy Booth,0,0,0,0,0,0,0,1,0,0,0,17.513096,1.1514653,17.4752,0.6777777,0.59074074,0.3194444,0.5802469
ATX @ ATL,Week 1,ATL,ATX,4/10/2025 18:25,7,1,11 Quincy Booth,33 Georgia Tse,0,0,0,0,0,0,0,0,0,0,1,24.681158,23.232536,8.3312,0.3194444,0.5802469,0.14861107,0.3685185
ATX @ ATL,Week 1,ATL,ATX,4/10/2025 18:25,7,1,33 Georgia Tse,57 Ximena Montana,0,0,0,0,0,0,0,0,0,1,1,8.373766,8.263464,1.3546648,0.14861107,0.3685185,0.12083333,0.29320988
ATX @ ATL,Week 1,ATL,ATX,4/10/2025 18:26,7,1,57 Ximena Montana,11 Quincy Booth,0,0,0,0,0,0,0,0,1,1,1,8.425382,-7.6538625,3.5221355,0.12083333,0.29320988,0.048611067,0.36296293
ATX @ ATL,Week 1,ATL,ATX,4/10/2025 18:26,7,1,11 Quincy Booth,57 Ximena Montana,0,0,0,0,0,0,0,0,0,1,1,12.740349,12.598398,-1.8965355,0.048611067,0.36296293,0.0875,0.24814813
ATX @ ATL,Week 1,ATL,ATX,4/10/2025 18:26,7,1,57 Ximena Montana,11 Quincy Booth,0,0,0,0,0,0,0,0,1,1,1,7.4361835,-6.9765344,2.5738678,0.0875,0.24814813,0.0347222,0.3117284
ATX @ ATL,Week 1,ATL,ATX,4/10/2025 18:26,7,1,11 Quincy Booth,29 Soju Hokari,0,0,0,0,0,1,0,0,0,1,0,15.479548,12.869333,-8.602132,0.0347222,0.3117284,0.21111107,0.19444443
ATX @ ATL,Week 1,ATL,ATX,4/10/2025 18:27,7,1,29 Soju Hokari,11 Quincy Booth,0,0,0,1,1,0,0,0,0,0,0,7.497624,6.9088,2.9125323,0.21111107,0.19444443,0.15138887,0.13148147
ATX @ ATL,Week 1,ATL,ATX,4/10/2025 18:35,8,1,11 Quincy Booth,04 Chloe Greene,0,0,0,0,0,0,0,0,1,1,1,9.735709,-9.076266,-3.5221324,0.022222264,0.47098768,0.09444447,0.5537037
ATX @ ATL,Week 1,ATL,ATX,4/10/2025 18:35,8,1,04 Chloe Greene,11 Quincy Booth,0,0,0,0,0,0,0,0,0,1,1,12.686402,12.4629345,2.370668,0.09444447,0.5537037,0.045833334,0.44012347
ATX @ ATL,Week 1,ATL,ATX,4/10/2025 18:35,8,1,11 Quincy Booth,04 Chloe Greene,0,0,0,0,0,0,0,0,0,1,1,6.2406616,6.2314653,-0.33866775,0.045833334,0.44012347,0.0527778,0.38333336
ATX @ ATL,Week 1,ATL,ATX,4/10/2025 18:35,8,1,04 Chloe Greene,09 Liv Ford,0,0,0,0,0,0,0,0,1,1,0,21.912651,-9.144001,-19.9136,0.0527778,0.38333336,0.46111113,0.4666667
ATX @ ATL,Week 1,ATL,ATX,4/10/2025 18:35,8,1,09 Liv Ford,57 Ximena Montana,0,0,0,0,0,0,0,0,0,0,0,14.427361,-0.06773133,-14.427201,0.46111113,0.4666667,0.7569445,0.46728396
ATX @ ATL,Week 1,ATL,ATX,4/10/2025 18:36,8,1,57 Ximena Montana,04 Chloe Greene,0,0,0,0,0,0,0,0,0,0,0,11.902579,11.650132,2.4384007,0.7569445,0.46728396,0.70694447,0.36111113
ATX @ ATL,Week 1,ATL,ATX,4/10/2025 18:36,8,1,04 Chloe Greene,09 Liv Ford,0,0,0,0,0,0,0,0,0,0,0,15.423285,7.247468,13.614401,0.70694447,0.36111113,0.4277778,0.29506174
ATX @ ATL,Week 1,ATL,ATX,4/10/2025 18:36,8,1,09 Liv Ford,75 Sarah Kingsley-Hart,0,0,0,0,0,1,0,0,0,0,0,10.55706,6.570132,8.263468,0.4277778,0.29506174,0.25833333,0.2351852
ATX @ ATL,Week 1,ATL,ATX,4/10/2025 18:37,8,1,75 Sarah Kingsley-Hart,57 Ximena Montana,0,0,0,1,1,0,0,0,0,0,1,16.4028,13.478935,9.3472,0.25833333,0.2351852,0.06666667,0.11234568
ATX @ ATL,Week 1,ATL,ATX,4/10/2025 18:44,9,1,04 Chloe Greene,14 Charlotte Doran,1,0,1,0,0,0,0,0,0,0,0,9.1015,8.805327,-2.3029323,0.7,0.7148148,0.7472222,0.6345679
ATX @ ATL,Week 1,ATL,ATX,4/10/2025 18:46,9,2,14 Charlotte Doran,NA,1,1,0,0,0,0,0,0,0,1,1,7.673026,7.653869,0.54186517,0.96111107,0.8117284,0.95,0.7419753
ATX @ ATL,Week 1,ATL,ATX,4/10/2025 18:49,10,1,25 Katie Sanders,05 Megan Jarriel,0,0,0,0,0,0,0,0,0,1,1,15.311024,15.104527,2.5061324,0.09861113,0.57345676,0.047222264,0.4358025
ATX @ ATL,Week 1,ATL,ATX,4/10/2025 18:49,10,1,05 Megan Jarriel,32 Therese Doebler,0,0,0,0,0,0,0,1,0,1,0,21.813604,1.7610701,-21.742401,0.047222264,0.4358025,0.4930556,0.41975307
ATX @ ATL,Week 1,ATL,ATX,4/10/2025 18:49,10,1,32 Therese Doebler,01 Charlie Hawkins,0,0,0,0,0,0,0,0,1,0,0,14.703755,-7.112002,12.869337,0.4930556,0.41975307,0.22916667,0.4845679
ATX @ ATL,Week 1,ATL,ATX,4/10/2025 18:50,10,1,01 Charlie Hawkins,05 Megan Jarriel,0,0,0,0,0,0,0,0,0,0,1,11.937221,10.5664015,5.554133,0.22916667,0.4845679,0.1152778,0.3882716
ATX @ ATL,Week 1,ATL,ATX,4/10/2025 18:50,10,1,05 Megan Jarriel,01 Charlie Hawkins,0,0,0,0,0,0,0,0,1,1,0,15.02169,-7.5183997,-13.004801,0.1152778,0.3882716,0.38194448,0.45679012
ATX @ ATL,Week 1,ATL,ATX,4/10/2025 18:50,10,1,01 Charlie Hawkins,06 Lylah Bannister,0,0,0,0,0,0,0,0,0,0,0,15.598239,9.008532,-12.733869,0.38194448,0.45679012,0.6430556,0.37469137
ATX @ ATL,Week 1,ATL,ATX,4/10/2025 18:50,10,1,06 Lylah Bannister,01 Charlie Hawkins,0,0,0,0,0,0,0,1,0,0,0,18.613365,-5.8250675,17.678402,0.6430556,0.37469137,0.2805556,0.4277778
ATX @ ATL,Week 1,ATL,ATX,4/10/2025 18:50,10,1,01 Charlie Hawkins,17 Christina Marsicano,0,0,0,0,0,0,0,1,0,0,0,18.43243,-2.3029306,-18.288,0.2805556,0.4277778,0.6555556,0.44876543
ATX @ ATL,Week 1,ATL,ATX,4/10/2025 18:51,10,1,17 Christina Marsicano,01 Charlie Hawkins,1,0,1,0,0,0,0,0,0,0,0,10.436425,10.430929,-0.3386654,0.6555556,0.44876543,0.6625,0.35370374
ATX @ ATL,Week 1,ATL,ATX,4/10/2025 18:54,10,2,17 Christina Marsicano,01 Charlie Hawkins,0,0,0,0,0,0,0,1,0,0,0,17.125288,3.657603,-16.730135,0.4125,0.7432099,0.75555557,0.70987654
ATX @ ATL,Week 1,ATL,ATX,4/10/2025 18:55,10,2,01 Charlie Hawkins,19 Elle Mayer,0,0,0,0,0,0,0,0,0,0,0,18.527884,15.917334,9.482666,0.75555557,0.70987654,0.56111115,0.5648148
ATX @ ATL,Week 1,ATL,ATX,4/10/2025 18:56,10,2,19 Elle Mayer,NA,1,1,0,0,0,0,0,0,0,0,0,14.085436,12.598396,-6.2992,0.56111115,0.5648148,0.6902778,0.45000002
ATX @ ATL,Week 1,ATL,ATX,4/10/2025 19:01,10,3,14 Charlotte Doran,29 Soju Hokari,0,0,0,0,0,0,0,0,0,1,1,18.727386,18.55894,-2.506132,0.8972223,0.78888893,0.94861114,0.61975306
ATX @ ATL,Week 1,ATL,ATX,4/10/2025 19:01,10,3,29 Soju Hokari,14 Charlotte Doran,0,0,0,0,0,0,0,0,1,1,1,10.580288,-10.295469,2.4384007,0.94861114,0.61975306,0.8986111,0.71358025
ATX @ ATL,Week 1,ATL,ATX,4/10/2025 19:01,10,3,14 Charlotte Doran,29 Soju Hokari,0,0,0,0,0,0,0,0,1,1,0,10.022018,-2.573869,9.685868,0.8986111,0.71358025,0.7,0.73703706
ATX @ ATL,Week 1,ATL,ATX,4/10/2025 19:02,10,3,29 Soju Hokari,05 Megan Jarriel,0,0,0,0,0,0,0,0,0,0,0,17.635267,17.475199,2.3706634,0.7,0.73703706,0.65138894,0.5777778
ATX @ ATL,Week 1,ATL,ATX,4/10/2025 19:02,10,3,05 Megan Jarriel,14 Charlotte Doran,0,0,0,0,0,0,0,0,1,0,0,9.036754,-8.805334,-2.0319982,0.65138894,0.5777778,0.69305557,0.6580247
ATX @ ATL,Week 1,ATL,ATX,4/10/2025 19:02,10,3,14 Charlotte Doran,NA,1,1,0,0,0,0,1,0,0,0,0,40.82253,40.301334,6.5024,0.69305557,0.6580247,0.55972224,0.29074076
ATX @ ATL,Week 1,ATL,ATX,4/10/2025 19:05,10,4,29 Soju Hokari,07 Allison Murphy,0,0,0,0,0,0,0,0,0,0,0,11.559406,11.514669,1.0159991,0.8013889,0.47098768,0.7805556,0.36604938
ATX @ ATL,Week 1,ATL,ATX,4/10/2025 19:05,10,4,07 Allison Murphy,29 Soju Hokari,0,0,0,0,0,0,0,0,1,0,0,13.2842,-10.905067,7.586136,0.7805556,0.36604938,0.625,0.4654321
ATX @ ATL,Week 1,ATL,ATX,4/10/2025 19:06,10,4,29 Soju Hokari,08 Dani Ortiz,0,0,0,0,0,0,0,0,0,0,0,12.526457,10.905067,-6.1637344,0.625,0.4654321,0.7513889,0.36604938
ATX @ ATL,Week 1,ATL,ATX,4/10/2025 19:06,10,4,08 Dani Ortiz,32 Therese Doebler,0,0,0,0,0,0,0,0,0,0,1,10.154126,7.111999,-7.2474647,0.7513889,0.36604938,0.9,0.30123457
ATX @ ATL,Week 1,ATL,ATX,4/10/2025 19:10,10,4,32 Therese Doebler,08 Dani Ortiz,0,0,0,0,0,0,0,0,1,1,0,11.581606,-2.7770662,11.243732,0.9,0.30123457,0.66944444,0.3265432
ATX @ ATL,Week 1,ATL,ATX,4/10/2025 19:10,10,4,08 Dani Ortiz,09 Liv Ford,1,1,1,0,0,0,0,0,0,0,0,13.650575,8.805331,10.430932,0.66944444,0.3265432,0.4555556,0.24629632
ATX @ ATL,Week 1,ATL,ATX,4/10/2025 19:11,10,5,08 Dani Ortiz,09 Liv Ford,0,0,0,1,1,0,0,0,0,0,0,20.607414,17.610666,-10.701867,0.31944448,0.26481482,0.53888893,0.104320996
ATX @ ATL,Week 1,ATL,ATX,4/10/2025 22:05,11,1,11 Quincy Booth,NA,1,1,0,0,0,0,1,0,0,1,1,48.27367,48.090664,4.199468,0.108333334,0.7024691,0.0222222,0.26419753
ATX @ ATL,Week 1,ATL,ATX,4/10/2025 22:07,11,2,11 Quincy Booth,26 Morgan Lally,0,0,0,1,1,0,0,0,0,0,0,18.132936,17.746134,3.7253351,0.23333333,0.28148147,0.15694441,0.11975308
ATX @ ATL,Week 1,ATL,ATX,4/10/2025 22:27,12,1,01 Charlie Hawkins,29 Soju Hokari,0,0,0,0,0,0,0,1,0,1,0,28.706554,5.825071,28.109337,0.87083334,0.71728396,0.2944444,0.6641975
ATX @ ATL,Week 1,ATL,ATX,4/10/2025 22:27,12,1,29 Soju Hokari,33 Georgia Tse,0,0,0,0,0,0,0,0,0,0,1,14.408743,11.988798,7.9925327,0.2944444,0.6641975,0.13055554,0.55493826
ATX @ ATL,Week 1,ATL,ATX,4/10/2025 22:27,12,1,33 Georgia Tse,57 Ximena Montana,0,0,0,0,0,0,0,0,0,1,1,13.123147,13.072533,1.1514679,0.13055554,0.55493826,0.106944405,0.43580246
ATX @ ATL,Week 1,ATL,ATX,4/10/2025 22:28,12,1,57 Ximena Montana,33 Georgia Tse,1,1,0,0,0,0,0,0,0,1,0,10.458167,8.398933,-6.2314672,0.106944405,0.43580246,0.2347222,0.35925925
ATX @ ATL,Week 1,ATL,ATX,4/10/2025 22:44,13,1,01 Charlie Hawkins,25 Katie Sanders,1,1,0,0,0,0,0,1,0,0,0,16.879196,-0.67733294,-16.8656,0.16944447,0.59197533,0.5152778,0.59814817
ATX @ ATL,Week 1,ATL,ATX,4/10/2025 22:44,13,2,01 Charlie Hawkins,32 Therese Doebler,0,0,0,0,0,0,0,0,0,0,1,16.052938,15.646395,3.5898683,0.21944447,0.70987654,0.14583333,0.567284
ATX @ ATL,Week 1,ATL,ATX,4/10/2025 22:45,13,2,32 Therese Doebler,01 Charlie Hawkins,0,0,0,0,0,0,0,0,1,1,0,16.51943,-13.478927,-9.550401,0.14583333,0.567284,0.34166667,0.69012344
ATX @ ATL,Week 1,ATL,ATX,4/10/2025 22:45,13,2,01 Charlie Hawkins,06 Lylah Bannister,0,0,0,0,0,0,0,0,0,0,0,21.121616,14.969062,-14.901337,0.34166667,0.69012344,0.6472223,0.5537037
ATX @ ATL,Week 1,ATL,ATX,4/10/2025 22:45,13,2,06 Lylah Bannister,25 Katie Sanders,0,0,0,0,0,0,0,0,0,0,0,11.829119,10.295466,5.825069,0.6472223,0.5537037,0.5277778,0.45987657
ATX @ ATL,Week 1,ATL,ATX,4/10/2025 22:46,13,2,25 Katie Sanders,01 Charlie Hawkins,1,1,0,1,0,0,1,0,0,0,0,48.255665,45.1104,17.136534,0.5277778,0.45987657,0.17638893,0.048765443
ATX @ ATL,Week 1,ATL,ATX,4/10/2025 22:51,13,3,11 Quincy Booth,05 Megan Jarriel,0,0,0,0,0,0,0,0,0,0,0,14.730563,12.93707,7.044268,0.49444446,0.6401235,0.35,0.5222222
ATX @ ATL,Week 1,ATL,ATX,4/10/2025 22:51,13,3,05 Megan Jarriel,11 Quincy Booth,0,0,0,0,0,0,0,0,0,0,0,7.2297244,1.8965361,-6.9765368,0.35,0.5222222,0.4930556,0.50493824
ATX @ ATL,Week 1,ATL,ATX,4/10/2025 22:52,13,3,11 Quincy Booth,25 Katie Sanders,0,0,0,0,0,0,0,1,0,0,1,18.51909,-1.0160027,18.4912,0.4930556,0.50493824,0.113888934,0.5141975
ATX @ ATL,Week 1,ATL,ATX,4/10/2025 22:52,13,3,25 Katie Sanders,11 Quincy Booth,0,0,0,0,0,0,0,1,0,1,0,17.257648,3.6575997,-16.865599,0.113888934,0.5141975,0.45972225,0.4808642
ATX @ ATL,Week 1,ATL,ATX,4/10/2025 22:54,13,3,11 Quincy Booth,05 Megan Jarriel,0,0,0,0,0,0,0,0,0,0,0,10.076115,9.414932,-3.5898666,0.45972225,0.4808642,0.53333336,0.39506173
ATX @ ATL,Week 1,ATL,ATX,4/10/2025 22:54,13,3,05 Megan Jarriel,06 Lylah Bannister,0,0,0,0,0,0,0,0,0,0,0,15.080823,15.036799,-1.1514676,0.53333336,0.39506173,0.5569445,0.2580247
ATX @ ATL,Week 1,ATL,ATX,4/10/2025 22:54,13,3,06 Lylah Bannister,25 Katie Sanders,0,0,0,0,0,1,0,1,0,0,0,17.50851,3.5898666,17.136534,0.5569445,0.2580247,0.2055556,0.22530864
ATX @ ATL,Week 1,ATL,ATX,4/10/2025 22:54,13,3,25 Katie Sanders,11 Quincy Booth,0,0,0,1,1,0,0,0,0,0,0,11.83629,9.753599,-6.7056003,0.2055556,0.22530864,0.3430556,0.13641976
ATX @ ATL,Week 1,ATL,ATX,4/10/2025 23:00,14,1,29 Soju Hokari,14 Charlotte Doran,0,0,0,0,0,0,0,0,1,0,0,13.880212,-4.267198,13.208001,0.5069444,0.8493827,0.23611107,0.8882716
ATX @ ATL,Week 1,ATL,ATX,4/10/2025 23:00,14,1,14 Charlotte Doran,29 Soju Hokari,1,1,1,0,0,0,0,0,0,0,0,15.814534,15.781864,-1.0159991,0.23611107,0.8882716,0.2569444,0.74444443
ATX @ ATL,Week 1,ATL,ATX,4/10/2025 23:06,14,2,14 Charlotte Doran,04 Chloe Greene,0,0,0,0,0,0,0,1,0,1,0,17.341852,0.27093187,17.339735,0.8625,0.67839503,0.5069444,0.6759259
ATX @ ATL,Week 1,ATL,ATX,4/10/2025 23:08,14,2,04 Chloe Greene,32 Therese Doebler,0,0,0,0,0,0,0,1,0,0,0,17.32385,2.0319986,17.204266,0.5069444,0.6759259,0.15416667,0.6574074
ATX @ ATL,Week 1,ATL,ATX,4/10/2025 23:08,14,2,32 Therese Doebler,04 Chloe Greene,1,0,1,0,0,0,0,1,0,0,0,14.847818,1.5578663,-14.765865,0.15416667,0.6574074,0.4569444,0.6432099
ATX @ ATL,Week 1,ATL,ATX,4/10/2025 23:12,14,3,04 Chloe Greene,NA,1,1,0,0,0,0,0,1,0,1,0,36.980976,-6.2992034,36.440536,0.9458333,0.8191358,0.19861107,0.8765432
ATX @ ATL,Week 1,ATL,ATX,4/10/2025 23:14,15,1,11 Quincy Booth,09 Liv Ford,0,0,0,0,0,0,0,0,0,0,0,14.092606,9.008534,-10.837336,0.3625,0.59074074,0.5847223,0.50864196
ATX @ ATL,Week 1,ATL,ATX,4/10/2025 23:14,15,1,09 Liv Ford,75 Sarah Kingsley-Hart,1,1,0,0,0,0,0,0,0,0,0,19.787527,13.614399,14.359468,0.5847223,0.50864196,0.2902778,0.3845679
ATX @ ATL,Week 1,ATL,ATX,4/10/2025 23:16,15,2,75 Sarah Kingsley-Hart,57 Ximena Montana,0,0,0,0,0,0,0,0,0,0,0,10.484894,6.705604,-8.060266,0.33472225,0.6314815,0.5,0.5703704
ATX @ ATL,Week 1,ATL,ATX,4/10/2025 23:16,15,2,57 Ximena Montana,04 Chloe Greene,0,0,0,0,0,0,0,1,0,0,0,15.138667,-1.0160027,-15.104535,0.5,0.5703704,0.80972224,0.57962966
ATX @ ATL,Week 1,ATL,ATX,4/10/2025 23:16,15,2,04 Chloe Greene,57 Ximena Montana,0,0,0,0,0,0,0,0,0,0,0,15.546979,5.6218705,14.494935,0.80972224,0.57962966,0.5125,0.52839506
ATX @ ATL,Week 1,ATL,ATX,4/10/2025 23:16,15,2,57 Ximena Montana,09 Liv Ford,0,0,0,0,0,0,0,0,0,0,0,13.641499,2.09973,13.478932,0.5125,0.52839506,0.23611113,0.5092593
ATX @ ATL,Week 1,ATL,ATX,4/10/2025 23:16,15,2,09 Liv Ford,57 Ximena Montana,0,0,0,0,0,0,0,0,0,0,0,8.493718,8.466668,-0.6773322,0.23611113,0.5092593,0.25,0.43209878
ATX @ ATL,Week 1,ATL,ATX,4/10/2025 23:16,15,2,57 Ximena Montana,11 Quincy Booth,0,0,0,0,0,0,0,0,0,0,1,8.825629,5.892799,6.5701327,0.25,0.43209878,0.1152778,0.37839508
ATX @ ATL,Week 1,ATL,ATX,4/10/2025 23:16,15,2,11 Quincy Booth,04 Chloe Greene,0,0,0,0,0,0,0,0,1,1,0,19.811625,-8.669866,-17.813868,0.1152778,0.37839508,0.4805556,0.45740741
ATX @ ATL,Week 1,ATL,ATX,4/10/2025 23:16,15,2,04 Chloe Greene,57 Ximena Montana,0,0,0,0,0,0,0,0,0,0,0,15.707273,10.227735,11.921068,0.4805556,0.45740741,0.23611113,0.36419752
ATX @ ATL,Week 1,ATL,ATX,4/10/2025 23:17,15,2,57 Ximena Montana,04 Chloe Greene,0,0,0,0,0,0,0,0,1,0,0,14.919796,-7.9925356,-12.5984,0.23611113,0.36419752,0.49444446,0.43703705
ATX @ ATL,Week 1,ATL,ATX,4/10/2025 23:17,15,2,04 Chloe Greene,09 Liv Ford,1,0,1,0,0,0,0,1,0,0,0,15.374871,-2.032002,-15.240002,0.49444446,0.43703705,0.8069445,0.4555556
ATX @ ATL,Week 1,ATL,ATX,4/10/2025 23:18,15,3,11 Quincy Booth,10 Mia Griner,0,0,0,0,0,0,0,0,0,0,1,24.795395,18.897596,-16.052803,0.54444444,0.7537037,0.87361115,0.5814815
ATX @ ATL,Week 1,ATL,ATX,4/10/2025 23:18,15,3,10 Mia Griner,57 Ximena Montana,0,0,0,0,0,0,0,0,1,1,0,10.915157,-9.143997,5.9605346,0.87361115,0.5814815,0.7513889,0.66481483
ATX @ ATL,Week 1,ATL,ATX,4/10/2025 23:18,15,3,57 Ximena Montana,09 Liv Ford,0,0,0,0,0,0,0,1,0,0,0,21.542183,2.4383998,21.403734,0.7513889,0.66481483,0.3125,0.6425926
ATX @ ATL,Week 1,ATL,ATX,4/10/2025 23:19,15,3,09 Liv Ford,14 Charlotte Doran,0,0,0,0,0,0,0,0,1,0,0,13.922128,-2.5738626,-13.682137,0.3125,0.6425926,0.5930556,0.66604936
ATX @ ATL,Week 1,ATL,ATX,4/10/2025 23:19,15,3,14 Charlotte Doran,04 Chloe Greene,0,0,0,0,0,0,0,0,0,0,1,19.110044,13.546665,-13.478933,0.5930556,0.66604936,0.8694445,0.5425926
ATX @ ATL,Week 1,ATL,ATX,4/10/2025 23:20,15,3,04 Chloe Greene,14 Charlotte Doran,0,0,0,0,0,0,0,1,0,1,0,18.700413,-0.4741324,18.6944,0.8694445,0.5425926,0.48611113,0.54691356
ATX @ ATL,Week 1,ATL,ATX,4/10/2025 23:20,15,3,14 Charlotte Doran,09 Liv Ford,0,0,0,0,0,0,0,1,0,0,0,16.077217,5.6895986,15.0368,0.48611113,0.54691356,0.1777778,0.49506173
ATX @ ATL,Week 1,ATL,ATX,4/10/2025 23:20,15,3,09 Liv Ford,04 Chloe Greene,0,0,0,0,0,0,0,1,0,0,0,24.656147,-7.4506717,-23.50347,0.1777778,0.49506173,0.65972227,0.562963
ATX @ ATL,Week 1,ATL,ATX,4/10/2025 23:20,15,3,04 Chloe Greene,57 Ximena Montana,0,0,0,0,0,0,0,0,0,0,0,16.61843,16.323738,-3.1157315,0.65972227,0.562963,0.7236111,0.41419753
ATX @ ATL,Week 1,ATL,ATX,4/10/2025 23:20,15,3,57 Ximena Montana,51 Lilli Popovich,1,1,1,1,0,0,0,0,0,0,0,39.54449,32.986134,21.810131,0.7236111,0.41419753,0.27638894,0.11358026
ATX @ ATL,Week 1,ATL,ATX,4/10/2025 23:29,16,1,29 Soju Hokari,32 Therese Doebler,0,0,0,0,0,0,0,1,0,1,0,20.681303,-3.0480013,-20.455463,0.11666667,0.59320986,0.53611106,0.62098765
ATX @ ATL,Week 1,ATL,ATX,4/10/2025 23:29,16,1,32 Therese Doebler,25 Katie Sanders,0,0,0,0,0,0,0,0,1,0,0,15.017872,-5.5541325,-13.953068,0.53611106,0.62098765,0.8222222,0.67160493
ATX @ ATL,Week 1,ATL,ATX,4/10/2025 23:30,16,1,25 Katie Sanders,32 Therese Doebler,0,0,0,0,0,0,0,1,0,0,0,16.263477,3.9285347,15.781867,0.8222222,0.67160493,0.49861106,0.63580245
ATX @ ATL,Week 1,ATL,ATX,4/10/2025 23:30,16,1,32 Therese Doebler,29 Soju Hokari,0,0,0,0,0,0,0,0,0,0,1,20.607412,10.701864,17.610664,0.49861106,0.63580245,0.1375,0.5382716
ATX @ ATL,Week 1,ATL,ATX,4/10/2025 23:30,16,1,29 Soju Hokari,25 Katie Sanders,0,0,0,0,0,0,0,1,0,1,0,30.35368,-5.757333,-29.802668,0.1375,0.5382716,0.7486111,0.59074074
ATX @ ATL,Week 1,ATL,ATX,4/10/2025 23:30,16,1,25 Katie Sanders,29 Soju Hokari,0,0,0,0,0,0,0,1,0,0,0,18.320084,1.0837339,18.288002,0.7486111,0.59074074,0.37361106,0.5808642
ATX @ ATL,Week 1,ATL,ATX,4/10/2025 23:30,16,1,29 Soju Hokari,25 Katie Sanders,0,0,0,0,0,0,0,1,0,0,0,17.623426,-6.2991967,-16.4592,0.37361106,0.5808642,0.71111107,0.6382716
ATX @ ATL,Week 1,ATL,ATX,4/10/2025 23:30,16,1,25 Katie Sanders,05 Megan Jarriel,0,0,0,0,0,0,0,0,0,0,1,10.349245,7.5183997,-7.111999,0.71111107,0.6382716,0.8569444,0.56975305
ATX @ ATL,Week 1,ATL,ATX,4/10/2025 23:30,16,1,05 Megan Jarriel,29 Soju Hokari,0,0,0,0,0,0,0,0,0,1,0,11.499713,4.53813,10.566399,0.8569444,0.56975305,0.64027774,0.52839506
ATX @ ATL,Week 1,ATL,ATX,4/10/2025 23:30,16,1,29 Soju Hokari,06 Lylah Bannister,0,0,0,0,0,0,0,0,0,0,0,10.689213,7.857066,-7.2474675,0.64027774,0.52839506,0.7888889,0.45679012
ATX @ ATL,Week 1,ATL,ATX,4/10/2025 23:30,16,1,06 Lylah Bannister,25 Katie Sanders,0,0,0,0,0,0,0,0,1,0,1,11.368306,-10.363197,-4.673599,0.7888889,0.45679012,0.8847222,0.55123454
ATX @ ATL,Week 1,ATL,ATX,4/10/2025 23:31,16,1,25 Katie Sanders,06 Lylah Bannister,0,0,0,0,0,0,0,0,0,1,1,12.567224,12.1919985,-3.048,0.8847222,0.55123454,0.9472222,0.44012344
ATX @ ATL,Week 1,ATL,ATX,4/10/2025 23:31,16,1,06 Lylah Bannister,05 Megan Jarriel,0,0,0,0,0,0,0,0,0,1,0,9.908996,2.6416004,9.5504,0.9472222,0.44012344,0.75138885,0.41604936
ATX @ ATL,Week 1,ATL,ATX,4/10/2025 23:31,16,1,05 Megan Jarriel,06 Lylah Bannister,0,0,0,0,0,0,0,0,0,0,1,9.609543,3.5221305,-8.940801,0.75138885,0.41604936,0.9347222,0.38395062
ATX @ ATL,Week 1,ATL,ATX,4/10/2025 23:31,16,1,06 Lylah Bannister,17 Christina Marsicano,0,0,0,0,0,0,0,0,1,1,0,13.410855,-9.550399,9.414931,0.9347222,0.38395062,0.7416667,0.47098765
ATX @ ATL,Week 1,ATL,ATX,4/10/2025 23:31,16,1,17 Christina Marsicano,29 Soju Hokari,0,0,0,0,0,0,0,1,0,0,0,19.102722,-0.27093187,19.100801,0.7416667,0.47098765,0.35,0.47345677
ATX @ ATL,Week 1,ATL,ATX,4/10/2025 23:31,16,1,29 Soju Hokari,17 Christina Marsicano,0,0,0,0,0,0,0,1,0,0,0,21.99488,-2.844801,-21.810133,0.35,0.47345677,0.7972222,0.4993827
ATX @ ATL,Week 1,ATL,ATX,4/10/2025 23:31,16,1,17 Christina Marsicano,25 Katie Sanders,1,1,0,0,0,0,0,0,0,0,0,27.962057,8.127998,26.75467,0.7972222,0.4993827,0.24861106,0.42530864
ATX @ ATL,Week 1,ATL,ATX,4/10/2025 23:37,17,1,12 Emma Jaschke,14 Charlotte Doran,0,0,0,0,0,0,0,0,0,0,0,13.420261,6.163734,11.921065,0.70277774,0.52160496,0.45833334,0.4654321
ATX @ ATL,Week 1,ATL,ATX,4/10/2025 23:37,17,1,14 Charlotte Doran,44 Jordan Harn,0,0,0,0,0,0,0,0,0,0,0,15.048546,3.793069,14.56267,0.45833334,0.4654321,0.1597222,0.43086419
ATX @ ATL,Week 1,ATL,ATX,4/10/2025 23:37,17,1,44 Jordan Harn,14 Charlotte Doran,0,0,0,0,0,0,0,0,0,0,0,14.643095,0.60959834,-14.630401,0.1597222,0.43086419,0.4597222,0.42530864
ATX @ ATL,Week 1,ATL,ATX,4/10/2025 23:37,17,1,14 Charlotte Doran,44 Jordan Harn,0,0,0,0,0,0,0,0,1,0,0,17.470734,-9.008529,14.969068,0.4597222,0.42530864,0.15277773,0.50740737
ATX @ ATL,Week 1,ATL,ATX,4/10/2025 23:38,17,1,44 Jordan Harn,14 Charlotte Doran,0,0,0,0,0,0,0,0,0,0,0,26.16199,25.94186,-3.3866677,0.15277773,0.50740737,0.2222222,0.27098766
ATX @ ATL,Week 1,ATL,ATX,4/10/2025 23:38,17,1,14 Charlotte Doran,10 Mia Griner,1,1,0,1,0,0,0,0,0,0,1,16.325981,15.172267,6.0282674,0.2222222,0.27098766,0.09861107,0.13271604
ATX @ ATL,Week 1,ATL,ATX,4/10/2025 23:42,17,2,04 Chloe Greene,26 Morgan Lally,0,0,0,0,0,0,0,0,0,1,1,18.564987,18.558933,-0.4741353,0.08611107,0.73209876,0.09583333,0.56296295
ATX @ ATL,Week 1,ATL,ATX,4/10/2025 23:42,17,2,26 Morgan Lally,10 Mia Griner,1,1,0,0,0,0,0,0,0,1,1,17.979979,17.813866,-2.4384,0.09583333,0.56296295,0.14583333,0.40061727
ATX @ ATL,Week 1,ATL,ATX,4/10/2025 23:44,17,3,14 Charlotte Doran,57 Ximena Montana,0,0,0,0,0,0,0,0,0,1,1,21.132912,21.132803,-0.06773533,0.08611107,0.8067901,0.0875,0.6141975
ATX @ ATL,Week 1,ATL,ATX,4/10/2025 23:45,17,3,57 Ximena Montana,04 Chloe Greene,0,0,0,0,0,0,0,0,1,1,0,12.607323,-9.279473,-8.534399,0.0875,0.6141975,0.2625,0.69876546
ATX @ ATL,Week 1,ATL,ATX,4/10/2025 23:45,17,3,04 Chloe Greene,14 Charlotte Doran,0,0,0,0,0,0,0,0,0,0,0,10.858479,7.0442677,-8.263465,0.2625,0.69876546,0.4319444,0.6345679
ATX @ ATL,Week 1,ATL,ATX,4/10/2025 23:46,17,3,14 Charlotte Doran,44 Jordan Harn,0,0,0,0,0,0,0,0,0,0,0,14.462136,12.3952,7.4506645,0.4319444,0.6345679,0.27916667,0.52160496
ATX @ ATL,Week 1,ATL,ATX,4/10/2025 23:46,17,3,44 Jordan Harn,NA,1,1,0,0,0,0,0,0,1,0,0,26.615406,-22.62293,-14.020801,0.27916667,0.52160496,0.56666666,0.7277778
ATX @ ATL,Week 1,ATL,ATX,4/10/2025 23:49,17,4,11 Quincy Booth,01 Charlie Hawkins,0,0,0,0,0,0,0,1,0,0,0,17.472837,2.6415937,-17.272001,0.41111106,0.74691355,0.76527774,0.72283953
ATX @ ATL,Week 1,ATL,ATX,4/10/2025 23:49,17,4,01 Charlie Hawkins,57 Ximena Montana,0,0,0,0,0,0,0,0,0,0,0,17.28276,17.272005,0.6095994,0.76527774,0.72283953,0.75277776,0.5654321
ATX @ ATL,Week 1,ATL,ATX,4/10/2025 23:50,17,4,57 Ximena Montana,11 Quincy Booth,0,0,0,0,0,0,0,0,0,0,0,8.943106,8.940797,0.20319982,0.75277776,0.5654321,0.7486111,0.48395061
ATX @ ATL,Week 1,ATL,ATX,4/10/2025 23:50,17,4,11 Quincy Booth,57 Ximena Montana,0,0,0,0,0,0,0,0,0,0,0,15.300088,7.111999,13.546666,0.7486111,0.48395061,0.47083333,0.4191358
ATX @ ATL,Week 1,ATL,ATX,4/10/2025 23:50,17,4,57 Ximena Montana,26 Morgan Lally,0,0,0,0,0,0,0,0,0,0,0,12.551701,1.4901351,-12.462933,0.47083333,0.4191358,0.7263889,0.40555555
ATX @ ATL,Week 1,ATL,ATX,4/10/2025 23:50,17,4,26 Morgan Lally,11 Quincy Booth,0,0,0,0,0,0,0,0,1,0,1,9.387849,-5.621867,-7.518399,0.7263889,0.40555555,0.8805555,0.45679012
ATX @ ATL,Week 1,ATL,ATX,4/10/2025 23:53,17,4,11 Quincy Booth,33 Georgia Tse,0,0,0,0,0,0,0,0,0,1,0,16.314596,13.275733,9.482666,0.8805555,0.45679012,0.6861111,0.33580247
ATX @ ATL,Week 1,ATL,ATX,4/10/2025 23:53,17,4,33 Georgia Tse,57 Ximena Montana,0,0,0,0,0,0,0,0,0,0,0,11.370328,4.1994667,10.5664015,0.6861111,0.33580247,0.4694444,0.29753086
ATX @ ATL,Week 1,ATL,ATX,4/10/2025 23:54,17,4,57 Ximena Montana,33 Georgia Tse,0,0,0,0,0,0,0,0,0,0,0,14.3418865,3.5898683,-13.885336,0.4694444,0.29753086,0.75416666,0.2648148
ATX @ ATL,Week 1,ATL,ATX,4/10/2025 23:54,17,4,33 Georgia Tse,11 Quincy Booth,0,0,0,0,0,1,0,1,0,0,0,21.44592,-7.789335,19.981337,0.75416666,0.2648148,0.3444444,0.33580247
ATX @ ATL,Week 1,ATL,ATX,4/10/2025 23:55,17,4,11 Quincy Booth,05 Megan Jarriel,0,0,0,1,1,0,0,0,0,0,0,28.997227,21.268267,-19.710402,0.3444444,0.33580247,0.7486111,0.1419753
ATX @ ATL,Week 1,ATL,ATX,4/11/2025 0:03,18,1,10 Mia Griner,06 Lylah Bannister,0,0,0,0,0,0,0,0,0,0,0,15.368305,13.208001,7.8570685,0.33888894,0.6969136,0.1777778,0.5765432
ATX @ ATL,Week 1,ATL,ATX,4/11/2025 0:03,18,1,06 Lylah Bannister,NA,0,0,0,0,0,0,0,0,0,0,0,9.023545,1.2191967,-8.940801,0.1777778,0.5765432,0.36111113,0.56543213
ATX @ ATL,Week 1,ATL,ATX,4/11/2025 0:03,18,1,NA,11 Quincy Booth,0,0,0,0,0,0,0,0,0,0,0,9.658354,-0.8805269,9.618133,0.36111113,0.56543213,0.16388893,0.57345676
ATX @ ATL,Week 1,ATL,ATX,4/11/2025 0:04,18,1,11 Quincy Booth,09 Liv Ford,0,0,0,0,0,0,0,0,0,0,1,8.101992,7.586131,2.8448,0.16388893,0.57345676,0.1055556,0.504321
ATX @ ATL,Week 1,ATL,ATX,4/11/2025 0:04,18,1,09 Liv Ford,11 Quincy Booth,0,0,0,0,0,1,0,0,0,1,1,9.891152,9.889065,0.20320018,0.1055556,0.504321,0.10138893,0.41419753
ATX @ ATL,Week 1,ATL,ATX,4/11/2025 0:04,18,1,11 Quincy Booth,51 Lilli Popovich,0,0,0,1,1,0,1,0,0,1,0,45.291775,40.843197,-19.574934,0.10138893,0.41419753,0.5027778,0.04197531
ATX @ ATL,Week 1,ATL,ATX,4/11/2025 0:09,19,1,04 Chloe Greene,57 Ximena Montana,0,0,0,1,1,0,1,0,0,0,1,54.412804,50.66453,-19.845867,0.4694444,0.5728395,0.87638885,0.11111109
ATX @ ATL,Week 1,ATL,ATX,4/11/2025 0:13,20,1,29 Soju Hokari,14 Charlotte Doran,0,0,0,0,0,0,0,0,1,0,0,12.105144,-1.0837405,12.056534,0.6944445,0.6216049,0.44722226,0.6314815
ATX @ ATL,Week 1,ATL,ATX,4/11/2025 0:13,20,1,14 Charlotte Doran,29 Soju Hokari,0,0,0,0,0,0,0,1,0,0,0,14.981472,-0.60959506,-14.969065,0.44722226,0.6314815,0.75416666,0.63703704
ATX @ ATL,Week 1,ATL,ATX,4/11/2025 0:13,20,1,29 Soju Hokari,14 Charlotte Doran,0,0,0,0,0,0,0,0,0,0,1,11.907585,10.769595,-5.0800014,0.75416666,0.63703704,0.85833335,0.53888893
ATX @ ATL,Week 1,ATL,ATX,4/11/2025 0:13,20,1,14 Charlotte Doran,09 Liv Ford,0,0,0,0,0,0,0,1,0,1,0,19.171883,-4.8090615,18.558933,0.85833335,0.53888893,0.4777778,0.58271605
ATX @ ATL,Week 1,ATL,ATX,4/11/2025 0:13,20,1,09 Liv Ford,19 Elle Mayer,1,0,1,0,0,0,0,0,0,0,0,18.061825,16.797863,6.6378684,0.4777778,0.58271605,0.34166667,0.42962965
ATX @ ATL,Week 1,ATL,ATX,4/11/2025 0:14,20,2,29 Soju Hokari,14 Charlotte Doran,0,0,0,0,0,0,0,0,1,0,0,9.102012,-6.570135,6.2992015,0.4875,0.8469136,0.35833332,0.90679014
ATX @ ATL,Week 1,ATL,ATX,4/11/2025 0:15,20,2,14 Charlotte Doran,07 Allison Murphy,0,0,0,0,0,0,0,0,0,0,0,27.486803,14.901331,-23.097069,0.35833332,0.90679014,0.83194447,0.7709877
ATX @ ATL,Week 1,ATL,ATX,4/11/2025 0:15,20,2,07 Allison Murphy,09 Liv Ford,0,0,0,0,0,0,0,0,0,0,1,14.4870205,14.291736,-2.3706665,0.83194447,0.7709877,0.88055557,0.64074075
ATX @ ATL,Week 1,ATL,ATX,4/11/2025 0:15,20,2,09 Liv Ford,14 Charlotte Doran,0,0,0,0,0,0,0,0,1,1,0,12.813778,-8.466664,9.6181345,0.88055557,0.64074075,0.68333334,0.71790123
ATX @ ATL,Week 1,ATL,ATX,4/11/2025 0:15,20,2,14 Charlotte Doran,09 Liv Ford,0,0,0,0,0,0,0,0,1,0,0,8.485883,-2.4383998,-8.128001,0.68333334,0.71790123,0.85,0.74012345
ATX @ ATL,Week 1,ATL,ATX,4/11/2025 0:15,20,2,09 Liv Ford,29 Soju Hokari,1,1,0,0,0,0,1,0,0,0,0,48.838737,48.83573,0.54186517,0.85,0.74012345,0.83888894,0.29506174
ATX @ ATL,Week 1,ATL,ATX,4/11/2025 0:19,20,3,04 Chloe Greene,57 Ximena Montana,0,0,0,0,0,0,0,1,0,1,0,17.854511,5.0122657,-17.136534,0.0652778,0.46358025,0.41666666,0.41790125
ATX @ ATL,Week 1,ATL,ATX,4/11/2025 0:19,20,3,57 Ximena Montana,17 Christina Marsicano,0,0,0,0,0,0,0,0,1,0,0,15.932745,-9.753596,-12.598401,0.41666666,0.41790125,0.675,0.5067901
ATX @ ATL,Week 1,ATL,ATX,4/11/2025 0:19,20,3,17 Christina Marsicano,57 Ximena Montana,0,0,0,0,0,0,0,0,0,0,0,11.653279,11.108262,-3.522134,0.675,0.5067901,0.74722224,0.40555558
ATX @ ATL,Week 1,ATL,ATX,4/11/2025 0:19,20,3,57 Ximena Montana,12 Emma Jaschke,0,0,0,0,0,0,0,0,0,0,0,11.953543,11.921067,-0.8805335,0.74722224,0.40555558,0.7652778,0.2969136
ATX @ ATL,Week 1,ATL,ATX,4/11/2025 0:19,20,3,12 Emma Jaschke,26 Morgan Lally,0,0,0,0,0,1,0,0,0,0,1,12.887146,10.701867,-7.1797333,0.7652778,0.2969136,0.9125,0.19938272
ATX @ ATL,Week 1,ATL,ATX,4/11/2025 0:20,20,3,26 Morgan Lally,14 Charlotte Doran,0,0,0,1,1,0,0,0,0,1,1,9.41883,9.414932,0.27093405,0.9125,0.19938272,0.90694445,0.11358026
PHL @ INDY,Week 1,INDY,PHL,4/6/25 20:49,2,1,11 Tracey Lo,27 Eliza Hutchins,0,0,0,0,0,0,0,0,0,0,0,20.526295,15.261312,13.726657,0.4729021,0.55749804,0.19143356,0.41841492
PHL @ INDY,Week 1,INDY,PHL,4/6/25 20:49,2,1,27 Eliza Hutchins,11 Tracey Lo,0,0,0,0,0,0,0,0,1,0,0,9.613086,-9.548976,1.1083634,0.19143356,0.41841492,0.1687063,0.505439
PHL @ INDY,Week 1,INDY,PHL,4/6/25 20:49,2,1,11 Tracey Lo,17 Kristin Dudley,1,1,0,0,0,0,0,0,1,0,0,12.634414,-6.650182,-10.742602,0.1687063,0.505439,0.38898602,0.56604505
PHL @ INDY,Week 1,INDY,PHL,4/6/25 20:50,2,2,11 Tracey Lo,32 Shani Rosenthal,1,1,0,0,0,0,0,0,0,1,1,36.619797,36.576,-1.7904315,0.9047203,0.8045843,0.94143355,0.47125098
PHL @ INDY,Week 1,INDY,PHL,4/6/25 20:52,2,3,18 Laura Grencser,17 Kristin Dudley,0,0,0,0,0,0,0,0,1,0,0,9.380786,-1.2788833,-9.293202,0.2561189,0.6818182,0.4466783,0.6934732
PHL @ INDY,Week 1,INDY,PHL,4/6/25 20:52,2,3,17 Kristin Dudley,18 Laura Grencser,0,0,0,0,0,0,0,0,0,0,0,6.64909,5.0302677,-4.3481956,0.4466783,0.6934732,0.53583914,0.64763016
PHL @ INDY,Week 1,INDY,PHL,4/6/25 20:52,2,3,18 Laura Grencser,11 Tracey Lo,0,0,0,0,0,0,0,0,0,0,0,7.246997,4.3481994,-5.797597,0.53583914,0.64763016,0.6547203,0.6080031
PHL @ INDY,Week 1,INDY,PHL,4/6/25 20:54,2,3,11 Tracey Lo,04 Rachel Mast,0,0,0,0,0,0,0,0,0,0,0,14.505518,7.588028,12.362519,0.6547203,0.6080031,0.40122378,0.53885
PHL @ INDY,Week 1,INDY,PHL,4/6/25 20:54,2,3,04 Rachel Mast,17 Kristin Dudley,0,0,0,0,0,0,0,0,0,0,0,10.83893,3.3250875,10.316308,0.40122378,0.53885,0.18968531,0.508547
PHL @ INDY,Week 1,INDY,PHL,4/6/25 20:54,2,3,17 Kristin Dudley,32 Shani Rosenthal,0,0,0,0,0,0,0,0,0,0,0,16.465754,16.454935,-0.596811,0.18968531,0.508547,0.20192307,0.35858586
PHL @ INDY,Week 1,INDY,PHL,4/6/25 20:54,2,3,32 Shani Rosenthal,18 Laura Grencser,0,0,0,0,0,0,0,0,1,0,0,8.693466,-3.921903,-7.7585454,0.20192307,0.35858586,0.36101398,0.3943279
PHL @ INDY,Week 1,INDY,PHL,4/6/25 20:54,2,3,18 Laura Grencser,27 Eliza Hutchins,0,0,0,0,0,0,0,0,0,0,0,13.806915,9.634238,9.890014,0.36101398,0.3943279,0.15821679,0.3065268
PHL @ INDY,Week 1,INDY,PHL,4/6/25 20:55,2,3,27 Eliza Hutchins,11 Tracey Lo,0,0,0,0,0,0,0,0,1,0,0,6.60026,-3.1545722,-5.7975945,0.15821679,0.3065268,0.2770979,0.33527583
PHL @ INDY,Week 1,INDY,PHL,4/6/25 20:55,2,3,11 Tracey Lo,04 Rachel Mast,0,0,0,0,0,0,0,0,0,0,0,10.328983,-0.5115527,-10.316308,0.2770979,0.33527583,0.48863637,0.33993784
PHL @ INDY,Week 1,INDY,PHL,4/6/25 20:55,2,3,04 Rachel Mast,11 Tracey Lo,0,0,0,0,0,0,0,0,0,0,1,20.632792,9.634235,18.245373,0.48863637,0.33993784,0.11451049,0.25213677
PHL @ INDY,Week 1,INDY,PHL,4/6/25 20:55,2,3,11 Tracey Lo,04 Rachel Mast,0,0,0,0,0,0,0,0,0,1,0,9.728841,-0.42629337,-9.719497,0.11451049,0.25213677,0.31381118,0.25602177
PHL @ INDY,Week 1,INDY,PHL,4/6/25 20:56,2,3,04 Rachel Mast,11 Tracey Lo,0,0,0,0,0,0,0,0,0,0,0,10.691393,4.2629385,-9.804756,0.31381118,0.25602177,0.51486015,0.21717171
PHL @ INDY,Week 1,INDY,PHL,4/6/25 20:56,2,3,11 Tracey Lo,18 Laura Grencser,0,0,0,0,0,1,0,0,0,0,0,9.2477255,2.8987975,8.7816515,0.51486015,0.21717171,0.3347902,0.19075368
PHL @ INDY,Week 1,INDY,PHL,4/6/25 20:56,2,3,18 Laura Grencser,27 Eliza Hutchins,0,0,0,1,1,0,0,0,0,0,0,11.411302,7.076475,8.9521675,0.3347902,0.19075368,0.15122378,0.12626262
PHL @ INDY,Week 1,INDY,PHL,4/6/25 20:58,3,1,07 Annie Melink,40 Claire Milton,0,0,0,0,0,0,0,0,0,0,0,13.779777,13.556142,-2.4725032,0.77185315,0.5979021,0.82255244,0.47435898
PHL @ INDY,Week 1,INDY,PHL,4/6/25 20:58,3,1,40 Claire Milton,16 Riely Kuznicki,0,0,0,0,0,0,0,0,0,0,0,11.116381,11.083637,0.8525875,0.82255244,0.47435898,0.8050699,0.37334886
PHL @ INDY,Week 1,INDY,PHL,4/6/25 20:59,3,1,16 Riely Kuznicki,06 Risa Umeno,0,0,0,0,0,0,0,0,1,0,1,8.771713,-8.18484,-3.154575,0.8050699,0.37334886,0.86975527,0.44794095
PHL @ INDY,Week 1,INDY,PHL,4/6/25 20:59,3,1,06 Risa Umeno,19 Melissa Gibbs,0,0,0,0,0,0,0,0,0,1,0,10.10415,-0.93784606,10.060532,0.86975527,0.44794095,0.66346157,0.45648795
PHL @ INDY,Week 1,INDY,PHL,4/6/25 20:59,3,1,19 Melissa Gibbs,06 Risa Umeno,0,0,0,0,0,0,0,0,1,0,0,10.903127,-8.95217,6.223891,0.66346157,0.45648795,0.53583914,0.53807306
PHL @ INDY,Week 1,INDY,PHL,4/6/25 21:00,3,1,06 Risa Umeno,40 Claire Milton,0,0,0,0,0,0,0,0,0,0,0,12.206599,4.518715,-11.339413,0.53583914,0.53807306,0.7683566,0.496892
PHL @ INDY,Week 1,INDY,PHL,4/6/25 21:00,3,1,40 Claire Milton,10 Lexie Thomas,1,1,0,1,0,0,1,0,0,0,0,40.40113,40.242126,-3.5808687,0.7683566,0.496892,0.8417832,0.13014764
PHL @ INDY,Week 1,INDY,PHL,4/6/25 21:01,3,2,06 Risa Umeno,16 Riely Kuznicki,1,1,0,0,0,0,0,0,1,1,0,14.816881,-2.643026,-14.579246,0.04632867,0.8411033,0.34527972,0.8651904
PHL @ INDY,Week 1,INDY,PHL,4/6/25 21:03,4,1,17 Kristin Dudley,18 Laura Grencser,0,0,0,0,0,0,0,0,0,1,0,13.169648,1.0231054,-13.129848,0.07080419,0.5808081,0.34003496,0.5714841
PHL @ INDY,Week 1,INDY,PHL,4/6/25 21:03,4,1,18 Laura Grencser,04 Rachel Mast,0,0,0,0,0,0,0,0,0,0,0,10.49237,9.54898,-4.3481956,0.34003496,0.5714841,0.4291958,0.48446
PHL @ INDY,Week 1,INDY,PHL,4/6/25 21:03,4,1,04 Rachel Mast,27 Eliza Hutchins,0,0,0,0,0,0,0,0,0,0,0,12.405075,4.177681,-11.680449,0.4291958,0.48446,0.6687063,0.44638693
PHL @ INDY,Week 1,INDY,PHL,4/6/25 21:03,4,1,27 Eliza Hutchins,11 Tracey Lo,0,0,0,0,0,0,0,0,0,0,1,9.789916,3.325091,-9.207944,0.6687063,0.44638693,0.8575175,0.4160839
PHL @ INDY,Week 1,INDY,PHL,4/6/25 21:03,4,1,11 Tracey Lo,32 Shani Rosenthal,1,1,0,0,0,0,0,0,0,1,1,10.998375,10.998375,0.0,0.8575175,0.4160839,0.8575175,0.31585082
PHL @ INDY,Week 1,INDY,PHL,4/6/25 21:04,4,2,32 Shani Rosenthal,11 Tracey Lo,0,0,0,0,0,0,0,0,0,0,0,13.730897,13.726661,0.3410344,0.8050699,0.82944834,0.7980769,0.7043512
PHL @ INDY,Week 1,INDY,PHL,4/6/25 21:05,4,2,11 Tracey Lo,04 Rachel Mast,1,1,0,0,0,0,1,0,0,0,0,40.809376,40.753674,2.1314688,0.7980769,0.7043512,0.7543706,0.33294484
PHL @ INDY,Week 1,INDY,PHL,4/6/25 21:06,4,3,18 Laura Grencser,17 Kristin Dudley,0,0,0,0,0,0,0,0,0,0,0,10.495487,-0.4262901,-10.486826,0.1826923,0.63131315,0.39772728,0.6351981
PHL @ INDY,Week 1,INDY,PHL,4/6/25 21:07,4,3,17 Kristin Dudley,18 Laura Grencser,0,0,0,0,0,0,0,0,0,0,0,13.059068,2.6430194,-12.788812,0.39772728,0.6351981,0.65996504,0.6111111
PHL @ INDY,Week 1,INDY,PHL,4/6/25 21:07,4,3,18 Laura Grencser,04 Rachel Mast,0,0,0,0,0,0,0,0,0,0,0,11.260612,9.54898,-5.9681125,0.65996504,0.6111111,0.7823427,0.524087
PHL @ INDY,Week 1,INDY,PHL,4/6/25 21:07,4,3,04 Rachel Mast,18 Laura Grencser,0,0,0,0,0,0,0,0,0,0,0,8.821291,8.270096,-3.0693128,0.7823427,0.524087,0.8452797,0.44871795
PHL @ INDY,Week 1,INDY,PHL,4/6/25 21:07,4,3,18 Laura Grencser,11 Tracey Lo,0,0,0,0,0,0,0,1,0,0,0,17.933746,-5.286042,17.137007,0.8452797,0.44871795,0.4938811,0.496892
PHL @ INDY,Week 1,INDY,PHL,4/6/25 21:07,4,3,11 Tracey Lo,18 Laura Grencser,0,0,0,0,0,0,0,0,1,0,0,5.473188,-5.456561,0.42629376,0.4938811,0.496892,0.48513985,0.5466201
PHL @ INDY,Week 1,INDY,PHL,4/6/25 21:07,4,3,18 Laura Grencser,15 Sydney Loughran,0,0,0,0,0,0,0,0,0,0,0,17.0526,11.083637,12.959329,0.48513985,0.5466201,0.21940559,0.44560996
PHL @ INDY,Week 1,INDY,PHL,4/6/25 21:08,4,3,15 Sydney Loughran,17 Kristin Dudley,0,0,0,0,0,0,0,0,0,0,1,7.604776,5.115527,5.627077,0.21940559,0.44560996,0.104020976,0.3989899
PHL @ INDY,Week 1,INDY,PHL,4/6/25 21:08,4,3,17 Kristin Dudley,18 Laura Grencser,0,0,0,0,0,0,0,0,1,1,0,11.162061,-3.580869,-10.572084,0.104020976,0.3989899,0.3208042,0.43162394
PHL @ INDY,Week 1,INDY,PHL,4/6/25 21:08,4,3,18 Laura Grencser,04 Rachel Mast,0,0,0,0,0,0,0,0,0,0,0,12.098634,10.572084,5.882854,0.3208042,0.43162394,0.20017482,0.33527583
PHL @ INDY,Week 1,INDY,PHL,4/6/25 21:08,4,3,04 Rachel Mast,27 Eliza Hutchins,0,0,0,0,0,0,0,0,0,0,1,18.745293,17.392782,6.9912167,0.20017482,0.33527583,0.056818184,0.17676768
PHL @ INDY,Week 1,INDY,PHL,4/6/25 21:08,4,3,27 Eliza Hutchins,18 Laura Grencser,0,0,0,0,0,0,0,0,1,1,0,7.6623845,-5.2007833,-5.6270766,0.056818184,0.17676768,0.1722028,0.22416472
PHL @ INDY,Week 1,INDY,PHL,4/6/25 21:08,4,3,18 Laura Grencser,04 Rachel Mast,0,0,0,0,0,0,0,0,0,0,0,9.808091,-0.25577635,-9.804755,0.1722028,0.22416472,0.37325174,0.22649573
PHL @ INDY,Week 1,INDY,PHL,4/6/25 21:08,4,3,04 Rachel Mast,11 Tracey Lo,0,0,0,0,0,1,0,0,0,0,0,6.4998274,0.5115527,-6.4796658,0.37325174,0.22649573,0.5061189,0.22183372
PHL @ INDY,Week 1,INDY,PHL,4/6/25 21:08,4,3,11 Tracey Lo,04 Rachel Mast,0,0,0,1,1,0,0,0,0,0,1,21.933878,11.083636,-18.92744,0.5061189,0.22183372,0.8942308,0.12082362
PHL @ INDY,Week 1,INDY,PHL,4/6/25 21:12,6,1,18 Laura Grencser,17 Kristin Dudley,0,0,0,0,0,0,0,0,0,0,0,11.947485,3.4956062,-11.424672,0.5061189,0.66239315,0.74038464,0.63053614
PHL @ INDY,Week 1,INDY,PHL,4/6/25 21:12,6,1,17 Kristin Dudley,18 Laura Grencser,0,0,0,0,0,0,0,0,1,0,0,11.162058,-6.3091445,9.207944,0.74038464,0.63053614,0.55157346,0.6880342
PHL @ INDY,Week 1,INDY,PHL,4/6/25 21:12,6,1,18 Laura Grencser,17 Kristin Dudley,0,0,0,0,0,0,0,0,0,0,0,8.851319,1.1083647,-8.781651,0.55157346,0.6880342,0.7316434,0.67793316
PHL @ INDY,Week 1,INDY,PHL,4/6/25 21:12,6,1,17 Kristin Dudley,04 Rachel Mast,0,0,0,0,0,0,0,0,1,0,0,14.1868105,-3.2398348,13.811917,0.7316434,0.67793316,0.44842657,0.7074592
PHL @ INDY,Week 1,INDY,PHL,4/6/25 21:13,6,1,04 Rachel Mast,82 Riley Dickson,1,0,1,0,0,0,0,0,0,0,0,14.60739,10.827863,9.804756,0.44842657,0.7074592,0.24737762,0.6087801
PHL @ INDY,Week 1,INDY,PHL,4/6/25 21:14,6,2,11 Tracey Lo,18 Laura Grencser,0,0,0,0,0,0,0,0,1,1,0,11.409708,-4.6892304,10.401566,0.87674826,0.75174826,0.66346157,0.7944833
PHL @ INDY,Week 1,INDY,PHL,4/6/25 21:14,6,2,18 Laura Grencser,11 Tracey Lo,0,0,0,0,0,0,0,0,0,0,1,11.75767,7.417509,-9.1226845,0.66346157,0.7944833,0.8505245,0.72688425
PHL @ INDY,Week 1,INDY,PHL,4/6/25 21:15,6,2,11 Tracey Lo,27 Eliza Hutchins,1,0,1,0,0,0,0,0,0,1,0,12.856274,11.6804495,5.3713,0.8505245,0.72688425,0.74038464,0.6204351
PHL @ INDY,Week 1,INDY,PHL,4/6/25 21:16,7,1,18 Laura Grencser,11 Tracey Lo,0,0,0,0,0,0,0,0,1,1,0,10.069556,-6.9912124,-7.246994,0.08304196,0.61499614,0.23164336,0.67871016
PHL @ INDY,Week 1,INDY,PHL,4/6/25 21:16,7,1,11 Tracey Lo,77 Katrina McGuire,0,0,0,0,0,0,1,0,0,0,0,46.25583,45.869198,-5.968112,0.23164336,0.67871016,0.35402098,0.26068377
PHL @ INDY,Week 1,INDY,PHL,4/6/25 21:16,7,1,77 Katrina McGuire,04 Rachel Mast,0,0,0,0,0,0,0,0,1,0,0,10.260138,-4.348193,9.293203,0.35402098,0.26068377,0.16346154,0.3003108
PHL @ INDY,Week 1,INDY,PHL,4/6/25 21:16,7,1,04 Rachel Mast,27 Eliza Hutchins,1,1,0,0,0,0,0,0,0,0,0,14.008401,13.982431,-0.8525875,0.16346154,0.3003108,0.18094406,0.17288268
PHL @ INDY,Week 1,INDY,PHL,4/6/25 21:17,7,2,11 Tracey Lo,77 Katrina McGuire,0,0,0,0,0,0,0,0,0,0,0,9.261861,3.4103487,8.611132,0.6127622,0.26689976,0.43618882,0.23581974
PHL @ INDY,Week 1,INDY,PHL,4/6/25 21:18,7,2,77 Katrina McGuire,18 Laura Grencser,0,0,0,0,0,1,0,0,0,0,0,6.8658447,2.8987975,6.2238894,0.43618882,0.23581974,0.30856642,0.20940171
PHL @ INDY,Week 1,INDY,PHL,4/6/25 21:18,7,2,18 Laura Grencser,77 Katrina McGuire,0,0,0,1,1,0,0,0,0,0,0,7.584194,7.5027685,-1.1083641,0.30856642,0.20940171,0.3312937,0.14102565
PHL @ INDY,Week 1,INDY,PHL,4/6/25 21:19,8,1,07 Annie Melink,77 Katrina McGuire,0,0,0,0,0,0,0,1,0,0,0,19.61637,5.4565578,18.842184,0.7666084,0.67871016,0.38024476,0.6289821
PHL @ INDY,Week 1,INDY,PHL,4/6/25 21:19,8,1,77 Katrina McGuire,40 Claire Milton,0,0,0,0,0,0,0,0,0,0,0,8.920034,5.20078,-7.2469926,0.38024476,0.6289821,0.52884614,0.5815851
PHL @ INDY,Week 1,INDY,PHL,4/6/25 21:20,8,1,40 Claire Milton,19 Melissa Gibbs,0,0,0,0,0,0,0,0,0,0,0,17.48137,17.478045,0.3410344,0.52884614,0.5815851,0.52185315,0.42229992
PHL @ INDY,Week 1,INDY,PHL,4/6/25 21:20,8,1,19 Melissa Gibbs,09 Corinn Rains,0,0,0,0,0,0,0,0,0,0,0,10.5017185,5.6270766,8.86691,0.52185315,0.42229992,0.34003496,0.37101787
PHL @ INDY,Week 1,INDY,PHL,4/6/25 21:20,8,1,09 Corinn Rains,16 Riely Kuznicki,0,0,0,0,0,0,0,0,0,0,0,7.620054,4.9450083,-5.7975955,0.34003496,0.37101787,0.4589161,0.3259518
PHL @ INDY,Week 1,INDY,PHL,4/6/25 21:21,8,1,16 Riely Kuznicki,23 Lili Hobday,0,0,0,0,0,0,0,0,1,0,0,17.428272,-8.099581,-15.431833,0.4589161,0.3259518,0.7753497,0.3997669
PHL @ INDY,Week 1,INDY,PHL,4/6/25 21:21,8,1,23 Lili Hobday,77 Katrina McGuire,0,0,0,0,0,0,0,0,1,0,1,6.659467,-2.1314702,-6.309147,0.7753497,0.3997669,0.9047203,0.41919193
PHL @ INDY,Week 1,INDY,PHL,4/6/25 21:21,8,1,77 Katrina McGuire,23 Lili Hobday,1,1,0,1,0,0,0,0,0,1,1,31.46059,31.460476,-0.08525643,0.9047203,0.41919193,0.9064685,0.13247864
PHL @ INDY,Week 1,INDY,PHL,4/6/25 21:22,8,2,09 Corinn Rains,07 Annie Melink,0,0,0,0,0,0,0,0,1,0,0,12.756086,-7.5027685,-10.316308,0.29458043,0.66239315,0.5061189,0.7307692
PHL @ INDY,Week 1,INDY,PHL,4/6/25 21:22,8,2,07 Annie Melink,09 Corinn Rains,0,0,0,0,0,0,0,0,0,0,0,11.937441,8.355355,-8.525875,0.5061189,0.7307692,0.6809441,0.65462315
PHL @ INDY,Week 1,INDY,PHL,4/6/25 21:22,8,2,09 Corinn Rains,16 Riely Kuznicki,0,0,0,0,0,0,0,0,0,0,0,19.096819,12.533036,14.408729,0.6809441,0.65462315,0.38548952,0.540404
PHL @ INDY,Week 1,INDY,PHL,4/6/25 21:22,8,2,16 Riely Kuznicki,07 Annie Melink,0,0,0,0,0,0,0,0,1,0,0,12.959609,-7.843806,-10.316307,0.38548952,0.540404,0.59702796,0.6118881
PHL @ INDY,Week 1,INDY,PHL,4/6/25 21:22,8,2,07 Annie Melink,23 Lili Hobday,0,0,0,0,0,0,0,0,0,0,0,12.37662,8.270096,-9.207944,0.59702796,0.6118881,0.78583914,0.53651905
PHL @ INDY,Week 1,INDY,PHL,4/6/25 21:23,8,3,77 Katrina McGuire,19 Melissa Gibbs,0,0,0,0,0,0,0,0,0,0,0,17.693806,11.765702,13.215105,0.5568182,0.7393162,0.28583917,0.63209015
PHL @ INDY,Week 1,INDY,PHL,4/6/25 21:23,8,3,19 Melissa Gibbs,77 Katrina McGuire,0,0,0,0,0,0,0,0,1,0,0,13.231594,-6.0533667,-11.765705,0.28583917,0.63209015,0.5270979,0.6872572
PHL @ INDY,Week 1,INDY,PHL,4/6/25 21:23,8,3,77 Katrina McGuire,09 Corinn Rains,0,0,0,0,0,0,0,0,0,0,0,10.983492,9.719491,-5.1155252,0.5270979,0.6872572,0.631993,0.5986791
PHL @ INDY,Week 1,INDY,PHL,4/6/25 21:23,8,3,09 Corinn Rains,23 Lili Hobday,1,1,0,0,0,0,1,0,0,0,0,38.725307,37.940144,-7.758547,0.631993,0.5986791,0.79108393,0.25291374
PHL @ INDY,Week 1,INDY,PHL,4/6/25 21:27,9,1,11 Tracey Lo,32 Shani Rosenthal,1,0,1,0,0,0,0,0,0,0,0,14.99318,11.765705,-9.293202,0.4589161,0.55827504,0.6494755,0.45104894
PHL @ INDY,Week 1,INDY,PHL,4/6/25 21:28,9,2,18 Laura Grencser,29 Emily Hess,0,0,0,0,0,0,0,0,0,0,0,12.620885,5.7123356,-11.254153,0.32255244,0.8333333,0.55332166,0.78127426
PHL @ INDY,Week 1,INDY,PHL,4/6/25 21:28,9,2,29 Emily Hess,11 Tracey Lo,0,0,0,0,0,0,0,0,0,0,0,12.824283,7.843799,10.145789,0.55332166,0.78127426,0.34527972,0.7097902
PHL @ INDY,Week 1,INDY,PHL,4/6/25 21:29,9,2,11 Tracey Lo,32 Shani Rosenthal,0,0,0,0,0,0,0,0,0,0,1,18.35936,13.726661,12.192,0.34527972,0.7097902,0.09527972,0.5846931
PHL @ INDY,Week 1,INDY,PHL,4/6/25 21:29,9,2,32 Shani Rosenthal,11 Tracey Lo,0,0,0,0,0,0,0,0,0,1,0,12.225343,2.6430194,-11.936224,0.09527972,0.5846931,0.34003496,0.56060606
PHL @ INDY,Week 1,INDY,PHL,4/6/25 21:29,9,2,11 Tracey Lo,18 Laura Grencser,0,0,0,0,0,0,0,0,0,0,0,9.851721,3.921903,9.037427,0.34003496,0.56060606,0.15472028,0.524864
PHL @ INDY,Week 1,INDY,PHL,4/6/25 21:29,9,2,18 Laura Grencser,11 Tracey Lo,0,0,0,0,0,0,0,0,1,0,0,6.01724,-5.968114,-0.7673289,0.15472028,0.524864,0.17045455,0.5792541
PHL @ INDY,Week 1,INDY,PHL,4/6/25 21:29,9,2,11 Tracey Lo,18 Laura Grencser,0,0,0,0,0,0,0,0,1,0,0,7.5899434,-7.588028,-0.1705172,0.17045455,0.5792541,0.17395104,0.64840716
PHL @ INDY,Week 1,INDY,PHL,4/6/25 21:29,9,2,18 Laura Grencser,11 Tracey Lo,0,0,0,0,0,0,0,0,0,0,0,7.4273033,5.541817,-4.9450073,0.17395104,0.64840716,0.27534965,0.5979021
PHL @ INDY,Week 1,INDY,PHL,4/6/25 21:29,9,2,11 Tracey Lo,91 Samantha Phillips,0,0,0,0,0,0,0,0,0,0,1,12.6324,9.54898,8.270098,0.27534965,0.5979021,0.10576923,0.510878
PHL @ INDY,Week 1,INDY,PHL,4/6/25 21:29,9,2,91 Samantha Phillips,11 Tracey Lo,0,0,0,0,0,0,0,0,1,1,0,14.637213,-8.099577,-12.191999,0.10576923,0.510878,0.35576922,0.5846931
PHL @ INDY,Week 1,INDY,PHL,4/6/25 21:29,9,2,11 Tracey Lo,18 Laura Grencser,0,0,0,0,0,0,0,0,1,0,0,6.2098603,-6.1386323,0.9378454,0.35576922,0.5846931,0.33653846,0.64063716
PHL @ INDY,Week 1,INDY,PHL,4/6/25 21:30,9,2,18 Laura Grencser,11 Tracey Lo,1,1,0,0,0,0,0,0,0,0,1,32.670567,30.60789,11.424672,0.33653846,0.64063716,0.10227273,0.36169386
PHL @ INDY,Week 1,INDY,PHL,4/6/25 21:31,10,1,11 Tracey Lo,18 Laura Grencser,0,0,0,0,0,0,0,0,0,0,0,13.942084,9.378461,10.316307,0.6896853,0.6802642,0.47814685,0.5947941
PHL @ INDY,Week 1,INDY,PHL,4/6/25 21:31,10,1,18 Laura Grencser,11 Tracey Lo,0,0,0,0,0,0,0,0,1,0,0,8.28722,-4.9450083,-6.6501813,0.47814685,0.5947941,0.6145105,0.63986015
PHL @ INDY,Week 1,INDY,PHL,4/6/25 21:31,10,1,11 Tracey Lo,27 Eliza Hutchins,0,0,0,0,0,0,0,0,0,0,0,18.798925,16.710714,8.611133,0.6145105,0.63986015,0.43793705,0.487568
PHL @ INDY,Week 1,INDY,PHL,4/6/25 21:31,10,1,27 Eliza Hutchins,04 Rachel Mast,0,0,0,0,0,0,0,0,0,0,0,7.009908,5.286042,-4.6039734,0.43793705,0.487568,0.5323427,0.43939394
PHL @ INDY,Week 1,INDY,PHL,4/6/25 21:31,10,1,04 Rachel Mast,32 Shani Rosenthal,0,0,0,0,0,0,0,0,0,0,0,11.436119,0.5115527,11.424672,0.5323427,0.43939394,0.29807693,0.43473193
PHL @ INDY,Week 1,INDY,PHL,4/6/25 21:31,10,1,32 Shani Rosenthal,11 Tracey Lo,0,0,0,0,0,0,0,0,1,0,0,5.990604,-5.456561,2.472504,0.29807693,0.43473193,0.24737762,0.48446
PHL @ INDY,Week 1,INDY,PHL,4/6/25 21:32,10,1,11 Tracey Lo,18 Laura Grencser,0,0,0,0,0,0,0,0,1,0,0,12.837601,-3.7513843,-12.27726,0.24737762,0.48446,0.49912587,0.518648
PHL @ INDY,Week 1,INDY,PHL,4/6/25 21:32,10,1,18 Laura Grencser,04 Rachel Mast,0,0,0,0,0,0,0,0,0,0,0,11.554055,5.0302677,-10.401567,0.49912587,0.518648,0.7124126,0.47280496
PHL @ INDY,Week 1,INDY,PHL,4/6/25 21:32,10,1,04 Rachel Mast,18 Laura Grencser,0,0,0,0,0,0,0,0,0,0,0,10.783462,9.037427,-5.8828535,0.7124126,0.47280496,0.83304197,0.39044288
PHL @ INDY,Week 1,INDY,PHL,4/6/25 21:32,10,1,18 Laura Grencser,32 Shani Rosenthal,0,0,0,0,0,0,0,0,0,0,1,11.934394,11.509928,-3.154572,0.83304197,0.39044288,0.89772725,0.2855478
PHL @ INDY,Week 1,INDY,PHL,4/6/25 21:33,10,1,32 Shani Rosenthal,18 Laura Grencser,0,0,0,0,0,1,0,0,0,1,1,5.5424743,5.5418186,-0.08525933,0.89772725,0.2855478,0.8994755,0.23504274
PHL @ INDY,Week 1,INDY,PHL,4/6/25 21:33,10,1,18 Laura Grencser,77 Katrina McGuire,0,0,0,1,1,0,0,0,0,1,1,13.386708,13.385622,0.17051576,0.8994755,0.23504274,0.89597905,0.11305361
PHL @ INDY,Week 1,INDY,PHL,4/6/25 21:35,12,1,17 Kristin Dudley,18 Laura Grencser,0,0,0,0,0,0,0,0,0,0,0,12.182456,6.4796634,-10.316307,0.29807693,0.75796425,0.50961536,0.6989122
PHL @ INDY,Week 1,INDY,PHL,4/6/25 21:35,12,1,18 Laura Grencser,17 Kristin Dudley,0,0,0,0,0,0,0,0,0,0,0,10.751056,0.42629665,10.7426,0.50961536,0.6989122,0.28933567,0.6950272
PHL @ INDY,Week 1,INDY,PHL,4/6/25 21:35,12,1,17 Kristin Dudley,18 Laura Grencser,0,0,0,0,0,0,0,0,0,0,0,9.995656,4.77449,-8.781651,0.28933567,0.6950272,0.4694056,0.6515151
PHL @ INDY,Week 1,INDY,PHL,4/6/25 21:35,12,1,18 Laura Grencser,11 Tracey Lo,0,0,0,0,0,0,0,0,0,0,0,10.076412,4.092415,-9.207944,0.4694056,0.6515151,0.6582168,0.6142191
PHL @ INDY,Week 1,INDY,PHL,4/6/25 21:35,12,1,11 Tracey Lo,18 Laura Grencser,0,0,0,0,0,0,0,0,1,0,0,8.878789,-6.650182,-5.8828535,0.6582168,0.6142191,0.77884614,0.6748252
PHL @ INDY,Week 1,INDY,PHL,4/6/25 21:35,12,1,18 Laura Grencser,32 Shani Rosenthal,0,0,0,0,0,0,0,0,0,0,0,12.362811,12.362517,-0.08525933,0.77884614,0.6748252,0.7805944,0.5621601
PHL @ INDY,Week 1,INDY,PHL,4/6/25 21:35,12,1,32 Shani Rosenthal,27 Eliza Hutchins,1,1,0,0,0,0,0,0,0,0,1,30.54239,29.584784,-7.5880284,0.7805944,0.5621601,0.9361888,0.2925408
PHL @ INDY,Week 1,INDY,PHL,4/6/25 21:41,13,1,77 Katrina McGuire,17 Kristin Dudley,0,0,0,0,0,0,0,0,1,0,0,9.242612,-5.6270766,-7.33225,0.56555945,0.67171717,0.71590906,0.7229992
PHL @ INDY,Week 1,INDY,PHL,4/6/25 21:42,13,1,17 Kristin Dudley,15 Sydney Loughran,1,1,0,0,0,0,0,0,0,0,0,23.29608,23.190374,-2.2167282,0.71590906,0.7229992,0.7613636,0.51165503
PHL @ INDY,Week 1,INDY,PHL,4/6/25 21:44,13,2,11 Tracey Lo,18 Laura Grencser,0,0,0,0,0,0,0,0,1,0,0,12.506329,-11.168897,5.6270766,0.40821677,0.487568,0.29283217,0.5893551
PHL @ INDY,Week 1,INDY,PHL,4/6/25 21:44,13,2,18 Laura Grencser,11 Tracey Lo,0,0,0,0,0,0,0,0,0,0,0,11.885265,9.54898,-7.076475,0.29283217,0.5893551,0.43793705,0.502331
PHL @ INDY,Week 1,INDY,PHL,4/6/25 21:44,13,2,11 Tracey Lo,77 Katrina McGuire,0,0,0,0,0,0,0,0,0,0,0,10.624895,8.611134,6.223888,0.43793705,0.502331,0.3103147,0.42385393
PHL @ INDY,Week 1,INDY,PHL,4/6/25 21:44,13,2,77 Katrina McGuire,27 Eliza Hutchins,0,0,0,0,0,0,0,0,0,0,0,9.214652,8.525874,-3.4956079,0.3103147,0.42385393,0.381993,0.34615386
PHL @ INDY,Week 1,INDY,PHL,4/6/25 21:44,13,2,27 Eliza Hutchins,04 Rachel Mast,0,0,0,0,0,0,0,0,0,0,0,14.167582,13.811916,3.1545734,0.381993,0.34615386,0.31730768,0.22027972
PHL @ INDY,Week 1,INDY,PHL,4/6/25 21:45,13,2,04 Rachel Mast,17 Kristin Dudley,1,1,0,1,0,0,0,0,0,0,0,13.541118,12.277259,5.7123356,0.31730768,0.22027972,0.20017482,0.108391605
PHL @ INDY,Week 1,INDY,PHL,4/6/25 21:47,13,3,18 Laura Grencser,11 Tracey Lo,0,0,0,0,0,0,0,0,1,0,0,8.159934,-3.5808656,-7.332252,0.33828673,0.491453,0.48863637,0.524087
PHL @ INDY,Week 1,INDY,PHL,4/6/25 21:47,13,3,11 Tracey Lo,15 Sydney Loughran,0,0,0,0,0,0,0,0,0,0,0,17.175985,9.975269,-13.982435,0.48863637,0.524087,0.7753497,0.43317795
PHL @ INDY,Week 1,INDY,PHL,4/6/25 21:47,13,3,15 Sydney Loughran,77 Katrina McGuire,0,0,0,0,0,0,0,0,0,0,1,11.64024,9.890017,-6.1386285,0.7753497,0.43317795,0.9012238,0.34304583
PHL @ INDY,Week 1,INDY,PHL,4/6/25 21:48,13,3,77 Katrina McGuire,11 Tracey Lo,0,0,0,0,0,0,0,0,1,1,0,14.741631,-7.332253,12.788813,0.9012238,0.34304583,0.638986,0.4098679
PHL @ INDY,Week 1,INDY,PHL,4/6/25 21:48,13,3,11 Tracey Lo,04 Rachel Mast,0,0,0,0,0,0,0,1,0,0,0,20.391817,7.588028,18.92744,0.638986,0.4098679,0.25087413,0.34071484
PHL @ INDY,Week 1,INDY,PHL,4/6/25 21:48,13,3,04 Rachel Mast,18 Laura Grencser,0,0,0,0,0,1,0,0,0,0,0,12.0045395,1.2788801,-11.936224,0.25087413,0.34071484,0.49562937,0.32905984
PHL @ INDY,Week 1,INDY,PHL,4/6/25 21:48,13,3,18 Laura Grencser,27 Eliza Hutchins,0,0,0,1,1,0,0,0,0,0,0,20.995821,19.609512,7.502769,0.49562937,0.32905984,0.34178323,0.15034965
PHL @ INDY,Week 1,INDY,PHL,4/6/25 21:57,15,1,11 Tracey Lo,91 Samantha Phillips,1,0,1,0,0,0,0,1,0,0,0,17.432232,6.650182,16.113901,0.60402095,0.63752913,0.2736014,0.5769231
PHL @ INDY,Week 1,INDY,PHL,4/6/25 21:59,15,2,11 Tracey Lo,77 Katrina McGuire,0,0,0,0,0,0,0,0,0,0,0,14.889799,7.33225,12.95933,0.7124126,0.6033411,0.4466783,0.53651905
PHL @ INDY,Week 1,INDY,PHL,4/6/25 21:59,15,2,77 Katrina McGuire,32 Shani Rosenthal,0,0,0,0,0,0,0,1,0,0,0,18.259907,5.286042,-17.478043,0.4466783,0.53651905,0.8050699,0.488345
PHL @ INDY,Week 1,INDY,PHL,4/6/25 21:59,15,2,32 Shani Rosenthal,77 Katrina McGuire,0,0,0,0,0,0,0,0,1,0,0,10.668588,-10.486822,-1.9609501,0.8050699,0.488345,0.8452797,0.58391607
PHL @ INDY,Week 1,INDY,PHL,4/6/25 21:59,15,2,77 Katrina McGuire,04 Rachel Mast,0,0,0,0,0,0,0,1,0,0,0,29.085732,-0.85258675,29.073233,0.8452797,0.58391607,0.24912587,0.59168607
PHL @ INDY,Week 1,INDY,PHL,4/6/25 22:02,15,2,04 Rachel Mast,77 Katrina McGuire,0,0,0,0,0,0,0,0,1,0,0,10.861041,-4.0924215,-10.060532,0.24912587,0.59168607,0.45541957,0.6289821
PHL @ INDY,Week 1,INDY,PHL,4/6/25 22:02,15,2,77 Katrina McGuire,11 Tracey Lo,0,0,0,0,0,0,0,0,0,0,0,14.806573,9.207942,11.595189,0.45541957,0.6289821,0.21765734,0.54506606
PHL @ INDY,Week 1,INDY,PHL,4/6/25 22:03,15,2,11 Tracey Lo,18 Laura Grencser,0,0,0,0,0,0,0,0,0,0,1,23.549477,23.275637,3.5808673,0.21765734,0.54506606,0.14423077,0.33294484
PHL @ INDY,Week 1,INDY,PHL,4/6/25 22:03,15,2,18 Laura Grencser,32 Shani Rosenthal,1,1,0,0,0,0,0,0,0,1,0,14.490226,14.408729,-1.5346571,0.14423077,0.33294484,0.1756993,0.2016317
PHL @ INDY,Week 1,INDY,PHL,4/6/25 22:05,15,3,18 Laura Grencser,11 Tracey Lo,0,0,0,0,0,0,0,0,1,0,0,10.935741,-10.7426,-2.0462096,0.2631119,0.31507382,0.30506992,0.4129759
PHL @ INDY,Week 1,INDY,PHL,4/6/25 22:05,15,3,11 Tracey Lo,04 Rachel Mast,1,1,0,0,0,0,0,0,0,0,1,28.487265,25.236586,13.215105,0.30506992,0.4129759,0.03409091,0.18298368
PHL @ INDY,Week 1,INDY,PHL,4/6/25 22:09,15,4,18 Laura Grencser,77 Katrina McGuire,0,0,0,0,0,1,0,0,0,0,0,10.868067,10.23105,-3.6661282,0.7263986,0.34071484,0.80157346,0.24747474
PHL @ INDY,Week 1,INDY,PHL,4/6/25 22:09,15,4,77 Katrina McGuire,18 Laura Grencser,0,0,0,1,1,0,0,0,0,0,1,16.214859,14.749763,-6.735438,0.80157346,0.24747474,0.9396853,0.11305361
PHL @ INDY,Week 1,INDY,PHL,4/6/25 22:18,16,1,23 Lili Hobday,18 Laura Grencser,0,0,0,0,0,0,0,0,1,0,0,5.6050735,-2.4725041,-5.030266,0.34527972,0.3997669,0.44842657,0.42229992
PHL @ INDY,Week 1,INDY,PHL,4/6/25 22:19,16,1,18 Laura Grencser,11 Tracey Lo,0,0,0,0,0,0,0,0,1,0,0,5.8729596,-5.7123356,1.3641406,0.44842657,0.42229992,0.42045453,0.47435898
PHL @ INDY,Week 1,INDY,PHL,4/6/25 22:19,16,1,11 Tracey Lo,18 Laura Grencser,0,0,0,0,0,0,0,0,0,0,0,13.895869,3.4103503,-13.470883,0.42045453,0.47435898,0.69667834,0.44327894
PHL @ INDY,Week 1,INDY,PHL,4/6/25 22:19,16,1,18 Laura Grencser,04 Rachel Mast,0,0,0,0,0,0,0,0,0,0,0,9.671889,8.099581,-5.286041,0.69667834,0.44327894,0.8050699,0.36946386
PHL @ INDY,Week 1,INDY,PHL,4/6/25 22:19,16,1,04 Rachel Mast,18 Laura Grencser,0,0,0,0,0,0,0,0,1,0,0,9.068743,-1.4493988,8.952169,0.8050699,0.36946386,0.6215035,0.38267288
PHL @ INDY,Week 1,INDY,PHL,4/6/25 22:19,16,1,18 Laura Grencser,11 Tracey Lo,0,0,0,0,0,1,0,0,0,0,0,15.968667,8.014321,13.811914,0.6215035,0.38267288,0.33828673,0.3096348
PHL @ INDY,Week 1,INDY,PHL,4/6/25 22:19,16,1,11 Tracey Lo,91 Samantha Phillips,0,0,0,1,1,0,0,0,0,0,0,22.28925,22.252531,1.2788813,0.33828673,0.3096348,0.31206295,0.10683761
PHL @ INDY,Week 1,INDY,PHL,4/6/25 22:22,17,1,06 Risa Umeno,07 Annie Melink,0,0,0,0,0,0,0,0,1,0,0,10.0218,-1.6199142,-9.890013,0.60926574,0.44172496,0.8120629,0.45648795
PHL @ INDY,Week 1,INDY,PHL,4/6/25 22:22,17,1,07 Annie Melink,18 Laura Grencser,0,0,0,0,0,0,0,1,0,0,0,16.888119,-3.4103503,16.540195,0.8120629,0.45648795,0.4729021,0.487568
PHL @ INDY,Week 1,INDY,PHL,4/6/25 22:26,17,1,18 Laura Grencser,11 Tracey Lo,0,0,0,0,0,0,0,0,1,0,0,8.158601,-4.6039743,-6.735442,0.4729021,0.487568,0.611014,0.52952605
PHL @ INDY,Week 1,INDY,PHL,4/6/25 22:26,17,1,11 Tracey Lo,18 Laura Grencser,0,0,0,0,0,0,0,0,0,0,0,9.7437725,2.643026,-9.37846,0.611014,0.52952605,0.80332166,0.505439
PHL @ INDY,Week 1,INDY,PHL,4/6/25 22:26,17,1,18 Laura Grencser,27 Eliza Hutchins,0,0,0,0,0,0,0,0,0,0,0,18.824425,18.586403,2.9840562,0.80332166,0.505439,0.74213284,0.33605283
PHL @ INDY,Week 1,INDY,PHL,4/6/25 22:27,17,1,27 Eliza Hutchins,04 Rachel Mast,0,0,0,0,0,0,0,0,0,0,0,7.235449,6.735441,2.643019,0.74213284,0.33605283,0.6879371,0.27466977
PHL @ INDY,Week 1,INDY,PHL,4/6/25 22:27,17,1,04 Rachel Mast,11 Tracey Lo,0,0,0,0,0,0,0,0,1,0,0,12.418837,-7.1617346,10.145791,0.6879371,0.27466977,0.4798951,0.33993784
PHL @ INDY,Week 1,INDY,PHL,4/6/25 22:27,17,1,11 Tracey Lo,04 Rachel Mast,0,0,0,0,0,0,0,0,0,0,0,15.233665,4.6892304,14.493988,0.4798951,0.33993784,0.1826923,0.2972028
PHL @ INDY,Week 1,INDY,PHL,4/6/25 22:27,17,1,04 Rachel Mast,11 Tracey Lo,0,0,0,0,0,0,0,0,1,0,0,7.332253,-7.332253,0.0,0.1826923,0.2972028,0.1826923,0.36402488
PHL @ INDY,Week 1,INDY,PHL,4/6/25 22:27,17,1,11 Tracey Lo,18 Laura Grencser,0,0,0,0,0,0,0,0,0,0,1,13.866019,13.726659,1.9609509,0.1826923,0.36402488,0.14248252,0.23892774
PHL @ INDY,Week 1,INDY,PHL,4/6/25 22:28,17,1,18 Laura Grencser,11 Tracey Lo,0,0,0,0,0,1,0,0,0,1,0,6.143956,-0.25577635,-6.13863,0.14248252,0.23892774,0.26835665,0.24125874
PHL @ INDY,Week 1,INDY,PHL,4/6/25 22:28,17,1,11 Tracey Lo,77 Katrina McGuire,0,0,0,1,1,0,0,0,0,0,1,14.041574,12.788811,5.7975945,0.26835665,0.24125874,0.14947553,0.12470862
PHL @ INDY,Week 1,INDY,PHL,4/6/25 22:33,18,1,18 Laura Grencser,11 Tracey Lo,0,0,0,0,0,0,0,0,1,0,1,8.578994,-1.5346549,8.440615,0.30506992,0.63131315,0.13199301,0.64529914
PHL @ INDY,Week 1,INDY,PHL,4/6/25 22:33,18,1,11 Tracey Lo,27 Eliza Hutchins,0,0,0,0,0,0,0,0,0,1,1,20.781107,20.717873,1.6199164,0.13199301,0.64529914,0.09877622,0.45648795
PHL @ INDY,Week 1,INDY,PHL,4/6/25 22:33,18,1,27 Eliza Hutchins,32 Shani Rosenthal,0,0,0,0,0,0,0,0,0,1,0,10.427044,9.037427,-5.2007837,0.09877622,0.45648795,0.20541959,0.37412587
PHL @ INDY,Week 1,INDY,PHL,4/6/25 22:33,18,1,32 Shani Rosenthal,04 Rachel Mast,0,0,0,0,0,0,0,0,0,0,1,12.611668,8.525874,9.293203,0.20541959,0.37412587,0.01486014,0.2964258
PHL @ INDY,Week 1,INDY,PHL,4/6/25 22:34,18,1,04 Rachel Mast,18 Laura Grencser,0,0,0,0,0,0,0,0,0,1,0,11.395685,1.7904328,-11.254154,0.01486014,0.2964258,0.24562937,0.28010878
PHL @ INDY,Week 1,INDY,PHL,4/6/25 22:34,18,1,18 Laura Grencser,04 Rachel Mast,0,0,0,0,0,1,0,0,0,0,1,8.375341,6.5649223,5.200783,0.24562937,0.28010878,0.13898602,0.22027972
PHL @ INDY,Week 1,INDY,PHL,4/6/25 22:34,18,1,04 Rachel Mast,19 Melissa Gibbs,0,0,0,1,1,0,0,0,0,1,1,12.676057,12.277259,3.154574,0.13898602,0.22027972,0.0743007,0.108391605
PHL @ INDY,Week 1,INDY,PHL,4/6/25 22:39,20,1,18 Laura Grencser,04 Rachel Mast,0,0,0,0,0,0,0,0,0,0,0,10.492714,7.2469907,-7.5880284,0.4868881,0.6080031,0.6424825,0.54195803
PHL @ INDY,Week 1,INDY,PHL,4/6/25 22:39,20,1,04 Rachel Mast,18 Laura Grencser,0,0,0,0,0,0,0,0,1,0,0,11.248985,-2.7282789,10.913119,0.6424825,0.54195803,0.4187063,0.56682205
PHL @ INDY,Week 1,INDY,PHL,4/6/25 22:39,20,1,18 Laura Grencser,77 Katrina McGuire,0,0,0,0,0,0,0,0,0,0,0,14.019815,1.0231054,-13.982435,0.4187063,0.56682205,0.7054196,0.55749804
PHL @ INDY,Week 1,INDY,PHL,4/6/25 22:40,20,1,77 Katrina McGuire,11 Tracey Lo,0,0,0,0,0,0,0,0,0,0,0,14.046747,13.8119135,-2.5577626,0.7054196,0.55749804,0.75786716,0.43162394
PHL @ INDY,Week 1,INDY,PHL,4/6/25 22:40,20,1,11 Tracey Lo,09 Corinn Rains,0,0,0,0,0,0,0,0,0,0,0,12.887897,12.87407,-0.5968095,0.75786716,0.43162394,0.7701049,0.3142968
PHL @ INDY,Week 1,INDY,PHL,4/6/25 22:40,20,1,09 Corinn Rains,11 Tracey Lo,0,0,0,0,0,0,0,0,1,0,0,10.409251,-4.6892304,9.293203,0.7701049,0.3142968,0.57954544,0.35703185
PHL @ INDY,Week 1,INDY,PHL,4/6/25 22:40,20,1,11 Tracey Lo,77 Katrina McGuire,0,0,0,0,0,0,0,1,0,0,0,20.890478,4.603971,20.376839,0.57954544,0.35703185,0.16171329,0.31507382
PHL @ INDY,Week 1,INDY,PHL,4/6/25 22:40,20,1,77 Katrina McGuire,11 Tracey Lo,0,0,0,0,0,0,0,0,1,0,0,6.3949738,-4.6892304,-4.348196,0.16171329,0.31507382,0.25087413,0.35780886
PHL @ INDY,Week 1,INDY,PHL,4/6/25 22:40,20,1,11 Tracey Lo,77 Katrina McGuire,0,0,0,0,0,0,0,0,1,0,1,6.650729,-3.921903,5.371301,0.25087413,0.35780886,0.14073427,0.3935509
PHL @ INDY,Week 1,INDY,PHL,4/6/25 22:40,20,1,77 Katrina McGuire,11 Tracey Lo,0,0,0,0,0,0,0,0,0,1,0,17.734026,8.2701,-15.68761,0.14073427,0.3935509,0.4624126,0.3181818
PHL @ INDY,Week 1,INDY,PHL,4/6/25 22:41,20,1,11 Tracey Lo,04 Rachel Mast,0,0,0,0,0,0,0,0,0,0,0,13.490562,5.2007833,-12.447776,0.4624126,0.3181818,0.7176573,0.27078477
PHL @ INDY,Week 1,INDY,PHL,4/6/25 22:41,20,1,04 Rachel Mast,18 Laura Grencser,0,0,0,0,0,0,0,0,0,0,0,6.61786,2.4725025,-6.1386313,0.7176573,0.27078477,0.8435315,0.24825175
PHL @ INDY,Week 1,INDY,PHL,4/6/25 22:41,20,1,18 Laura Grencser,04 Rachel Mast,1,1,0,1,0,0,0,0,0,0,0,12.620887,12.618294,0.255778,0.8435315,0.24825175,0.8382867,0.13325563
PHL @ INDY,Week 1,INDY,PHL,4/6/25 22:43,20,2,09 Corinn Rains,04 Rachel Mast,0,0,0,0,0,0,0,0,0,0,0,11.200091,7.1617346,8.611133,0.631993,0.46503496,0.45541957,0.3997669
PHL @ INDY,Week 1,INDY,PHL,4/6/25 22:43,20,2,04 Rachel Mast,77 Katrina McGuire,0,0,0,0,0,0,0,0,0,0,0,12.31332,8.270096,9.1226845,0.45541957,0.3997669,0.26835665,0.32439783
PHL @ INDY,Week 1,INDY,PHL,4/6/25 22:43,20,2,77 Katrina McGuire,32 Shani Rosenthal,1,1,0,0,0,0,0,0,0,0,0,9.010444,7.4175124,5.1155252,0.26835665,0.32439783,0.16346154,0.25679874
PHL @ INDY,Week 1,INDY,PHL,4/6/25 22:44,20,3,11 Tracey Lo,18 Laura Grencser,0,0,0,0,0,0,0,0,1,0,0,13.547828,-6.5649257,11.8509655,0.7736014,0.3041958,0.5305944,0.36402488
PHL @ INDY,Week 1,INDY,PHL,4/6/25 22:46,20,3,18 Laura Grencser,77 Katrina McGuire,1,1,0,0,0,0,0,0,0,0,0,10.189045,9.293204,-4.177678,0.5305944,0.36402488,0.61625874,0.27933177
PHL @ INDY,Week 1,INDY,PHL,4/6/25 22:50,21,1,10 Lexie Thomas,11 Tracey Lo,0,0,0,0,0,0,0,0,0,0,0,11.072153,4.4334526,10.145791,0.7666084,0.77428126,0.55856645,0.73387724
PHL @ INDY,Week 1,INDY,PHL,4/6/25 22:50,21,1,11 Tracey Lo,40 Claire Milton,1,1,0,0,0,0,0,0,0,0,0,12.489751,6.650182,10.572084,0.55856645,0.73387724,0.34178323,0.6732712
PHL @ INDY,Week 1,INDY,PHL,4/6/25 22:51,21,2,11 Tracey Lo,82 Riley Dickson,1,1,0,0,0,0,0,0,0,1,1,11.423721,11.254159,-1.9609501,0.9256993,0.82323235,0.96590906,0.7206682
PHL @ INDY,Week 1,INDY,PHL,4/6/25 22:53,22,1,11 Tracey Lo,18 Laura Grencser,1,1,0,0,0,0,0,0,0,0,0,6.006962,0.6820746,-5.9681125,0.31905594,0.6919192,0.44143358,0.68570316
PHL @ INDY,Week 1,INDY,PHL,4/6/25 22:54,22,2,11 Tracey Lo,18 Laura Grencser,0,0,0,0,0,0,0,0,0,0,0,5.1077027,1.2788769,-4.9450073,0.23513986,0.75563323,0.33653846,0.74397826
PHL @ INDY,Week 1,INDY,PHL,4/6/25 22:54,22,2,18 Laura Grencser,11 Tracey Lo,0,0,0,0,0,0,0,0,1,0,0,6.229139,-3.154569,-5.3713,0.33653846,0.74397826,0.4466783,0.77272725
PHL @ INDY,Week 1,INDY,PHL,4/6/25 22:54,22,2,11 Tracey Lo,18 Laura Grencser,0,0,0,0,0,0,0,0,0,0,0,9.383108,3.0693097,8.866908,0.4466783,0.77272725,0.26486015,0.74475527
PHL @ INDY,Week 1,INDY,PHL,4/6/25 22:54,22,2,18 Laura Grencser,11 Tracey Lo,0,0,0,0,0,0,0,0,1,0,0,7.778661,-3.410347,-6.9912157,0.26486015,0.74475527,0.40821677,0.7758353
PHL @ INDY,Week 1,INDY,PHL,4/6/25 22:55,22,2,11 Tracey Lo,04 Rachel Mast,0,0,0,0,0,0,0,0,0,0,1,13.903713,-0.42629665,13.897176,0.40821677,0.7758353,0.12325175,0.7797203
PHL @ INDY,Week 1,INDY,PHL,4/6/25 22:55,22,2,04 Rachel Mast,11 Tracey Lo,0,0,0,0,0,0,0,0,1,1,0,7.4741316,-3.2398283,-6.7354403,0.12325175,0.7797203,0.26136363,0.8092463
PHL @ INDY,Week 1,INDY,PHL,4/6/25 22:56,22,2,11 Tracey Lo,18 Laura Grencser,0,0,0,0,0,0,0,0,0,0,0,6.244877,-0.51155597,-6.2238894,0.26136363,0.8092463,0.38898602,0.81390834
PHL @ INDY,Week 1,INDY,PHL,4/6/25 22:56,22,2,18 Laura Grencser,11 Tracey Lo,0,0,0,0,0,0,0,0,0,0,0,9.984379,0.42629665,9.975274,0.38898602,0.81390834,0.18444055,0.8100233
PHL @ INDY,Week 1,INDY,PHL,4/6/25 22:56,22,2,11 Tracey Lo,15 Sydney Loughran,0,0,0,0,0,0,0,0,0,0,0,18.932241,18.92744,0.42629376,0.18444055,0.8100233,0.1756993,0.63752913
PHL @ INDY,Week 1,INDY,PHL,4/6/25 22:56,22,2,15 Sydney Loughran,18 Laura Grencser,0,0,0,0,0,0,0,0,1,0,1,7.4346395,-4.4334526,5.968112,0.1756993,0.63752913,0.05332168,0.67793316
PHL @ INDY,Week 1,INDY,PHL,4/6/25 22:56,22,2,18 Laura Grencser,11 Tracey Lo,0,0,0,0,0,0,0,0,0,1,0,7.9198904,1.9609514,-7.673287,0.05332168,0.67793316,0.21066433,0.66006213
PHL @ INDY,Week 1,INDY,PHL,4/6/25 22:57,22,2,11 Tracey Lo,18 Laura Grencser,0,0,0,0,0,0,0,0,0,0,0,7.156149,2.6430194,-6.6501813,0.21066433,0.66006213,0.34702796,0.6359751
PHL @ INDY,Week 1,INDY,PHL,4/6/25 22:57,22,2,18 Laura Grencser,11 Tracey Lo,0,0,0,0,0,0,0,0,1,0,0,6.3898582,-2.0462108,-6.053372,0.34702796,0.6359751,0.47115386,0.65462315
PHL @ INDY,Week 1,INDY,PHL,4/6/25 22:57,22,2,11 Tracey Lo,77 Katrina McGuire,0,0,0,0,0,0,0,0,0,0,0,10.404712,0.25577798,10.401567,0.47115386,0.65462315,0.25786713,0.65229213
PHL @ INDY,Week 1,INDY,PHL,4/6/25 22:57,22,2,77 Katrina McGuire,11 Tracey Lo,0,0,0,0,0,0,0,0,1,0,0,5.116947,-5.0302677,0.9378461,0.25786713,0.65229213,0.23863636,0.6981352
PHL @ INDY,Week 1,INDY,PHL,4/6/25 22:57,22,2,11 Tracey Lo,77 Katrina McGuire,0,0,0,0,0,0,0,0,0,0,0,7.7590137,7.588028,1.6199157,0.23863636,0.6981352,0.20541959,0.6289821
PHL @ INDY,Week 1,INDY,PHL,4/6/25 22:58,22,2,77 Katrina McGuire,11 Tracey Lo,0,0,0,0,0,0,0,0,0,0,1,5.12688,0.3410373,5.115525,0.20541959,0.6289821,0.10052448,0.6258741
PHL @ INDY,Week 1,INDY,PHL,4/6/25 22:58,22,2,11 Tracey Lo,32 Shani Rosenthal,0,0,0,0,0,0,0,0,0,1,1,14.675651,14.493984,-2.3019857,0.10052448,0.6258741,0.14772727,0.49378398
PHL @ INDY,Week 1,INDY,PHL,4/6/25 22:59,22,2,32 Shani Rosenthal,27 Eliza Hutchins,0,0,0,0,0,0,0,0,0,1,0,5.9025874,5.7975917,-1.1083641,0.14772727,0.49378398,0.17045455,0.44094795
PHL @ INDY,Week 1,INDY,PHL,4/6/25 22:59,22,2,27 Eliza Hutchins,32 Shani Rosenthal,0,0,0,0,0,0,0,0,1,0,0,4.7782946,-1.2788801,-4.603973,0.17045455,0.44094795,0.26486015,0.45260295
PHL @ INDY,Week 1,INDY,PHL,4/6/25 22:59,22,2,32 Shani Rosenthal,11 Tracey Lo,0,0,0,0,0,0,0,0,1,0,0,5.7787557,-2.1314669,-5.3713,0.26486015,0.45260295,0.375,0.47202796
PHL @ INDY,Week 1,INDY,PHL,4/6/25 23:00,22,2,11 Tracey Lo,77 Katrina McGuire,0,0,0,0,0,0,0,0,0,0,0,6.2238884,0.0,6.2238884,0.375,0.47202796,0.24737762,0.47202796
PHL @ INDY,Week 1,INDY,PHL,4/6/25 23:00,22,2,77 Katrina McGuire,11 Tracey Lo,0,0,0,0,0,0,0,0,0,0,0,12.448944,-0.17051865,-12.447776,0.24737762,0.47202796,0.50262237,0.47358197
PHL @ INDY,Week 1,INDY,PHL,4/6/25 23:00,22,2,11 Tracey Lo,15 Sydney Loughran,0,0,0,0,0,0,0,0,0,0,1,25.343082,14.835022,20.547358,0.50262237,0.47358197,0.08129371,0.33838382
PHL @ INDY,Week 1,INDY,PHL,4/6/25 23:01,22,2,15 Sydney Loughran,11 Tracey Lo,0,0,0,0,0,0,0,0,0,1,1,7.2595177,7.2469907,0.42629376,0.08129371,0.33838382,0.07255245,0.27233878
PHL @ INDY,Week 1,INDY,PHL,4/6/25 23:01,22,2,11 Tracey Lo,18 Laura Grencser,0,0,0,0,0,1,0,0,0,1,0,5.3767114,1.3641394,-5.2007833,0.07255245,0.27233878,0.1791958,0.25990677
PHL @ INDY,Week 1,INDY,PHL,4/6/25 23:01,22,2,18 Laura Grencser,15 Sydney Loughran,0,0,0,1,1,0,0,0,0,0,1,13.950425,13.811916,1.9609509,0.1791958,0.25990677,0.13898602,0.13403264
PHL @ INDY,Week 1,INDY,PHL,4/6/25 23:03,23,1,77 Katrina McGuire,07 Annie Melink,0,0,0,0,0,0,0,0,1,1,0,16.097652,-11.509928,11.254153,0.9431818,0.41064492,0.7124126,0.51554
PHL @ INDY,Week 1,INDY,PHL,4/6/25 23:03,23,1,07 Annie Melink,23 Lili Hobday,1,1,0,0,0,0,0,0,0,0,1,11.527599,9.293201,-6.8207,0.7124126,0.51554,0.85227275,0.43084693
PHL @ INDY,Week 1,INDY,PHL,4/6/25 23:05,24,1,11 Tracey Lo,18 Laura Grencser,0,0,0,0,0,0,0,0,0,0,0,9.38001,8.355355,4.262937,0.24562937,0.6655012,0.15821679,0.5893551
PHL @ INDY,Week 1,INDY,PHL,4/6/25 23:05,24,1,18 Laura Grencser,11 Tracey Lo,0,0,0,0,0,0,0,0,1,0,0,7.381653,-7.33225,-0.8525868,0.15821679,0.5893551,0.1756993,0.65617716
PHL @ INDY,Week 1,INDY,PHL,4/6/25 23:05,24,1,11 Tracey Lo,18 Laura Grencser,0,0,0,0,0,0,0,0,0,0,0,6.70136,4.007162,-5.3713017,0.1756993,0.65617716,0.28583917,0.6196581
PHL @ INDY,Week 1,INDY,PHL,4/6/25 23:06,24,1,18 Laura Grencser,32 Shani Rosenthal,0,0,0,0,0,0,0,0,0,0,0,6.876951,4.6892304,-5.030266,0.28583917,0.6196581,0.38898602,0.5769231
PHL @ INDY,Week 1,INDY,PHL,4/6/25 23:06,24,1,32 Shani Rosenthal,27 Eliza Hutchins,0,0,0,0,0,0,0,0,0,0,0,10.621473,7.843806,-7.161733,0.38898602,0.5769231,0.53583914,0.505439
PHL @ INDY,Week 1,INDY,PHL,4/6/25 23:06,24,1,27 Eliza Hutchins,04 Rachel Mast,0,0,0,0,0,0,0,0,0,0,0,13.366874,6.6501784,-11.595191,0.53583914,0.505439,0.7736014,0.44483295
PHL @ INDY,Week 1,INDY,PHL,4/6/25 23:06,24,1,04 Rachel Mast,77 Katrina McGuire,0,0,0,0,0,0,0,0,1,0,0,9.581279,-8.355358,4.6892314,0.7736014,0.44483295,0.67744756,0.52097905
PHL @ INDY,Week 1,INDY,PHL,4/6/25 23:07,24,1,77 Katrina McGuire,11 Tracey Lo,0,0,0,0,0,0,0,0,0,0,0,15.189702,4.2629404,14.579246,0.67744756,0.52097905,0.3784965,0.48212898
PHL @ INDY,Week 1,INDY,PHL,4/6/25 23:07,24,1,11 Tracey Lo,77 Katrina McGuire,0,0,0,0,0,0,0,0,1,0,0,6.7505345,-5.968114,-3.1545734,0.3784965,0.48212898,0.4431818,0.53651905
PHL @ INDY,Week 1,INDY,PHL,4/6/25 23:07,24,1,77 Katrina McGuire,11 Tracey Lo,0,0,0,0,0,0,0,0,1,0,0,5.996062,-2.984057,-5.2007847,0.4431818,0.53651905,0.5498252,0.5637141
PHL @ INDY,Week 1,INDY,PHL,4/6/25 23:07,24,1,11 Tracey Lo,77 Katrina McGuire,0,0,0,0,0,0,0,0,0,0,0,8.553114,-0.6820681,8.525875,0.5498252,0.5637141,0.375,0.5699301
PHL @ INDY,Week 1,INDY,PHL,4/6/25 23:07,24,1,77 Katrina McGuire,11 Tracey Lo,0,0,0,0,0,0,0,0,1,0,0,11.972709,-2.2167294,-11.765707,0.375,0.5699301,0.61625874,0.5901321
PHL @ INDY,Week 1,INDY,PHL,4/6/25 23:07,24,1,11 Tracey Lo,04 Rachel Mast,1,1,0,0,0,0,0,0,0,0,0,23.301233,13.470882,19.012701,0.61625874,0.5901321,0.2263986,0.46736598
PHL @ INDY,Week 1,PHL,INDY,2025-04-08 12:51:19,1,1,00 Emilie Mohler,17 Allie Milligan,0,0,0,0,0,0,0,0,1,1,0,11.48746,-5.075055,10.305608,0.9458414,0.53180844,0.66731143,0.582559
PHL @ INDY,Week 1,PHL,INDY,2025-04-08 12:51:26,1,1,17 Allie Milligan,29 Sara Liang,0,0,0,0,0,0,0,0,1,0,0,9.528085,-2.8591812,9.088976,0.66731143,0.582559,0.42166343,0.6111508
PHL @ INDY,Week 1,PHL,INDY,2025-04-08 12:51:35,1,1,29 Sara Liang,17 Allie Milligan,0,0,0,0,0,0,0,0,1,0,0,6.17792,-4.1458187,4.580271,0.42166343,0.6111508,0.29787233,0.652609
PHL @ INDY,Week 1,PHL,INDY,2025-04-08 12:51:42,1,1,17 Allie Milligan,29 Sara Liang,0,0,0,0,0,0,0,0,1,0,0,4.522553,-3.7169397,2.576402,0.29787233,0.652609,0.22823985,0.6897784
PHL @ INDY,Week 1,PHL,INDY,2025-04-08 12:51:52,1,1,29 Sara Liang,17 Allie Milligan,0,0,0,0,0,0,0,0,1,0,0,8.848035,-5.5754128,-6.8704066,0.22823985,0.6897784,0.4139265,0.7455325
PHL @ INDY,Week 1,PHL,INDY,2025-04-08 12:51:57,1,1,17 Allie Milligan,00 Emilie Mohler,0,0,0,0,0,0,0,0,0,0,0,8.245369,-0.50035715,-8.230173,0.4139265,0.7455325,0.6363636,0.7505361
PHL @ INDY,Week 1,PHL,INDY,2025-04-08 12:52:02,1,1,00 Emilie Mohler,17 Allie Milligan,0,0,0,0,0,0,0,0,0,0,0,9.377693,-0.21443963,9.375241,0.6363636,0.7505361,0.38297874,0.7526805
PHL @ INDY,Week 1,PHL,INDY,2025-04-08 12:52:04,1,1,17 Allie Milligan,29 Sara Liang,0,0,0,0,0,0,0,0,0,0,0,7.9030747,2.2158682,7.586074,0.38297874,0.7526805,0.17794971,0.7305218
PHL @ INDY,Week 1,PHL,INDY,2025-04-08 12:52:11,1,1,29 Sara Liang,73 Chelsea Semper,0,0,0,0,0,0,0,0,0,0,1,8.853666,7.5768414,4.580271,0.17794971,0.7305218,0.054158606,0.6547534
PHL @ INDY,Week 1,PHL,INDY,2025-04-08 12:52:18,1,1,73 Chelsea Semper,00 Emilie Mohler,0,0,0,0,0,0,0,1,0,1,0,13.896302,-2.5017858,-13.669247,0.054158606,0.6547534,0.4235977,0.67977124
PHL @ INDY,Week 1,PHL,INDY,2025-04-08 12:52:29,1,1,00 Emilie Mohler,66 Jess Brand,0,0,0,0,0,0,1,0,0,0,0,45.21911,44.817726,-6.0116053,0.4235977,0.67977124,0.5860735,0.231594
PHL @ INDY,Week 1,PHL,INDY,2025-04-08 12:52:47,1,1,66 Jess Brand,09 Sarah Hirannet,0,0,0,0,0,1,0,0,1,0,0,7.65992,-4.1458187,6.4410067,0.5860735,0.231594,0.41199225,0.2730522
PHL @ INDY,Week 1,PHL,INDY,2025-04-08 12:52:50,1,1,09 Sarah Hirannet,66 Jess Brand,0,0,0,1,1,0,0,0,0,0,0,16.66029,16.654755,-0.42940134,0.41199225,0.2730522,0.4235977,0.10650465
PHL @ INDY,Week 1,PHL,INDY,2025-04-08 12:56:17,2,1,27 Kit Asterin,22 Liz Hart,0,0,0,0,0,0,0,0,0,0,0,10.009853,9.292353,-3.72147,0.43326885,0.45604002,0.5338491,0.3631165
PHL @ INDY,Week 1,PHL,INDY,2025-04-08 12:56:29,2,1,22 Liz Hart,99 Veronica Kolegue-Spalaris,0,0,0,0,0,0,0,0,0,0,0,8.8444,-0.85775554,-8.802709,0.5338491,0.3631165,0.77176017,0.37169406
PHL @ INDY,Week 1,PHL,INDY,2025-04-08 12:56:35,2,1,99 Veronica Kolegue-Spalaris,08 Joanna Maida,0,0,0,0,0,0,0,0,1,0,0,9.7166605,-7.5768414,6.083172,0.77176017,0.37169406,0.6073501,0.44746247
PHL @ INDY,Week 1,PHL,INDY,2025-04-08 12:56:39,2,1,08 Joanna Maida,27 Kit Asterin,0,0,0,0,0,0,0,0,0,0,0,9.947777,0.0,9.947777,0.6073501,0.44746247,0.3384913,0.44746247
PHL @ INDY,Week 1,PHL,INDY,2025-04-08 12:56:42,2,1,27 Kit Asterin,15 Layne Dodge,0,0,0,0,0,0,0,0,0,0,1,11.317816,8.649034,7.299806,0.3384913,0.44746247,0.14119923,0.36097214
PHL @ INDY,Week 1,PHL,INDY,2025-04-08 12:56:56,2,1,15 Layne Dodge,21 Linda Morse,1,1,0,1,0,0,0,0,0,1,0,21.097229,21.015013,-1.860735,0.14119923,0.36097214,0.19148937,0.15082201
PHL @ INDY,Week 1,PHL,INDY,2025-04-08 12:57:32,2,2,08 Joanna Maida,27 Kit Asterin,0,0,0,0,0,0,0,1,0,0,0,12.155572,2.5732696,-11.880076,0.21663442,0.5389564,0.5377176,0.5132237
PHL @ INDY,Week 1,PHL,INDY,2025-04-08 12:57:41,2,2,27 Kit Asterin,21 Linda Morse,1,1,0,0,0,0,0,0,0,0,0,22.505053,22.373121,2.4332683,0.5377176,0.5132237,0.47195357,0.2894925
PHL @ INDY,Week 1,PHL,INDY,2025-04-08 13:01:25,3,1,17 Allie Milligan,29 Sara Liang,0,0,0,0,0,0,0,0,1,0,0,10.26478,-7.9342365,6.5125723,0.6344294,0.463188,0.45841393,0.54253036
PHL @ INDY,Week 1,PHL,INDY,2025-04-08 13:01:28,3,1,29 Sara Liang,00 Emilie Mohler,0,0,0,0,0,0,0,0,0,0,0,9.155123,3.3595383,8.516441,0.45841393,0.54253036,0.22823985,0.508935
PHL @ INDY,Week 1,PHL,INDY,2025-04-08 13:01:32,3,1,00 Emilie Mohler,29 Sara Liang,0,0,0,0,0,0,0,0,1,0,0,10.404517,-4.3602524,-9.446808,0.22823985,0.508935,0.48355898,0.5525375
PHL @ INDY,Week 1,PHL,INDY,2025-04-08 13:01:34,3,1,29 Sara Liang,17 Allie Milligan,0,0,0,0,0,0,0,0,0,0,0,9.603463,5.289489,-8.015473,0.48355898,0.5525375,0.7001934,0.4996426
PHL @ INDY,Week 1,PHL,INDY,2025-04-08 13:01:39,3,1,17 Allie Milligan,29 Sara Liang,0,0,0,0,0,0,0,0,1,0,0,8.299403,-6.0757694,5.6537704,0.7001934,0.4996426,0.5473888,0.5604003
PHL @ INDY,Week 1,PHL,INDY,2025-04-08 13:01:42,3,1,29 Sara Liang,00 Emilie Mohler,0,0,0,0,0,0,0,0,0,0,0,10.595735,-0.28591752,10.591876,0.5473888,0.5604003,0.26112187,0.5632595
PHL @ INDY,Week 1,PHL,INDY,2025-04-08 13:01:49,3,1,00 Emilie Mohler,17 Allie Milligan,0,0,0,0,0,0,0,1,0,0,0,16.840042,0.8577585,-16.818182,0.26112187,0.5632595,0.7156673,0.5546819
PHL @ INDY,Week 1,PHL,INDY,2025-04-08 13:01:52,3,1,17 Allie Milligan,29 Sara Liang,0,0,0,0,0,0,0,0,1,0,0,5.753414,-3.573984,4.508704,0.7156673,0.5546819,0.59381044,0.59042174
PHL @ INDY,Week 1,PHL,INDY,2025-04-08 13:01:54,3,1,29 Sara Liang,00 Emilie Mohler,0,0,0,0,0,0,0,1,0,0,0,13.064098,3.7169397,12.524178,0.59381044,0.59042174,0.25531915,0.55325234
PHL @ INDY,Week 1,PHL,INDY,2025-04-08 13:01:57,3,1,00 Emilie Mohler,19 Grace Maroon,0,0,0,0,0,0,0,0,0,0,1,10.877175,9.292353,5.653772,0.25531915,0.55325234,0.102514505,0.46032882
PHL @ INDY,Week 1,PHL,INDY,2025-04-08 13:02:01,3,1,19 Grace Maroon,00 Emilie Mohler,0,0,0,0,0,0,0,0,1,1,0,8.196486,-6.647605,-4.794971,0.102514505,0.46032882,0.23210831,0.52680486
PHL @ INDY,Week 1,PHL,INDY,2025-04-08 13:02:06,3,1,00 Emilie Mohler,29 Sara Liang,0,0,0,0,0,0,0,0,1,0,0,8.531853,-1.2151539,-8.444875,0.23210831,0.52680486,0.46034816,0.5389564
PHL @ INDY,Week 1,PHL,INDY,2025-04-08 13:02:08,3,1,29 Sara Liang,17 Allie Milligan,0,0,0,0,0,0,0,0,0,0,0,7.8839526,4.6461763,-6.369439,0.46034816,0.5389564,0.63249516,0.49249464
PHL @ INDY,Week 1,PHL,INDY,2025-04-08 13:02:10,3,1,17 Allie Milligan,29 Sara Liang,0,0,0,0,0,0,0,0,1,0,0,7.791787,-3.9313793,6.727273,0.63249516,0.49249464,0.45067698,0.53180844
PHL @ INDY,Week 1,PHL,INDY,2025-04-08 13:02:12,3,1,29 Sara Liang,00 Emilie Mohler,0,0,0,0,0,0,0,0,0,0,0,9.182865,2.0729065,8.945841,0.45067698,0.53180844,0.20889749,0.5110794
PHL @ INDY,Week 1,PHL,INDY,2025-04-08 13:02:30,3,1,00 Emilie Mohler,19 Grace Maroon,1,1,0,0,0,0,0,0,0,0,0,8.919926,8.863476,1.001934,0.20889749,0.5110794,0.18181819,0.4224446
PHL @ INDY,Week 1,PHL,INDY,2025-04-08 13:04:13,3,2,29 Sara Liang,00 Emilie Mohler,0,0,0,0,0,0,0,0,1,0,0,5.5954704,-4.3602586,-3.5067701,0.20889749,0.8191565,0.30367506,0.8627591
PHL @ INDY,Week 1,PHL,INDY,2025-04-08 13:04:24,3,2,00 Emilie Mohler,10 Neena Kashyap,0,0,0,0,0,0,0,0,0,0,0,39.65972,38.67048,-8.802709,0.30367506,0.8627591,0.5415861,0.4760543
PHL @ INDY,Week 1,PHL,INDY,2025-04-08 13:04:31,3,2,10 Neena Kashyap,09 Sarah Hirannet,0,0,0,0,0,0,0,1,0,0,0,14.5906,7.7198,12.381046,0.5415861,0.4760543,0.20696326,0.3988563
PHL @ INDY,Week 1,PHL,INDY,2025-04-08 13:04:36,3,2,09 Sarah Hirannet,19 Grace Maroon,0,0,0,0,0,0,0,0,0,0,0,9.390076,2.358827,-9.088974,0.20696326,0.3988563,0.4526112,0.37526804
PHL @ INDY,Week 1,PHL,INDY,2025-04-08 13:04:41,3,2,19 Grace Maroon,29 Sara Liang,0,0,0,0,0,0,0,0,1,0,0,10.199439,-10.150107,-1.0019346,0.4526112,0.37526804,0.47969052,0.47676912
PHL @ INDY,Week 1,PHL,INDY,2025-04-08 13:04:48,3,2,29 Sara Liang,00 Emilie Mohler,0,0,0,0,0,0,0,0,1,0,0,7.0181518,-7.005003,-0.42940024,0.47969052,0.47676912,0.49129593,0.54681915
PHL @ INDY,Week 1,PHL,INDY,2025-04-08 13:04:57,3,2,00 Emilie Mohler,48 Caroline Weinberg,0,0,0,0,0,0,0,0,0,0,0,15.865838,14.653322,-6.083172,0.49129593,0.54681915,0.655706,0.40028593
PHL @ INDY,Week 1,PHL,INDY,2025-04-08 13:05:03,3,2,48 Caroline Weinberg,17 Allie Milligan,1,1,0,1,0,0,0,0,0,0,0,26.258001,26.233023,-1.1450688,0.655706,0.40028593,0.6866538,0.13795568
PHL @ INDY,Week 1,PHL,INDY,2025-04-08 13:06:30,3,3,29 Sara Liang,19 Grace Maroon,0,0,0,1,1,0,0,0,0,0,0,7.8886366,7.6483197,1.9323016,0.43713734,0.1901358,0.38491297,0.11365261
PHL @ INDY,Week 1,PHL,INDY,2025-04-08 13:09:54,4,1,27 Kit Asterin,08 Joanna Maida,0,0,0,0,0,0,0,1,0,1,0,15.49652,-2.7877092,-15.243713,0.058027077,0.6847748,0.47001934,0.7126519
PHL @ INDY,Week 1,PHL,INDY,2025-04-08 13:09:57,4,1,08 Joanna Maida,21 Linda Morse,0,0,0,0,0,0,0,0,0,0,0,10.656566,4.002863,-9.876208,0.47001934,0.7126519,0.7369439,0.6726233
PHL @ INDY,Week 1,PHL,INDY,2025-04-08 13:10:02,4,1,21 Linda Morse,27 Kit Asterin,0,0,0,0,0,0,0,1,0,0,0,14.041824,-0.6433189,14.02708,0.7369439,0.6726233,0.35783365,0.67905647
PHL @ INDY,Week 1,PHL,INDY,2025-04-08 13:10:14,4,1,27 Kit Asterin,99 Veronica Kolegue-Spalaris,0,0,0,0,0,0,0,0,0,0,0,11.425836,11.222303,2.1470022,0.35783365,0.67905647,0.29980657,0.56683344
PHL @ INDY,Week 1,PHL,INDY,2025-04-08 13:10:19,4,1,99 Veronica Kolegue-Spalaris,27 Kit Asterin,0,0,0,0,0,0,0,0,1,0,0,11.2305155,-11.222303,-0.42940134,0.29980657,0.56683344,0.311412,0.67905647
PHL @ INDY,Week 1,PHL,INDY,2025-04-08 13:10:38,4,1,27 Kit Asterin,23 Natalie Bova,0,0,0,0,0,0,0,0,0,0,0,11.558181,11.508221,1.0735011,0.311412,0.67905647,0.28239846,0.56397426
PHL @ INDY,Week 1,PHL,INDY,2025-04-08 13:10:45,4,1,23 Natalie Bova,21 Linda Morse,1,1,0,0,0,0,0,0,0,0,0,31.831694,31.808435,-1.2166342,0.28239846,0.56397426,0.31528047,0.24588992
PHL @ INDY,Week 1,PHL,INDY,2025-04-08 13:12:38,4,2,27 Kit Asterin,21 Linda Morse,0,0,0,0,0,0,0,0,0,1,0,14.781391,9.077912,-11.665378,0.061895553,0.6497498,0.37717602,0.5589707
PHL @ INDY,Week 1,PHL,INDY,2025-04-08 13:12:41,4,2,21 Linda Morse,08 Joanna Maida,0,0,0,0,0,0,0,0,1,0,0,6.5676537,-2.6447475,-6.0116043,0.37717602,0.5589707,0.5396518,0.58541816
PHL @ INDY,Week 1,PHL,INDY,2025-04-08 13:12:57,4,2,08 Joanna Maida,23 Natalie Bova,0,0,0,0,0,0,0,0,0,0,0,8.627337,7.2194457,-4.723406,0.5396518,0.58541816,0.66731143,0.5132237
PHL @ INDY,Week 1,PHL,INDY,2025-04-08 13:13:09,4,2,23 Natalie Bova,33 Jana Graham,1,1,0,0,0,0,0,0,0,0,0,11.958191,11.722657,-2.361702,0.66731143,0.5132237,0.7311412,0.39599714
PHL @ INDY,Week 1,PHL,INDY,2025-04-08 13:17:18,5,1,17 Allie Milligan,00 Emilie Mohler,0,0,0,0,0,0,0,1,0,0,0,14.046631,-3.7884235,13.526112,0.55705994,0.5768406,0.19148937,0.6147248
PHL @ INDY,Week 1,PHL,INDY,2025-04-08 13:17:28,5,1,00 Emilie Mohler,09 Sarah Hirannet,0,0,0,0,0,0,0,1,0,0,0,13.7041235,6.576127,-12.02321,0.19148937,0.6147248,0.516441,0.54896355
PHL @ INDY,Week 1,PHL,INDY,2025-04-08 13:17:34,5,1,09 Sarah Hirannet,00 Emilie Mohler,0,0,0,0,0,0,0,0,1,0,0,6.4696856,-3.1451046,-5.653773,0.516441,0.54896355,0.66924566,0.5804146
PHL @ INDY,Week 1,PHL,INDY,2025-04-08 13:17:43,5,1,00 Emilie Mohler,73 Chelsea Semper,0,0,0,0,0,0,0,0,0,0,0,14.567608,14.438886,-1.9323006,0.66924566,0.5804146,0.72147,0.43602574
PHL @ INDY,Week 1,PHL,INDY,2025-04-08 13:18:01,5,1,73 Chelsea Semper,00 Emilie Mohler,1,0,1,0,0,0,0,0,1,0,0,11.616598,-11.293781,2.7195344,0.72147,0.43602574,0.64796907,0.54896355
PHL @ INDY,Week 1,PHL,INDY,2025-04-08 13:34:15,6,1,27 Kit Asterin,08 Joanna Maida,0,0,0,0,0,0,0,1,0,0,0,13.968788,-4.00286,13.382979,0.78723407,0.40814868,0.42553192,0.44817728
PHL @ INDY,Week 1,PHL,INDY,2025-04-08 13:34:25,6,1,08 Joanna Maida,33 Jana Graham,1,0,1,0,0,0,0,0,0,0,0,16.620644,13.724089,9.375242,0.42553192,0.44817728,0.172147,0.3109364
PHL @ INDY,Week 1,PHL,INDY,2025-04-08 13:35:16,6,2,08 Joanna Maida,99 Veronica Kolegue-Spalaris,0,0,0,0,0,0,0,0,1,1,0,9.42399,-1.5010715,-9.303676,0.032882012,0.34024304,0.2843327,0.35525376
PHL @ INDY,Week 1,PHL,INDY,2025-04-08 13:35:32,6,2,99 Veronica Kolegue-Spalaris,27 Kit Asterin,0,0,0,0,0,1,0,0,0,0,0,10.676667,7.7912807,-7.299806,0.2843327,0.35525376,0.48162475,0.27734095
PHL @ INDY,Week 1,PHL,INDY,2025-04-08 13:35:35,6,2,27 Kit Asterin,22 Liz Hart,0,0,0,1,1,0,0,0,0,0,0,14.522574,11.865618,-8.373308,0.48162475,0.27734095,0.7079304,0.15868478
PHL @ INDY,Week 1,PHL,INDY,2025-04-08 13:38:03,7,1,29 Sara Liang,00 Emilie Mohler,0,0,0,0,0,0,0,0,1,0,0,10.021717,-1.215148,9.947775,0.7814313,0.81987137,0.5125725,0.83202285
PHL @ INDY,Week 1,PHL,INDY,2025-04-08 13:38:14,7,1,00 Emilie Mohler,29 Sara Liang,0,0,0,0,0,0,0,0,1,0,0,5.5728946,-4.6461763,3.0773692,0.5125725,0.83202285,0.42940038,0.8784846
PHL @ INDY,Week 1,PHL,INDY,2025-04-08 13:38:17,7,1,29 Sara Liang,66 Jess Brand,1,1,0,0,0,0,0,0,0,0,0,14.875675,14.438879,3.578336,0.42940038,0.8784846,0.3326886,0.7340958
PHL @ INDY,Week 1,PHL,INDY,2025-04-08 13:39:56,8,1,27 Kit Asterin,15 Layne Dodge,1,1,0,0,0,0,0,0,0,0,0,14.359824,12.365976,7.2998075,0.5415861,0.47105074,0.344294,0.34739098
PHL @ INDY,Week 1,PHL,INDY,2025-04-08 13:41:25,8,2,08 Joanna Maida,27 Kit Asterin,0,0,0,0,0,0,0,0,0,0,0,6.5477395,3.6454618,-5.4390717,0.24177949,0.7455325,0.38878143,0.7090779
PHL @ INDY,Week 1,PHL,INDY,2025-04-08 13:41:31,8,2,27 Kit Asterin,03 Rachel Alfano,1,1,0,0,0,0,0,0,0,0,0,32.56132,32.52323,-1.5744679,0.38878143,0.7090779,0.4313346,0.3838456
PHL @ INDY,Week 1,PHL,INDY,2025-04-08 13:43:06,8,3,27 Kit Asterin,08 Joanna Maida,0,0,0,0,0,0,0,0,1,1,0,11.044192,-4.6461763,-10.019342,0.123791106,0.41029307,0.39458415,0.45675483
PHL @ INDY,Week 1,PHL,INDY,2025-04-08 13:43:16,8,3,08 Joanna Maida,23 Natalie Bova,0,0,0,0,0,0,0,0,0,0,0,12.87198,10.293066,7.7292075,0.39458415,0.45675483,0.18568665,0.35382417
PHL @ INDY,Week 1,PHL,INDY,2025-04-08 13:43:23,8,3,23 Natalie Bova,27 Kit Asterin,0,0,0,0,0,0,0,0,0,0,0,7.2445264,2.5017886,-6.7988396,0.18568665,0.35382417,0.36943907,0.32880628
PHL @ INDY,Week 1,PHL,INDY,2025-04-08 13:43:30,8,3,27 Kit Asterin,21 Linda Morse,0,0,0,0,0,0,0,0,0,0,0,7.4516187,5.932808,4.5087037,0.36943907,0.32880628,0.24758221,0.2694782
PHL @ INDY,Week 1,PHL,INDY,2025-04-08 13:43:42,8,3,21 Linda Morse,27 Kit Asterin,0,0,0,0,0,0,0,0,1,0,0,6.0012207,-5.86133,1.2882012,0.24758221,0.2694782,0.21276596,0.3280915
PHL @ INDY,Week 1,PHL,INDY,2025-04-08 13:44:04,8,3,27 Kit Asterin,23 Natalie Bova,0,0,0,0,0,0,0,0,0,0,0,9.204435,8.649036,-3.1489358,0.21276596,0.3280915,0.29787233,0.24160114
PHL @ INDY,Week 1,PHL,INDY,2025-04-08 13:44:19,8,3,23 Natalie Bova,21 Linda Morse,1,0,1,0,0,0,0,0,1,0,0,10.2714405,-4.6461763,-9.1605425,0.29787233,0.24160114,0.54545456,0.2880629
PHL @ INDY,Week 1,PHL,INDY,2025-04-08 13:46:45,8,4,29 Sara Liang,17 Allie Milligan,0,0,0,0,0,0,0,1,0,1,0,12.982975,-6.504649,-11.235977,0.07736944,0.62115794,0.38104448,0.68620443
PHL @ INDY,Week 1,PHL,INDY,2025-04-08 13:47:50,8,4,17 Allie Milligan,29 Sara Liang,0,0,0,0,0,0,0,0,0,0,0,5.7478185,1.8584728,5.439071,0.38104448,0.68620443,0.23404256,0.6676197
PHL @ INDY,Week 1,PHL,INDY,2025-04-08 13:47:53,8,4,29 Sara Liang,17 Allie Milligan,0,0,0,0,0,0,0,0,1,0,0,8.354213,-3.9313793,-7.3713727,0.23404256,0.6676197,0.43326885,0.7069335
PHL @ INDY,Week 1,PHL,INDY,2025-04-08 13:47:59,8,4,17 Allie Milligan,19 Grace Maroon,0,0,0,0,0,0,0,0,0,0,0,9.349966,0.92923045,-9.303677,0.43326885,0.7069335,0.68471956,0.6976412
PHL @ INDY,Week 1,PHL,INDY,2025-04-08 13:48:03,8,4,19 Grace Maroon,17 Allie Milligan,0,0,0,0,0,0,0,0,0,0,0,7.5175877,5.789852,-4.79497,0.68471956,0.6976412,0.81431335,0.6397427
PHL @ INDY,Week 1,PHL,INDY,2025-04-08 13:48:06,8,4,17 Allie Milligan,09 Sarah Hirannet,0,0,0,0,0,0,0,0,0,0,0,6.766584,5.5039287,3.9361696,0.81431335,0.6397427,0.7079304,0.5847034
PHL @ INDY,Week 1,PHL,INDY,2025-04-08 13:48:10,8,4,09 Sarah Hirannet,17 Allie Milligan,0,0,0,0,0,0,0,0,1,0,0,4.5811257,-4.2172966,-1.7891674,0.7079304,0.5847034,0.75628626,0.62687635
PHL @ INDY,Week 1,PHL,INDY,2025-04-08 13:48:16,8,4,17 Allie Milligan,00 Emilie Mohler,0,0,0,0,0,0,0,0,0,0,0,21.236742,10.364551,18.535784,0.75628626,0.62687635,0.25531915,0.52323085
PHL @ INDY,Week 1,PHL,INDY,2025-04-08 13:50:21,8,4,00 Emilie Mohler,29 Sara Liang,0,0,0,0,0,0,0,0,1,0,0,7.647831,-7.147968,-2.7195356,0.25531915,0.52323085,0.3288201,0.5947105
PHL @ INDY,Week 1,PHL,INDY,2025-04-08 13:50:29,8,4,29 Sara Liang,09 Sarah Hirannet,0,0,0,0,0,0,0,0,0,0,0,13.6566925,13.438171,2.4332683,0.3288201,0.5947105,0.2630561,0.46032882
PHL @ INDY,Week 1,PHL,INDY,2025-04-08 13:50:32,8,4,09 Sarah Hirannet,00 Emilie Mohler,0,0,0,0,0,0,0,0,0,0,0,10.12148,10.0786295,0.9303675,0.2630561,0.46032882,0.23791103,0.35954252
PHL @ INDY,Week 1,PHL,INDY,2025-04-08 13:50:38,8,4,00 Emilie Mohler,29 Sara Liang,0,0,0,0,0,0,0,0,1,0,0,9.122886,-6.8620443,-6.011605,0.23791103,0.35954252,0.40038684,0.42816296
PHL @ INDY,Week 1,PHL,INDY,2025-04-08 13:50:45,8,4,29 Sara Liang,48 Caroline Weinberg,0,0,0,0,0,0,0,0,0,0,0,12.659761,7.1479616,-10.448742,0.40038684,0.42816296,0.6827853,0.35668334
PHL @ INDY,Week 1,PHL,INDY,2025-04-08 13:50:47,8,4,48 Caroline Weinberg,29 Sara Liang,0,0,0,0,0,0,0,0,1,0,0,8.512051,-4.717657,7.0851054,0.6827853,0.35668334,0.49129593,0.4038599
PHL @ INDY,Week 1,PHL,INDY,2025-04-08 13:50:54,8,4,29 Sara Liang,19 Grace Maroon,0,0,0,0,0,0,0,0,0,0,0,11.663692,9.578273,-6.6557064,0.49129593,0.4038599,0.6711799,0.3080772
PHL @ INDY,Week 1,PHL,INDY,2025-04-08 13:51:15,8,4,19 Grace Maroon,29 Sara Liang,0,0,0,0,0,0,0,0,0,0,0,5.207819,3.1451015,-4.1508694,0.6711799,0.3080772,0.78336555,0.27662617
PHL @ INDY,Week 1,PHL,INDY,2025-04-08 13:51:19,8,4,29 Sara Liang,19 Grace Maroon,0,0,0,0,0,1,0,0,0,0,0,4.3196716,3.7884207,-2.0754356,0.78336555,0.27662617,0.8394584,0.23874196
PHL @ INDY,Week 1,PHL,INDY,2025-04-08 13:51:26,8,4,19 Grace Maroon,29 Sara Liang,0,0,0,1,1,0,0,0,0,0,0,10.937321,10.936384,-0.14313304,0.8394584,0.23874196,0.84332687,0.12937813
PHL @ INDY,Week 1,PHL,INDY,2025-04-08 13:52:57,9,1,08 Joanna Maida,27 Kit Asterin,0,0,0,0,0,0,0,0,1,0,0,10.328419,-9.292353,-4.508704,0.3384913,0.5611151,0.46034816,0.6540386
PHL @ INDY,Week 1,PHL,INDY,2025-04-08 13:53:00,9,1,27 Kit Asterin,08 Joanna Maida,0,0,0,0,0,0,0,0,1,0,0,6.6569037,-2.8591871,-6.0116067,0.46034816,0.6540386,0.622824,0.6826305
PHL @ INDY,Week 1,PHL,INDY,2025-04-08 13:53:04,9,1,08 Joanna Maida,27 Kit Asterin,0,0,0,0,0,0,0,0,0,0,0,15.343974,14.867764,-3.7930367,0.622824,0.6826305,0.7253385,0.53395283
PHL @ INDY,Week 1,PHL,INDY,2025-04-08 13:53:15,9,1,27 Kit Asterin,21 Linda Morse,1,1,0,0,0,0,0,0,0,0,0,29.680017,29.378128,4.222438,0.7253385,0.53395283,0.6112186,0.24017155
PHL @ INDY,Week 1,PHL,INDY,2025-04-08 13:54:51,9,2,22 Liz Hart,08 Joanna Maida,0,0,0,0,0,0,0,0,0,0,0,8.510893,8.506078,0.2862661,0.76208895,0.5932809,0.75435203,0.50822014
PHL @ INDY,Week 1,PHL,INDY,2025-04-08 13:54:54,9,2,08 Joanna Maida,23 Natalie Bova,0,0,0,0,0,0,0,0,0,0,0,11.118593,7.1479616,8.51644,0.75435203,0.50822014,0.52417797,0.43674052
PHL @ INDY,Week 1,PHL,INDY,2025-04-08 13:55:04,9,2,23 Natalie Bova,21 Linda Morse,0,0,0,0,0,0,0,0,0,0,0,12.765294,8.506075,-9.5183735,0.52417797,0.43674052,0.7814313,0.35167977
PHL @ INDY,Week 1,PHL,INDY,2025-04-08 13:55:14,9,2,21 Linda Morse,27 Kit Asterin,0,0,0,0,0,0,0,0,1,0,0,8.459154,-8.434597,0.6441009,0.7814313,0.35167977,0.7640232,0.43602574
PHL @ INDY,Week 1,PHL,INDY,2025-04-08 13:55:20,9,2,27 Kit Asterin,21 Linda Morse,0,0,0,0,0,0,0,0,0,0,0,11.20349,5.289492,9.876207,0.7640232,0.43602574,0.49709865,0.38313082
PHL @ INDY,Week 1,PHL,INDY,2025-04-08 13:55:28,9,2,21 Linda Morse,23 Natalie Bova,0,0,0,0,0,1,0,0,0,0,0,9.271304,8.863476,2.7195356,0.49709865,0.38313082,0.4235977,0.29449606
PHL @ INDY,Week 1,PHL,INDY,2025-04-08 13:55:30,9,2,23 Natalie Bova,22 Liz Hart,0,0,0,1,1,0,0,0,0,0,0,20.615997,18.870623,8.301742,0.4235977,0.29449606,0.1992263,0.10578985
PHL @ INDY,Week 1,PHL,INDY,2025-04-08 13:59:36,11,1,29 Sara Liang,27 Kit Asterin,0,0,0,0,0,0,0,1,0,1,0,14.530859,-0.28591752,-14.528046,0.07736944,0.66404575,0.47001934,0.6669049
PHL @ INDY,Week 1,PHL,INDY,2025-04-08 13:59:42,11,1,27 Kit Asterin,15 Layne Dodge,0,0,0,0,0,0,0,0,0,0,0,13.911103,13.795567,1.7891686,0.47001934,0.6669049,0.42166343,0.52894926
PHL @ INDY,Week 1,PHL,INDY,2025-04-08 14:00:03,11,1,15 Layne Dodge,99 Veronica Kolegue-Spalaris,0,0,0,0,0,0,0,0,0,0,0,10.625403,9.292353,-5.152804,0.42166343,0.52894926,0.5609284,0.43602574
PHL @ INDY,Week 1,PHL,INDY,2025-04-08 14:00:12,11,1,99 Veronica Kolegue-Spalaris,23 Natalie Bova,0,0,0,0,0,0,0,0,1,0,0,12.385535,-10.578984,-6.4410067,0.5609284,0.43602574,0.7350097,0.5418156
PHL @ INDY,Week 1,PHL,INDY,2025-04-08 14:00:24,11,1,23 Natalie Bova,21 Linda Morse,0,0,0,0,0,0,0,0,0,0,0,9.709265,9.435311,-2.2901354,0.7350097,0.5418156,0.7969052,0.44746247
PHL @ INDY,Week 1,PHL,INDY,2025-04-08 14:00:37,11,1,21 Linda Morse,99 Veronica Kolegue-Spalaris,0,0,0,0,0,0,0,0,0,0,0,10.410762,9.57827,4.079303,0.7969052,0.44746247,0.6866538,0.35167977
PHL @ INDY,Week 1,PHL,INDY,2025-04-08 14:00:47,11,1,99 Veronica Kolegue-Spalaris,27 Kit Asterin,0,0,0,0,0,0,0,0,0,0,1,11.683888,8.148679,-8.373307,0.6866538,0.35167977,0.9129594,0.27019298
PHL @ INDY,Week 1,PHL,INDY,2025-04-08 14:00:53,11,1,27 Kit Asterin,23 Natalie Bova,0,0,0,0,0,0,0,0,1,1,0,8.993958,-4.2173,7.943908,0.9129594,0.27019298,0.6982592,0.31236598
PHL @ INDY,Week 1,PHL,INDY,2025-04-08 14:00:57,11,1,23 Natalie Bova,99 Veronica Kolegue-Spalaris,0,0,0,0,0,1,0,1,0,0,0,14.4451885,3.1451046,14.098645,0.6982592,0.31236598,0.3172147,0.28091493
PHL @ INDY,Week 1,PHL,INDY,2025-04-08 14:01:14,11,1,99 Veronica Kolegue-Spalaris,29 Sara Liang,0,0,0,1,1,0,0,0,0,0,0,17.092548,16.297356,5.1528044,0.3172147,0.28091493,0.17794971,0.11794139
PHL @ INDY,Week 1,PHL,INDY,2025-04-08 14:13:46,13,1,23 Natalie Bova,29 Sara Liang,0,0,0,0,0,0,0,0,0,0,0,11.26353,5.789852,-9.661508,0.31334624,0.65117943,0.5744681,0.5932809
PHL @ INDY,Week 1,PHL,INDY,2025-04-08 14:14:17,13,1,29 Sara Liang,27 Kit Asterin,0,0,0,0,0,0,0,0,0,0,0,4.262062,3.9313793,-1.6460345,0.5744681,0.5932809,0.6189555,0.5539671
PHL @ INDY,Week 1,PHL,INDY,2025-04-08 14:14:19,13,1,27 Kit Asterin,99 Veronica Kolegue-Spalaris,0,0,0,0,0,0,0,0,0,0,0,6.349367,3.5025,-5.295938,0.6189555,0.5539671,0.76208895,0.5189421
PHL @ INDY,Week 1,PHL,INDY,2025-04-08 14:14:43,13,1,99 Veronica Kolegue-Spalaris,29 Sara Liang,0,0,0,0,0,0,0,0,1,0,0,7.507723,-2.8591812,6.9419727,0.76208895,0.5189421,0.5744681,0.5475339
PHL @ INDY,Week 1,PHL,INDY,2025-04-08 14:14:48,13,1,29 Sara Liang,27 Kit Asterin,0,0,0,0,0,0,0,0,0,0,0,9.22439,8.791992,2.7911022,0.5744681,0.5475339,0.49903288,0.459614
PHL @ INDY,Week 1,PHL,INDY,2025-04-08 14:14:52,13,1,27 Kit Asterin,15 Layne Dodge,0,0,0,0,0,0,0,0,0,0,0,8.931627,5.146533,7.299806,0.49903288,0.459614,0.30174083,0.40814868
PHL @ INDY,Week 1,PHL,INDY,2025-04-08 14:14:57,13,1,15 Layne Dodge,23 Natalie Bova,0,0,0,0,0,0,0,0,1,0,0,10.138737,-3.8599014,-9.375241,0.30174083,0.40814868,0.5551257,0.4467477
PHL @ INDY,Week 1,PHL,INDY,2025-04-08 14:15:08,13,1,23 Natalie Bova,27 Kit Asterin,0,0,0,0,0,0,0,0,1,0,0,8.785715,-4.4317365,7.5860734,0.5551257,0.4467477,0.3500967,0.49106506
PHL @ INDY,Week 1,PHL,INDY,2025-04-08 14:15:19,13,1,27 Kit Asterin,23 Natalie Bova,0,0,0,0,0,0,0,0,0,0,0,12.827356,12.580416,2.504835,0.3500967,0.49106506,0.28239846,0.3652609
PHL @ INDY,Week 1,PHL,INDY,2025-04-08 14:15:36,13,1,23 Natalie Bova,22 Liz Hart,1,1,1,0,0,0,0,0,0,0,0,11.641246,7.3624015,-9.017408,0.28239846,0.3652609,0.5261122,0.29163688
PHL @ INDY,Week 1,PHL,INDY,2025-04-08 14:16:22,13,2,27 Kit Asterin,23 Natalie Bova,0,0,0,0,0,0,0,0,0,1,0,9.96873,8.005717,-5.940039,0.06963249,0.49035025,0.23017408,0.41029307
PHL @ INDY,Week 1,PHL,INDY,2025-04-08 14:16:31,13,2,23 Natalie Bova,27 Kit Asterin,1,1,0,0,0,0,0,0,1,0,0,11.754825,-6.1472473,-10.019344,0.23017408,0.41029307,0.50096714,0.47176555
PHL @ INDY,Week 1,PHL,INDY,2025-04-08 14:18:59,13,3,27 Kit Asterin,99 Veronica Kolegue-Spalaris,0,0,0,0,0,0,0,0,0,0,1,11.176173,11.007863,-1.9323006,0.827853,0.8127234,0.88007736,0.70264477
PHL @ INDY,Week 1,PHL,INDY,2025-04-08 14:19:01,13,3,99 Veronica Kolegue-Spalaris,29 Sara Liang,0,0,0,0,0,0,0,0,0,1,0,10.130251,10.007149,1.5744679,0.88007736,0.70264477,0.8375242,0.6025733
PHL @ INDY,Week 1,PHL,INDY,2025-04-08 14:19:12,13,3,29 Sara Liang,27 Kit Asterin,0,0,0,0,0,0,0,0,0,0,0,9.866524,9.864187,0.21469957,0.8375242,0.6025733,0.8317215,0.5039314
PHL @ INDY,Week 1,PHL,INDY,2025-04-08 14:23:25,14,1,00 Emilie Mohler,29 Sara Liang,0,0,0,0,0,0,0,1,0,0,1,14.656075,6.7190857,13.025145,0.48355898,0.43388134,0.13152805,0.3666905
PHL @ INDY,Week 1,PHL,INDY,2025-04-08 14:23:28,14,1,29 Sara Liang,00 Emilie Mohler,0,0,0,0,0,0,0,0,1,1,0,9.560439,-7.433882,-6.0116053,0.13152805,0.3666905,0.29400387,0.4410293
PHL @ INDY,Week 1,PHL,INDY,2025-04-08 14:23:29,14,1,00 Emilie Mohler,29 Sara Liang,0,0,0,0,0,0,0,0,0,0,0,8.452933,6.2187285,-5.7253385,0.29400387,0.4410293,0.44874275,0.37884203
PHL @ INDY,Week 1,PHL,INDY,2025-04-08 14:23:35,14,1,29 Sara Liang,00 Emilie Mohler,0,0,0,0,0,0,0,0,1,0,0,5.2046056,-4.8606157,1.860735,0.44874275,0.37884203,0.3984526,0.42744818
PHL @ INDY,Week 1,PHL,INDY,2025-04-08 14:23:40,14,1,00 Emilie Mohler,09 Sarah Hirannet,0,0,0,0,0,0,0,0,0,0,0,13.144088,10.578987,7.8007736,0.3984526,0.42744818,0.1876209,0.3216583
PHL @ INDY,Week 1,PHL,INDY,2025-04-08 14:23:45,14,1,09 Sarah Hirannet,00 Emilie Mohler,0,0,0,0,0,0,0,0,1,0,0,7.8835783,-7.8627615,-0.57253385,0.1876209,0.3216583,0.20309478,0.40028593
PHL @ INDY,Week 1,PHL,INDY,2025-04-08 14:23:53,14,1,00 Emilie Mohler,19 Grace Maroon,0,0,0,0,0,0,0,0,0,0,1,10.780796,9.792709,4.508704,0.20309478,0.40028593,0.08123791,0.30235884
PHL @ INDY,Week 1,PHL,INDY,2025-04-08 14:24:13,14,1,19 Grace Maroon,17 Allie Milligan,0,0,0,0,0,0,0,0,0,1,0,7.7997594,2.930665,-7.2282395,0.08123791,0.30235884,0.27659574,0.2730522
PHL @ INDY,Week 1,PHL,INDY,2025-04-08 14:24:15,14,1,17 Allie Milligan,19 Grace Maroon,0,0,0,0,0,0,0,0,0,0,0,4.1809187,-0.50035715,4.1508703,0.27659574,0.2730522,0.16441005,0.27805576
PHL @ INDY,Week 1,PHL,INDY,2025-04-08 14:24:48,14,1,19 Grace Maroon,17 Allie Milligan,0,0,0,0,0,1,0,0,0,0,0,7.7206435,3.7884207,-6.727273,0.16441005,0.27805576,0.34622824,0.24017155
PHL @ INDY,Week 1,PHL,INDY,2025-04-08 14:25:27,14,1,17 Allie Milligan,19 Grace Maroon,0,0,0,1,1,0,0,0,0,0,0,9.501975,7.7912793,-5.439071,0.34622824,0.24017155,0.49323016,0.16225876
PHL @ INDY,Week 1,PHL,INDY,2025-04-08 14:26:58,15,1,08 Joanna Maida,27 Kit Asterin,0,0,0,0,0,0,0,0,0,0,0,7.2911763,6.576127,-3.148938,0.76208895,0.6197284,0.8471954,0.5539671
PHL @ INDY,Week 1,PHL,INDY,2025-04-08 14:27:09,15,1,27 Kit Asterin,22 Liz Hart,0,0,0,0,0,0,0,0,0,0,0,9.449244,-0.21443963,9.44681,0.8471954,0.5539671,0.5918762,0.5561115
PHL @ INDY,Week 1,PHL,INDY,2025-04-08 14:27:14,15,1,22 Liz Hart,27 Kit Asterin,0,0,0,0,0,0,0,0,1,0,0,6.0200973,-4.3602586,-4.1508694,0.5918762,0.5561115,0.70406187,0.5997141
PHL @ INDY,Week 1,PHL,INDY,2025-04-08 14:27:23,15,1,27 Kit Asterin,03 Rachel Alfano,0,0,0,0,0,0,0,0,0,0,0,14.039478,13.3666935,-4.2940044,0.70406187,0.5997141,0.82011604,0.46604717
PHL @ INDY,Week 1,PHL,INDY,2025-04-08 14:27:28,15,1,03 Rachel Alfano,27 Kit Asterin,0,0,0,0,0,0,0,0,1,0,0,12.375911,-7.3624015,9.947775,0.82011604,0.46604717,0.55125725,0.5396712
PHL @ INDY,Week 1,PHL,INDY,2025-04-08 14:27:36,15,1,27 Kit Asterin,03 Rachel Alfano,1,0,1,0,0,0,0,0,0,0,0,13.228826,10.936382,7.44294,0.55125725,0.5396712,0.3500967,0.43030736
PHL @ INDY,Week 1,PHL,INDY,2025-04-08 14:31:56,15,2,29 Sara Liang,19 Grace Maroon,0,0,0,0,0,0,0,0,0,1,1,7.153692,7.1479616,0.2862683,0.95357835,0.72480345,0.9458414,0.6533238
PHL @ INDY,Week 1,PHL,INDY,2025-04-08 14:32:01,15,2,19 Grace Maroon,29 Sara Liang,0,0,0,0,0,0,0,0,0,1,1,6.014945,6.0042915,0.3578326,0.9458414,0.6533238,0.9361702,0.5932809
PHL @ INDY,Week 1,PHL,INDY,2025-04-08 14:32:07,15,2,29 Sara Liang,19 Grace Maroon,0,0,0,0,0,0,0,1,0,1,0,12.498686,1.0721922,12.452612,0.9361702,0.5932809,0.59961313,0.582559
PHL @ INDY,Week 1,PHL,INDY,2025-04-08 14:32:14,15,2,19 Grace Maroon,29 Sara Liang,1,0,1,0,0,0,0,0,1,0,0,8.861688,-6.576127,-5.940039,0.59961313,0.582559,0.7601547,0.64832026
PHL @ INDY,Week 1,PHL,INDY,2025-04-08 14:33:16,15,3,29 Sara Liang,19 Grace Maroon,0,0,0,0,0,0,0,1,0,1,0,17.181368,-0.42887926,17.176014,0.98839456,0.8091494,0.52417797,0.8134382
PHL @ INDY,Week 1,PHL,INDY,2025-04-08 14:33:33,15,3,19 Grace Maroon,73 Chelsea Semper,0,0,0,0,0,0,0,0,0,0,0,10.093187,0.21443963,10.090909,0.52417797,0.8134382,0.2514507,0.8112938
PHL @ INDY,Week 1,PHL,INDY,2025-04-08 14:33:45,15,3,73 Chelsea Semper,00 Emilie Mohler,1,1,0,0,0,0,0,0,0,0,0,13.248026,11.007863,-7.3713727,0.2514507,0.8112938,0.45067698,0.70121515
PHL @ INDY,Week 1,PHL,INDY,2025-04-08 14:35:16,16,1,27 Kit Asterin,23 Natalie Bova,0,0,0,0,0,0,0,0,1,1,0,11.396427,-9.935671,5.5822043,0.9477756,0.44603288,0.7969052,0.5453896
PHL @ INDY,Week 1,PHL,INDY,2025-04-08 14:35:23,16,1,23 Natalie Bova,27 Kit Asterin,0,0,0,0,0,0,0,0,1,0,0,8.672983,-8.649034,0.6441009,0.7969052,0.5453896,0.7794971,0.6318799
PHL @ INDY,Week 1,PHL,INDY,2025-04-08 14:35:38,16,1,27 Kit Asterin,08 Joanna Maida,0,0,0,0,0,0,0,0,1,0,1,7.682045,-4.074335,-6.5125732,0.7794971,0.6318799,0.9555126,0.6726233
PHL @ INDY,Week 1,PHL,INDY,2025-04-08 14:35:41,16,1,08 Joanna Maida,27 Kit Asterin,0,0,0,0,0,0,0,0,1,1,0,8.159448,-3.6454618,7.2998075,0.9555126,0.6726233,0.7582205,0.7090779
PHL @ INDY,Week 1,PHL,INDY,2025-04-08 14:35:45,16,1,27 Kit Asterin,03 Rachel Alfano,0,0,0,0,0,0,0,0,0,0,0,9.156286,8.720511,2.7911031,0.7582205,0.7090779,0.6827853,0.6218728
PHL @ INDY,Week 1,PHL,INDY,2025-04-08 14:35:49,16,1,03 Rachel Alfano,27 Kit Asterin,1,0,1,0,0,0,0,0,1,0,0,6.796735,-6.576127,-1.7176032,0.6827853,0.6218728,0.729207,0.68763405
PHL @ INDY,Week 1,PHL,INDY,2025-04-08 14:43:12,17,1,29 Sara Liang,00 Emilie Mohler,0,0,0,0,0,0,0,0,1,0,0,8.014525,-5.218011,6.083172,0.69052225,0.5968549,0.5261122,0.64903504
PHL @ INDY,Week 1,PHL,INDY,2025-04-08 14:43:16,17,1,00 Emilie Mohler,29 Sara Liang,0,0,0,0,0,0,0,0,0,0,0,7.6287107,2.2158682,-7.299805,0.5261122,0.64903504,0.7234042,0.62687635
PHL @ INDY,Week 1,PHL,INDY,2025-04-08 14:43:18,17,1,29 Sara Liang,19 Grace Maroon,0,0,0,0,0,0,0,0,0,0,1,9.447338,5.432451,-7.7292085,0.7234042,0.62687635,0.93230176,0.57255185
PHL @ INDY,Week 1,PHL,INDY,2025-04-08 14:43:23,17,1,19 Grace Maroon,29 Sara Liang,0,0,0,0,0,0,0,0,0,1,1,6.504649,6.504649,0.0,0.93230176,0.57255185,0.93230176,0.50750536
PHL @ INDY,Week 1,PHL,INDY,2025-04-08 14:43:26,17,1,29 Sara Liang,19 Grace Maroon,0,0,0,0,0,0,0,0,0,1,0,4.717819,0.7862747,4.6518373,0.93230176,0.50750536,0.80657643,0.4996426
PHL @ INDY,Week 1,PHL,INDY,2025-04-08 14:43:30,17,1,19 Grace Maroon,29 Sara Liang,0,0,0,0,0,0,0,0,1,0,0,6.4938397,-5.7183685,3.0773716,0.80657643,0.4996426,0.7234042,0.5568263
PHL @ INDY,Week 1,PHL,INDY,2025-04-08 14:43:50,17,1,29 Sara Liang,00 Emilie Mohler,0,0,0,0,0,0,0,0,1,0,0,12.258642,-9.149397,8.158606,0.7234042,0.5568263,0.5029014,0.64832026
PHL @ INDY,Week 1,PHL,INDY,2025-04-08 14:43:57,17,1,00 Emilie Mohler,19 Grace Maroon,0,0,0,0,0,0,0,0,0,0,0,7.0812826,4.9320993,-5.0812364,0.5029014,0.64832026,0.6402321,0.59899926
PHL @ INDY,Week 1,PHL,INDY,2025-04-08 14:44:01,17,1,19 Grace Maroon,00 Emilie Mohler,0,0,0,0,0,0,0,0,0,0,0,4.508912,4.002857,2.0754335,0.6402321,0.59899926,0.5841393,0.5589707
PHL @ INDY,Week 1,PHL,INDY,2025-04-08 14:44:07,17,1,00 Emilie Mohler,19 Grace Maroon,1,1,1,0,0,0,0,0,1,0,0,5.0574555,-3.573984,3.5783372,0.5841393,0.5589707,0.48742747,0.5947105
PHL @ INDY,Week 1,PHL,INDY,2025-04-08 14:51:06,19,1,00 Emilie Mohler,29 Sara Liang,0,0,0,0,0,0,0,0,0,1,1,8.027316,7.791278,1.9323027,0.99613154,0.52466047,0.94390714,0.4467477
PHL @ INDY,Week 1,PHL,INDY,2025-04-08 14:51:26,19,1,29 Sara Liang,00 Emilie Mohler,0,0,0,0,0,0,0,0,1,1,0,7.855891,-2.7162254,7.3713737,0.94390714,0.4467477,0.7446808,0.47390994
PHL @ INDY,Week 1,PHL,INDY,2025-04-08 14:51:43,19,1,00 Emilie Mohler,19 Grace Maroon,0,0,0,0,0,0,0,0,0,0,0,9.7475395,9.721231,-0.7156674,0.7446808,0.47390994,0.7640232,0.37669763
PHL @ INDY,Week 1,PHL,INDY,2025-04-08 14:51:45,19,1,19 Grace Maroon,09 Sarah Hirannet,0,0,0,0,0,0,0,0,0,0,1,7.299459,6.1472473,-3.936172,0.7640232,0.37669763,0.8704062,0.31522515
PHL @ INDY,Week 1,PHL,INDY,2025-04-08 14:51:50,19,1,09 Sarah Hirannet,00 Emilie Mohler,0,0,0,0,0,0,0,0,1,1,0,9.859428,-9.792709,1.1450688,0.8704062,0.31522515,0.8394584,0.41315225
PHL @ INDY,Week 1,PHL,INDY,2025-04-08 14:51:57,19,1,00 Emilie Mohler,17 Allie Milligan,0,0,0,0,0,0,0,1,0,0,0,13.171382,-0.28591752,13.168279,0.8394584,0.41315225,0.48355898,0.41601142
PHL @ INDY,Week 1,PHL,INDY,2025-04-08 14:52:20,19,1,17 Allie Milligan,19 Grace Maroon,0,0,0,0,0,0,0,0,0,0,0,13.222547,7.7198,10.735009,0.48355898,0.41601142,0.1934236,0.33881342
PHL @ INDY,Week 1,PHL,INDY,2025-04-08 14:52:25,19,1,19 Grace Maroon,09 Sarah Hirannet,0,0,0,0,0,0,0,0,0,0,0,9.873086,6.647605,-7.299806,0.1934236,0.33881342,0.39071566,0.27233738
PHL @ INDY,Week 1,PHL,INDY,2025-04-08 14:52:28,19,1,09 Sarah Hirannet,00 Emilie Mohler,0,0,0,0,0,0,0,0,1,0,0,6.4914594,-3.4310222,-5.5106378,0.39071566,0.27233738,0.5396518,0.3066476
PHL @ INDY,Week 1,PHL,INDY,2025-04-08 14:52:39,19,1,00 Emilie Mohler,09 Sarah Hirannet,0,0,0,0,0,1,0,0,0,0,0,10.941331,8.791993,6.5125713,0.5396518,0.3066476,0.36363637,0.21872766
PHL @ INDY,Week 1,PHL,INDY,2025-04-08 14:52:43,19,1,09 Sarah Hirannet,73 Chelsea Semper,0,0,0,1,1,0,0,0,0,0,0,11.26577,9.292353,6.369439,0.36363637,0.21872766,0.19148937,0.12580414
PHL @ INDY,Week 1,PHL,INDY,2025-04-08 14:56:07,20,1,27 Kit Asterin,99 Veronica Kolegue-Spalaris,0,0,0,0,0,0,0,1,0,1,0,22.134384,-3.2165825,-21.89942,0.054158606,0.7305218,0.64603484,0.7626876
PHL @ INDY,Week 1,PHL,INDY,2025-04-08 14:56:15,20,1,99 Veronica Kolegue-Spalaris,27 Kit Asterin,0,0,0,0,0,0,0,0,1,0,0,10.757742,-5.146533,9.44681,0.64603484,0.7626876,0.39071566,0.81415296
PHL @ INDY,Week 1,PHL,INDY,2025-04-08 14:56:28,20,1,27 Kit Asterin,21 Linda Morse,0,0,0,0,0,0,0,0,1,0,0,9.181595,-3.4310222,8.516441,0.39071566,0.81415296,0.16054158,0.8484632
PHL @ INDY,Week 1,PHL,INDY,2025-04-08 14:56:32,20,1,21 Linda Morse,23 Natalie Bova,0,0,0,0,0,0,0,0,0,0,0,8.901814,6.218725,-6.3694396,0.16054158,0.8484632,0.3326886,0.7862759
PHL @ INDY,Week 1,PHL,INDY,2025-04-08 14:56:35,20,1,23 Natalie Bova,27 Kit Asterin,0,0,0,0,0,0,0,0,1,0,0,6.211327,-3.3595443,-5.2243705,0.3326886,0.7862759,0.4738878,0.81987137
PHL @ INDY,Week 1,PHL,INDY,2025-04-08 14:56:46,20,1,27 Kit Asterin,23 Natalie Bova,0,0,0,0,0,0,0,0,0,0,0,9.706091,-0.92923045,9.661508,0.4738878,0.81987137,0.21276596,0.8291637
PHL @ INDY,Week 1,PHL,INDY,2025-04-08 14:56:51,20,1,23 Natalie Bova,21 Linda Morse,0,0,0,0,0,0,0,1,0,0,0,11.6873255,3.2165825,-11.235976,0.21276596,0.8291637,0.516441,0.79699785
PHL @ INDY,Week 1,PHL,INDY,2025-04-08 14:57:01,20,1,21 Linda Morse,27 Kit Asterin,0,0,0,0,0,0,0,0,0,0,0,7.684615,-0.6433189,7.65764,0.516441,0.79699785,0.30947775,0.80343103
PHL @ INDY,Week 1,PHL,INDY,2025-04-08 14:57:36,20,1,27 Kit Asterin,15 Layne Dodge,1,1,0,0,0,0,0,0,0,0,0,30.238003,30.235886,-0.3578337,0.30947775,0.80343103,0.31914893,0.50107217
PHL @ INDY,Week 1,PHL,INDY,2025-04-08 14:58:28,20,2,29 Sara Liang,27 Kit Asterin,0,0,0,0,0,0,0,1,0,1,0,15.76474,-3.4310222,15.386848,0.99032885,0.7541101,0.5744681,0.7884203
PHL @ INDY,Week 1,PHL,INDY,2025-04-08 14:58:35,20,2,27 Kit Asterin,99 Veronica Kolegue-Spalaris,1,1,0,0,0,0,0,0,0,0,0,11.903989,7.9342422,8.874274,0.5744681,0.7884203,0.33462283,0.7090779
PHL @ INDY,Week 1,PHL,INDY,2025-04-08 15:00:37,20,3,29 Sara Liang,23 Natalie Bova,0,0,0,0,0,0,0,0,0,0,0,4.8139405,-0.9292364,-4.723404,0.30174083,0.76411724,0.42940038,0.7734096
PHL @ INDY,Week 1,PHL,INDY,2025-04-08 15:00:40,20,3,23 Natalie Bova,29 Sara Liang,0,0,0,0,0,0,0,0,0,0,0,7.662966,1.5010774,7.514507,0.42940038,0.7734096,0.2263056,0.75839883
PHL @ INDY,Week 1,PHL,INDY,2025-04-08 15:00:46,20,3,29 Sara Liang,21 Linda Morse,0,0,0,0,0,0,0,0,0,0,1,10.27182,9.363831,4.222437,0.2263056,0.75839883,0.11218569,0.66476053
PHL @ INDY,Week 1,PHL,INDY,2025-04-08 15:00:55,20,3,21 Linda Morse,15 Layne Dodge,0,0,0,0,0,0,0,0,0,1,0,27.064617,25.518227,-9.017408,0.11218569,0.66476053,0.35589942,0.40957826
PHL @ INDY,Week 1,PHL,INDY,2025-04-08 15:01:11,20,3,15 Layne Dodge,03 Rachel Alfano,0,0,0,0,0,0,0,0,0,0,0,6.230482,3.5025,5.152805,0.35589942,0.40957826,0.21663442,0.37455326
PHL @ INDY,Week 1,PHL,INDY,2025-04-08 15:01:16,20,3,03 Rachel Alfano,23 Natalie Bova,0,0,0,0,0,1,0,0,1,0,0,7.3682547,-1.4295906,-7.2282395,0.21663442,0.37455326,0.41199225,0.38884917
PHL @ INDY,Week 1,PHL,INDY,2025-04-08 15:01:23,20,3,23 Natalie Bova,21 Linda Morse,0,0,0,1,1,0,0,0,0,0,0,25.077862,24.73195,4.1508703,0.41199225,0.38884917,0.29980657,0.14152966
PHL @ INDY,Week 1,PHL,INDY,2025-04-08 15:04:14,21,1,29 Sara Liang,00 Emilie Mohler,0,0,0,0,0,0,0,1,0,1,0,15.791492,-1.9299507,15.673115,0.93810445,0.3817012,0.51450676,0.4010007
PHL @ INDY,Week 1,PHL,INDY,2025-04-08 15:04:20,21,1,00 Emilie Mohler,19 Grace Maroon,0,0,0,0,0,0,0,0,0,0,0,12.629034,10.150107,-7.514507,0.51450676,0.4010007,0.71760154,0.29949963
PHL @ INDY,Week 1,PHL,INDY,2025-04-08 15:04:25,21,1,19 Grace Maroon,73 Chelsea Semper,0,0,0,0,0,0,0,0,0,0,0,14.073883,10.864903,8.945841,0.71760154,0.29949963,0.47582206,0.1908506
PHL @ INDY,Week 1,PHL,INDY,2025-04-08 15:04:32,21,1,73 Chelsea Semper,00 Emilie Mohler,0,0,0,0,0,0,0,0,1,0,0,6.836758,-5.432452,-4.1508703,0.47582206,0.1908506,0.58800775,0.24517512
PHL @ INDY,Week 1,PHL,INDY,2025-04-08 15:04:48,21,1,00 Emilie Mohler,73 Chelsea Semper,0,0,0,0,0,0,0,0,0,0,0,5.3226075,3.1451032,4.2940044,0.58800775,0.24517512,0.47195357,0.21372409
PHL @ INDY,Week 1,PHL,INDY,2025-04-08 15:04:55,21,1,73 Chelsea Semper,48 Caroline Weinberg,1,0,1,1,0,0,0,0,0,0,0,11.260557,6.6476064,9.088975,0.47195357,0.21372409,0.2263056,0.14724803
PHL @ INDY,Week 1,PHL,INDY,2025-04-08 15:06:22,21,2,29 Sara Liang,19 Grace Maroon,0,0,0,1,1,0,0,0,0,0,0,7.909313,3.9185138,-6.870406,0.22243714,0.18,0.4081238,0.14081487
PHL @ INDY,Week 1,PHL,INDY,2025-04-08 15:08:03,22,1,17 Allie Milligan,73 Chelsea Semper,0,0,0,0,0,0,0,0,0,0,0,6.655595,3.0021458,-5.940039,0.6711799,0.39814153,0.8317215,0.36812007
PHL @ INDY,Week 1,PHL,INDY,2025-04-08 15:08:12,22,1,73 Chelsea Semper,27 Kit Asterin,1,1,0,0,0,0,0,0,0,0,0,6.9569273,6.8620443,1.1450688,0.8317215,0.36812007,0.8007737,0.29949963
PHL @ INDY,Week 1,PHL,INDY,2025-04-08 15:12:18,23,1,27 Kit Asterin,29 Sara Liang,0,0,0,0,0,0,0,0,0,0,0,8.701901,1.786989,8.51644,0.59574467,0.6154396,0.3655706,0.5975697
PHL @ INDY,Week 1,PHL,INDY,2025-04-08 15:12:29,23,1,29 Sara Liang,27 Kit Asterin,1,1,0,0,0,0,0,0,1,0,0,6.04929,-5.075055,3.29207,0.3655706,0.5975697,0.27659574,0.64832026
PHL @ INDY,Week 1,PHL,INDY,2025-04-08 15:13:44,23,2,27 Kit Asterin,23 Natalie Bova,0,0,0,0,0,0,0,0,0,1,0,8.871363,2.930665,-8.373307,0.06769826,0.42744818,0.29400387,0.39814153
PHL @ INDY,Week 1,PHL,INDY,2025-04-08 15:13:46,23,2,23 Natalie Bova,27 Kit Asterin,0,0,0,0,0,0,0,0,0,0,0,7.5263047,4.4317365,-6.083172,0.29400387,0.39814153,0.45841393,0.35382417
PHL @ INDY,Week 1,PHL,INDY,2025-04-08 15:14:06,23,2,27 Kit Asterin,23 Natalie Bova,0,0,0,0,0,1,0,0,0,0,0,6.5047336,3.2165856,-5.653772,0.45841393,0.35382417,0.6112186,0.3216583
PHL @ INDY,Week 1,PHL,INDY,2025-04-08 15:14:24,23,2,23 Natalie Bova,21 Linda Morse,0,0,0,1,1,0,0,0,0,0,0,19.557482,19.013578,-4.580271,0.6112186,0.3216583,0.7350097,0.13152252
PHL @ INDY,Week 1,PHL,INDY,2025-04-08 15:16:28,24,1,29 Sara Liang,00 Emilie Mohler,0,0,0,0,0,0,0,0,0,0,0,7.5090218,3.8599014,6.4410067,0.7466151,0.656183,0.57253385,0.617584
PHL @ INDY,Week 1,PHL,INDY,2025-04-08 15:16:31,24,1,00 Emilie Mohler,19 Grace Maroon,0,0,0,0,0,0,0,0,0,0,0,6.585691,0.14296174,6.584139,0.57253385,0.617584,0.39458415,0.6161544
PHL @ INDY,Week 1,PHL,INDY,2025-04-08 15:16:35,24,1,19 Grace Maroon,00 Emilie Mohler,0,0,0,0,0,0,0,0,1,0,0,7.1977496,-6.933528,-1.9323016,0.39458415,0.6161544,0.44680852,0.68548965
RAL @ LA,Week 1,LA,RAL,2025-04-06 11:48:49,1,1,01 Maggie O'Connor,25 Samantha Wool,1,1,0,0,0,0,0,0,1,0,0,11.345487,-4.1317353,-10.566401,0.27777773,0.4802469,0.4944444,0.51790124
RAL @ LA,Week 1,LA,RAL,2025-04-06 11:49:25,1,2,01 Maggie O'Connor,25 Samantha Wool,0,0,0,0,0,0,0,0,1,1,0,12.7367525,-5.147738,11.650135,0.8888889,0.5092592,0.65,0.55617285
RAL @ LA,Week 1,LA,RAL,2025-04-06 11:50:34,1,2,25 Samantha Wool,20 Madee Shade,0,0,0,0,0,0,0,0,0,0,0,8.473438,6.570135,-5.350932,0.65,0.55617285,0.7597222,0.4962963
RAL @ LA,Week 1,LA,RAL,2025-04-06 11:50:37,1,2,20 Madee Shade,50 Lilet Brooks,1,1,0,0,0,0,0,0,0,0,0,31.689934,31.428265,4.063999,0.7597222,0.4962963,0.67638886,0.20987654
RAL @ LA,Week 1,LA,RAL,2025-04-06 11:51:33,1,3,01 Maggie O'Connor,25 Samantha Wool,0,0,0,0,0,0,0,0,0,1,0,11.52522,11.3792,-1.8288001,0.12083333,0.39135802,0.15833333,0.2876543
RAL @ LA,Week 1,LA,RAL,2025-04-06 11:51:39,1,3,25 Samantha Wool,01 Maggie O'Connor,0,0,0,0,0,0,0,0,1,0,0,7.0990868,-6.163734,-3.5221324,0.15833333,0.2876543,0.23055553,0.34382716
RAL @ LA,Week 1,LA,RAL,2025-04-06 11:51:43,1,3,01 Maggie O'Connor,25 Samantha Wool,0,0,0,0,0,0,0,0,1,0,0,8.997323,-1.4901317,-8.873068,0.23055553,0.34382716,0.4125,0.3574074
RAL @ LA,Week 1,LA,RAL,2025-04-06 11:52:00,1,3,25 Samantha Wool,03 Chip Yen,1,1,0,0,0,0,0,1,0,0,0,21.876608,6.3669314,-20.9296,0.4125,0.3574074,0.84166664,0.29938272
RAL @ LA,Week 1,LA,RAL,2025-04-06 11:52:49,1,4,25 Samantha Wool,01 Maggie O'Connor,0,0,0,0,0,0,0,0,0,0,0,13.019257,10.905067,-7.112001,0.4819444,0.53209877,0.62777776,0.43271604
RAL @ LA,Week 1,LA,RAL,2025-04-06 11:53:09,1,4,01 Maggie O'Connor,50 Lilet Brooks,1,0,1,0,0,0,0,0,0,0,0,18.299536,16.526932,-7.857067,0.62777776,0.43271604,0.7888889,0.28209877
RAL @ LA,Week 1,LA,RAL,2025-04-06 11:54:11,1,5,25 Samantha Wool,01 Maggie O'Connor,0,0,0,0,0,0,0,0,1,0,0,8.368836,-5.350932,-6.4346676,0.23888887,0.57469136,0.37083334,0.6234568
RAL @ LA,Week 1,LA,RAL,2025-04-06 11:54:27,1,5,01 Maggie O'Connor,00 Stephanie Pritchard,0,0,0,0,0,0,0,0,0,0,0,23.155787,21.877867,7.586136,0.37083334,0.6234568,0.21527773,0.42407405
RAL @ LA,Week 1,LA,RAL,2025-04-06 11:54:41,1,5,00 Stephanie Pritchard,50 Lilet Brooks,0,0,0,0,0,0,0,0,0,0,0,11.66607,11.650132,0.6096002,0.21527773,0.42407405,0.20277773,0.31790122
RAL @ LA,Week 1,LA,RAL,2025-04-06 11:54:58,1,5,50 Lilet Brooks,01 Maggie O'Connor,0,0,0,0,0,0,0,0,1,0,1,7.8108025,-7.247468,2.9125323,0.20277773,0.31790122,0.14305553,0.38395062
RAL @ LA,Week 1,LA,RAL,2025-04-06 11:55:00,1,5,01 Maggie O'Connor,50 Lilet Brooks,0,0,0,0,0,0,0,0,0,1,0,9.765119,-0.4741324,-9.753601,0.14305553,0.38395062,0.34305555,0.3882716
RAL @ LA,Week 1,LA,RAL,2025-04-06 11:55:08,1,5,50 Lilet Brooks,11 Emily Ash,1,1,0,0,0,0,0,0,0,0,0,13.413595,9.279467,-9.685868,0.34305555,0.3882716,0.5416667,0.3037037
RAL @ LA,Week 1,LA,RAL,2025-04-06 12:05:19,1,6,01 Maggie O'Connor,25 Samantha Wool,0,0,0,0,0,1,0,0,0,0,0,12.068703,-0.5418686,-12.056532,0.3,0.1685185,0.5472222,0.17345679
RAL @ LA,Week 1,LA,RAL,2025-04-06 12:06:08,1,6,25 Samantha Wool,03 Chip Yen,0,0,0,1,1,0,0,0,0,0,0,14.417021,8.398932,11.717868,0.5472222,0.17345679,0.3069444,0.09691358
RAL @ LA,Week 1,LA,RAL,2025-04-06 12:27:34,2,1,16 Karli Steiner,07 Jessica Martinez,0,0,0,0,0,0,0,0,0,0,1,18.133953,11.582404,-13.953071,0.5986111,0.82160497,0.8847223,0.7160494
RAL @ LA,Week 1,LA,RAL,2025-04-06 12:27:40,2,1,07 Jessica Martinez,16 Karli Steiner,0,0,0,0,0,0,0,0,0,1,0,12.436771,1.0159961,12.395203,0.8847223,0.7160494,0.63055557,0.70679015
RAL @ LA,Week 1,LA,RAL,2025-04-06 12:28:27,2,1,16 Karli Steiner,29 Hanae Oda,0,0,0,0,0,0,0,0,0,0,0,15.475993,12.124268,-9.6181345,0.63055557,0.70679015,0.8277778,0.5962963
RAL @ LA,Week 1,LA,RAL,2025-04-06 12:28:29,2,1,29 Hanae Oda,16 Karli Steiner,0,0,0,0,0,0,0,0,0,0,0,9.449956,3.2512019,8.873069,0.8277778,0.5962963,0.6458333,0.56666666
RAL @ LA,Week 1,LA,RAL,2025-04-06 12:28:47,2,1,16 Karli Steiner,07 Jessica Martinez,0,0,0,0,0,0,0,0,0,0,0,15.14866,11.921063,-9.3472,0.6458333,0.56666666,0.8375,0.4580247
RAL @ LA,Week 1,LA,RAL,2025-04-06 12:29:02,2,1,07 Jessica Martinez,40 Veronica Yee,1,0,1,0,0,0,0,0,0,0,1,13.84712,12.530668,-5.8928003,0.8375,0.4580247,0.9583333,0.34382716
RAL @ LA,Week 1,LA,RAL,2025-04-06 12:30:05,2,2,41 Natalie So,16 Karli Steiner,0,0,0,0,0,0,0,1,0,0,0,16.529154,-0.27093187,16.526934,0.6777778,0.8333334,0.33888894,0.8358025
RAL @ LA,Week 1,LA,RAL,2025-04-06 12:30:16,2,2,16 Karli Steiner,29 Hanae Oda,1,1,0,0,0,0,0,0,0,0,0,14.0797415,13.614403,3.5898683,0.33888894,0.8358025,0.2652778,0.7117284
RAL @ LA,Week 1,LA,RAL,2025-04-06 12:31:46,2,3,16 Karli Steiner,23 Frances Lebar,1,1,0,0,0,0,1,0,0,1,1,43.82436,43.688004,-3.4543998,0.8986111,0.8401235,0.96944445,0.4419753
RAL @ LA,Week 1,LA,RAL,2025-04-06 12:37:05,3,1,93 Naomi Guzman,26 Cameron Helm,0,0,0,0,0,0,0,0,0,0,0,19.467766,11.8533325,-15.4432,0.23888887,0.57901233,0.5555555,0.47098765
RAL @ LA,Week 1,LA,RAL,2025-04-06 12:37:26,3,1,26 Cameron Helm,24 Avalon Igawa,0,0,0,0,0,0,0,0,0,0,0,15.18194,8.669866,-12.4629345,0.5555555,0.47098765,0.8111111,0.3919753
RAL @ LA,Week 1,LA,RAL,2025-04-06 12:37:41,3,1,24 Avalon Igawa,02 Iman Haq,0,0,0,0,0,0,0,1,0,0,0,15.322265,2.573869,15.104535,0.8111111,0.3919753,0.50138885,0.3685185
RAL @ LA,Week 1,LA,RAL,2025-04-06 12:37:44,3,1,02 Iman Haq,24 Avalon Igawa,0,0,0,0,0,0,0,0,1,0,0,12.376681,-7.789335,-9.6181345,0.50138885,0.3685185,0.6986111,0.43950617
RAL @ LA,Week 1,LA,RAL,2025-04-06 12:37:51,3,1,24 Avalon Igawa,44 Nadine Meister,0,0,0,0,0,0,0,0,0,0,0,9.244795,8.602134,-3.3866684,0.6986111,0.43950617,0.76805556,0.3611111
RAL @ LA,Week 1,LA,RAL,2025-04-06 12:37:56,3,1,44 Nadine Meister,02 Iman Haq,0,0,0,0,0,0,0,0,0,0,0,11.632204,5.2832007,10.363202,0.76805556,0.3611111,0.5555555,0.31296295
RAL @ LA,Week 1,LA,RAL,2025-04-06 12:38:04,3,1,02 Iman Haq,34 Amanda Ring,1,0,1,0,0,0,0,0,0,0,0,14.063108,8.263464,11.3792,0.5555555,0.31296295,0.3222222,0.23765433
RAL @ LA,Week 1,LA,RAL,2025-04-06 12:38:49,3,2,93 Naomi Guzman,44 Nadine Meister,0,0,0,0,0,0,0,1,0,0,0,16.937399,3.9962628,16.459202,0.8111111,0.49074072,0.47361106,0.454321
RAL @ LA,Week 1,LA,RAL,2025-04-06 12:39:05,3,2,44 Nadine Meister,34 Amanda Ring,0,0,0,0,0,0,0,0,0,0,1,21.658257,14.15627,16.391464,0.47361106,0.454321,0.1375,0.32530862
RAL @ LA,Week 1,LA,RAL,2025-04-06 12:39:32,3,2,34 Amanda Ring,44 Nadine Meister,0,0,0,0,0,0,0,0,1,1,0,10.28566,-6.63787,-7.857065,0.1375,0.32530862,0.29861107,0.38580248
RAL @ LA,Week 1,LA,RAL,2025-04-06 12:39:35,3,2,44 Nadine Meister,02 Iman Haq,0,0,0,0,0,0,0,0,0,0,0,10.381114,-0.60959834,-10.3632,0.29861107,0.38580248,0.5111111,0.39135802
RAL @ LA,Week 1,LA,RAL,2025-04-06 12:39:52,3,2,02 Iman Haq,93 Naomi Guzman,0,0,0,0,0,0,0,0,0,0,0,13.349655,6.6378665,-11.582401,0.5111111,0.39135802,0.7486111,0.3308642
RAL @ LA,Week 1,LA,RAL,2025-04-06 12:39:59,3,2,93 Naomi Guzman,15 Violet Wei,1,1,0,1,0,0,0,0,0,0,1,25.04018,24.519466,-5.079998,0.7486111,0.3308642,0.8527777,0.10740739
RAL @ LA,Week 1,LA,RAL,2025-04-06 12:42:07,3,3,93 Naomi Guzman,24 Avalon Igawa,0,0,0,1,1,0,0,0,0,0,0,11.874796,10.5664,-5.418668,0.30555552,0.21296294,0.41666666,0.116666645
RAL @ LA,Week 1,LA,RAL,2025-04-06 12:54:31,5,1,16 Karli Steiner,05 Sharon Tseng,0,0,0,0,0,0,0,0,0,0,0,14.033229,11.717867,7.7216,0.5194444,0.42469135,0.36111107,0.31790122
RAL @ LA,Week 1,LA,RAL,2025-04-06 12:54:36,5,1,05 Sharon Tseng,16 Karli Steiner,0,0,0,0,0,0,0,0,1,0,0,8.544608,-6.434669,5.621865,0.36111107,0.31790122,0.24583334,0.37654322
RAL @ LA,Week 1,LA,RAL,2025-04-06 12:54:45,5,1,16 Karli Steiner,05 Sharon Tseng,1,1,0,0,0,0,0,1,0,0,0,15.962664,-1.8965296,-15.8496,0.24583334,0.37654322,0.5708333,0.39382714
RAL @ LA,Week 1,LA,RAL,2025-04-06 12:59:06,5,3,93 Naomi Guzman,44 Nadine Meister,0,0,0,0,0,0,0,1,0,0,0,17.886217,-0.40640107,17.8816,0.7472222,0.8308642,0.38055554,0.8345679
RAL @ LA,Week 1,LA,RAL,2025-04-06 12:59:21,5,3,44 Nadine Meister,24 Avalon Igawa,0,0,0,0,0,0,0,0,0,0,1,21.1252,16.594666,13.072534,0.38055554,0.8345679,0.1125,0.68333334
RAL @ LA,Week 1,LA,RAL,2025-04-06 12:59:26,5,3,24 Avalon Igawa,26 Cameron Helm,0,0,0,0,0,0,0,0,0,1,1,13.895904,13.885334,-0.5418648,0.1125,0.68333334,0.12361107,0.5567901
RAL @ LA,Week 1,LA,RAL,2025-04-06 12:59:34,5,3,26 Cameron Helm,15 Violet Wei,1,1,0,1,0,0,1,0,0,1,0,49.913998,47.074665,-16.594667,0.12361107,0.5567901,0.46388885,0.12777776
RAL @ LA,Week 1,LA,RAL,2025-04-06 13:00:49,5,4,93 Naomi Guzman,15 Violet Wei,1,1,0,1,0,0,0,0,0,1,0,18.326843,16.323734,-8.331201,0.038888868,0.16728395,0.2097222,0.0185185
RAL @ LA,Week 1,LA,RAL,2025-04-06 13:01:14,5,5,34 Amanda Ring,26 Cameron Helm,0,0,0,0,0,0,0,0,0,0,0,11.260246,0.60959834,-11.243733,0.2375,0.43765432,0.46805555,0.43209878
RAL @ LA,Week 1,LA,RAL,2025-04-06 13:01:24,5,5,26 Cameron Helm,02 Iman Haq,0,0,0,0,0,0,0,0,0,0,0,10.948732,1.5578697,-10.837333,0.46805555,0.43209878,0.69027776,0.41790122
RAL @ LA,Week 1,LA,RAL,2025-04-06 13:01:51,5,5,02 Iman Haq,93 Naomi Guzman,0,0,0,0,0,0,0,0,0,0,0,8.419935,8.331199,-1.2191988,0.69027776,0.41790122,0.71527773,0.3419753
RAL @ LA,Week 1,LA,RAL,2025-04-06 13:01:55,5,5,93 Naomi Guzman,02 Iman Haq,0,0,0,0,0,0,0,0,0,0,0,9.757362,0.27093187,9.7536,0.71527773,0.3419753,0.51527774,0.33950618
RAL @ LA,Week 1,LA,RAL,2025-04-06 13:01:58,5,5,02 Iman Haq,24 Avalon Igawa,1,1,0,0,0,0,0,0,0,0,0,15.735287,14.562668,5.960533,0.51527774,0.33950618,0.39305553,0.20679012
RAL @ LA,Week 1,LA,RAL,2025-04-06 13:02:47,5,6,93 Naomi Guzman,26 Cameron Helm,1,1,0,1,0,0,0,0,0,0,0,34.453106,26.890135,21.539202,0.7013889,0.3691358,0.2597222,0.12407406
RAL @ LA,Week 1,LA,RAL,2025-04-06 13:16:30,5,7,34 Amanda Ring,02 Iman Haq,0,0,0,0,0,0,0,0,0,0,0,9.133959,2.1674678,-8.873065,0.3,0.554321,0.4819444,0.5345679
RAL @ LA,Week 1,LA,RAL,2025-04-06 13:16:46,5,7,02 Iman Haq,44 Nadine Meister,0,0,0,0,0,0,0,0,0,0,0,8.342482,8.195733,-1.5578686,0.4819444,0.5345679,0.5138889,0.45987654
RAL @ LA,Week 1,LA,RAL,2025-04-06 13:16:49,5,7,44 Nadine Meister,26 Cameron Helm,0,0,0,0,0,0,0,0,0,0,0,10.912636,1.7610669,-10.769599,0.5138889,0.45987654,0.7347222,0.44382715
RAL @ LA,Week 1,LA,RAL,2025-04-06 13:16:57,5,7,26 Cameron Helm,24 Avalon Igawa,0,0,0,0,0,0,0,1,0,0,0,17.107998,2.4383998,16.933332,0.7347222,0.44382715,0.3875,0.42160493
RAL @ LA,Week 1,LA,RAL,2025-04-06 13:17:01,5,7,24 Avalon Igawa,26 Cameron Helm,0,0,0,0,0,0,0,0,1,0,0,6.87585,-5.6895986,-3.8608007,0.3875,0.42160493,0.46666667,0.47345677
RAL @ LA,Week 1,LA,RAL,2025-04-06 13:17:12,5,7,26 Cameron Helm,15 Violet Wei,0,0,0,0,0,0,0,0,0,0,0,13.684815,7.17973,11.650136,0.46666667,0.47345677,0.22777773,0.4080247
RAL @ LA,Week 1,LA,RAL,2025-04-06 13:17:29,5,7,15 Violet Wei,93 Naomi Guzman,1,1,0,0,0,0,0,0,1,0,0,7.2840877,-6.705598,2.8448002,0.22777773,0.4080247,0.1694444,0.4691358
RAL @ LA,Week 1,LA,RAL,2025-04-06 13:17:53,5,8,44 Nadine Meister,34 Amanda Ring,0,0,0,0,0,0,0,0,0,0,0,17.073635,17.068798,-0.40640035,0.22777773,0.61728394,0.23611107,0.4617284
RAL @ LA,Week 1,LA,RAL,2025-04-06 13:18:08,5,8,34 Amanda Ring,26 Cameron Helm,0,0,0,0,0,0,0,0,0,0,0,8.038609,2.2351992,-7.7216,0.23611107,0.4617284,0.3944444,0.44135803
RAL @ LA,Week 1,LA,RAL,2025-04-06 13:18:12,5,8,26 Cameron Helm,34 Amanda Ring,0,0,0,0,0,0,0,0,0,0,0,10.728842,3.9962695,9.9568,0.3944444,0.44135803,0.19027774,0.40493825
RAL @ LA,Week 1,LA,RAL,2025-04-06 13:18:16,5,8,34 Amanda Ring,15 Violet Wei,0,0,0,0,0,1,0,0,0,0,1,13.438708,12.327465,5.3509326,0.19027774,0.40493825,0.080555536,0.29259259
RAL @ LA,Week 1,LA,RAL,2025-04-06 13:18:30,5,8,15 Violet Wei,24 Avalon Igawa,0,0,0,1,1,0,0,0,0,1,1,20.737467,20.726402,0.6773322,0.080555536,0.29259259,0.06666667,0.103703685
RAL @ LA,Week 1,LA,RAL,2025-04-06 13:23:07,6,1,16 Karli Steiner,41 Natalie So,0,0,0,0,0,0,0,0,0,0,0,13.755872,-0.40640107,-13.749867,0.19583334,0.8567901,0.4777778,0.86049384
RAL @ LA,Week 1,LA,RAL,2025-04-06 13:23:39,6,1,41 Natalie So,40 Veronica Yee,1,1,0,0,0,0,0,0,0,0,0,14.38708,11.582404,8.534401,0.4777778,0.86049384,0.3027778,0.75493824
RAL @ LA,Week 1,LA,RAL,2025-04-06 13:26:19,7,1,25 Samantha Wool,03 Chip Yen,0,0,0,0,0,0,0,0,0,0,0,17.740059,10.227735,-14.494935,0.21111107,0.56666666,0.5083333,0.47345677
RAL @ LA,Week 1,LA,RAL,2025-04-06 13:26:23,7,1,03 Chip Yen,25 Samantha Wool,0,0,0,0,0,0,0,0,0,0,0,10.520494,3.589865,9.889069,0.5083333,0.47345677,0.30555552,0.44074073
RAL @ LA,Week 1,LA,RAL,2025-04-06 13:26:26,7,1,25 Samantha Wool,01 Maggie O'Connor,0,0,0,0,0,0,0,0,1,0,0,7.608476,-6.2992,4.2671995,0.30555552,0.44074073,0.21805553,0.49814814
RAL @ LA,Week 1,LA,RAL,2025-04-06 13:26:30,7,1,01 Maggie O'Connor,25 Samantha Wool,0,0,0,0,0,0,0,0,1,0,0,8.336704,-2.3706684,-7.9925323,0.21805553,0.49814814,0.3819444,0.5197531
RAL @ LA,Week 1,LA,RAL,2025-04-06 13:26:37,7,1,25 Samantha Wool,01 Maggie O'Connor,0,0,0,0,0,0,0,0,0,0,0,9.279468,0.0,-9.279468,0.3819444,0.5197531,0.5722222,0.5197531
RAL @ LA,Week 1,LA,RAL,2025-04-06 13:26:46,7,1,01 Maggie O'Connor,50 Lilet Brooks,1,1,0,1,0,0,1,0,0,0,0,46.022247,45.381336,-7.65387,0.5722222,0.5197531,0.7291667,0.10617284
RAL @ LA,Week 1,LA,RAL,2025-04-06 13:27:32,7,2,01 Maggie O'Connor,20 Madee Shade,0,0,0,0,0,0,0,0,0,0,0,14.338523,8.263468,-11.717864,0.60833335,0.45617285,0.84861106,0.3808642
RAL @ LA,Week 1,LA,RAL,2025-04-06 13:27:35,7,2,20 Madee Shade,01 Maggie O'Connor,0,0,0,0,0,0,0,0,0,0,0,13.43188,-0.74506754,13.4112,0.84861106,0.3808642,0.5736111,0.38765433
RAL @ LA,Week 1,LA,RAL,2025-04-06 13:27:41,7,2,01 Maggie O'Connor,20 Madee Shade,0,0,0,0,0,0,0,0,0,0,0,7.877185,1.5578697,-7.7215986,0.5736111,0.38765433,0.7319444,0.37345678
RAL @ LA,Week 1,LA,RAL,2025-04-06 13:27:44,7,2,20 Madee Shade,01 Maggie O'Connor,0,0,0,0,0,0,0,0,0,0,0,13.374888,1.6256009,13.275732,0.7319444,0.37345678,0.4597222,0.35864195
RAL @ LA,Week 1,LA,RAL,2025-04-06 13:27:51,7,2,01 Maggie O'Connor,25 Samantha Wool,0,0,0,0,0,0,0,0,0,0,0,11.983248,8.805331,8.127999,0.4597222,0.35864195,0.29305553,0.27839506
RAL @ LA,Week 1,LA,RAL,2025-04-06 13:27:55,7,2,25 Samantha Wool,01 Maggie O'Connor,0,0,0,0,0,1,0,0,0,0,0,8.889597,6.773334,5.757333,0.29305553,0.27839506,0.175,0.21666665
RAL @ LA,Week 1,LA,RAL,2025-04-06 13:28:02,7,2,01 Maggie O'Connor,11 Emily Ash,0,0,0,1,1,0,0,0,0,0,0,16.418314,16.256,-2.3029323,0.175,0.21666665,0.2222222,0.0685185
RAL @ LA,Week 1,LA,RAL,2025-04-06 13:30:44,8,1,93 Naomi Guzman,34 Amanda Ring,0,0,0,0,0,0,0,0,0,0,0,24.129137,24.113066,-0.8805306,0.7680556,0.6851852,0.7861111,0.4654321
RAL @ LA,Week 1,LA,RAL,2025-04-06 13:30:52,8,1,34 Amanda Ring,24 Avalon Igawa,1,1,0,0,0,0,0,0,0,0,0,17.072292,17.001066,-1.5578672,0.7861111,0.4654321,0.81805557,0.31049383
RAL @ LA,Week 1,LA,RAL,2025-04-06 13:36:04,8,2,25 Samantha Wool,01 Maggie O'Connor,0,0,0,0,0,0,0,0,1,1,1,13.368203,-13.343471,0.8128,0.12361113,0.53271604,0.106944464,0.654321
RAL @ LA,Week 1,LA,RAL,2025-04-06 13:36:24,8,2,01 Maggie O'Connor,25 Samantha Wool,0,0,0,0,0,0,0,1,0,1,0,20.593716,-0.3386632,-20.59093,0.106944464,0.654321,0.52916664,0.6574074
RAL @ LA,Week 1,LA,RAL,2025-04-06 13:36:32,8,2,25 Samantha Wool,00 Stephanie Pritchard,0,0,0,0,0,0,0,0,0,0,0,15.594117,12.327461,-9.550403,0.52916664,0.6574074,0.725,0.54506177
RAL @ LA,Week 1,LA,RAL,2025-04-06 13:36:44,8,2,00 Stephanie Pritchard,25 Samantha Wool,0,0,0,0,0,0,0,0,1,0,0,9.657404,-1.8287982,9.482666,0.725,0.54506177,0.5305556,0.5617284
RAL @ LA,Week 1,LA,RAL,2025-04-06 13:36:47,8,2,25 Samantha Wool,20 Madee Shade,0,0,0,0,0,0,0,0,0,0,0,11.480754,5.2154694,10.227736,0.5305556,0.5617284,0.32083333,0.5141975
RAL @ LA,Week 1,LA,RAL,2025-04-06 13:37:15,8,2,20 Madee Shade,03 Chip Yen,0,0,0,0,0,0,0,0,0,0,0,10.566401,4.0640006,-9.7536,0.32083333,0.5141975,0.5208333,0.47716048
RAL @ LA,Week 1,LA,RAL,2025-04-06 13:37:20,8,2,03 Chip Yen,11 Emily Ash,0,0,0,0,0,0,0,0,0,0,0,10.401205,5.08,-9.076269,0.5208333,0.47716048,0.70694447,0.43086419
RAL @ LA,Week 1,LA,RAL,2025-04-06 13:37:24,8,2,11 Emily Ash,50 Lilet Brooks,0,0,0,0,0,0,0,0,0,0,1,9.089903,5.4863977,-7.2474675,0.70694447,0.43086419,0.8555556,0.3808642
RAL @ LA,Week 1,LA,RAL,2025-04-06 13:37:27,8,2,50 Lilet Brooks,25 Samantha Wool,0,0,0,0,0,0,0,0,0,1,0,10.769599,0.0,10.769599,0.8555556,0.3808642,0.6347223,0.3808642
RAL @ LA,Week 1,LA,RAL,2025-04-06 13:37:29,8,2,25 Samantha Wool,01 Maggie O'Connor,0,0,0,0,0,0,0,0,0,0,0,7.2762156,3.5221338,6.366937,0.6347223,0.3808642,0.50416666,0.34876543
RAL @ LA,Week 1,LA,RAL,2025-04-06 13:37:37,8,2,01 Maggie O'Connor,25 Samantha Wool,0,0,0,0,0,0,0,0,0,0,0,11.501113,2.9802668,-11.108267,0.50416666,0.34876543,0.73194444,0.32160494
RAL @ LA,Week 1,LA,RAL,2025-04-06 13:39:01,8,2,25 Samantha Wool,01 Maggie O'Connor,0,0,0,0,0,0,0,0,0,0,0,21.612345,8.3989315,19.913599,0.73194444,0.32160494,0.32361114,0.24506174
RAL @ LA,Week 1,LA,RAL,2025-04-06 13:40:06,8,2,01 Maggie O'Connor,11 Emily Ash,1,1,0,1,0,0,0,0,0,0,1,19.616138,15.781867,11.650133,0.32361114,0.24506174,0.084722266,0.10123457
RAL @ LA,Week 1,LA,RAL,2025-04-06 14:12:43,8,3,01 Maggie O'Connor,25 Samantha Wool,0,0,0,0,0,0,0,0,0,0,0,14.719344,5.757333,-13.546668,0.31666666,0.77037036,0.59444445,0.71790123
RAL @ LA,Week 1,LA,RAL,2025-04-06 14:12:45,8,3,25 Samantha Wool,01 Maggie O'Connor,0,0,0,0,0,0,0,0,0,0,0,7.0484962,4.74133,5.2154665,0.59444445,0.71790123,0.4875,0.6746914
RAL @ LA,Week 1,LA,RAL,2025-04-06 14:12:59,8,3,01 Maggie O'Connor,25 Samantha Wool,0,0,0,0,0,0,0,0,1,0,0,7.325851,-6.9765296,2.235201,0.4875,0.6746914,0.44166666,0.7382716
RAL @ LA,Week 1,LA,RAL,2025-04-06 14:13:05,8,3,25 Samantha Wool,01 Maggie O'Connor,0,0,0,0,0,0,0,0,0,0,0,10.634346,1.693329,10.498665,0.44166666,0.7382716,0.22638893,0.72283953
RAL @ LA,Week 1,LA,RAL,2025-04-06 14:13:08,8,3,01 Maggie O'Connor,25 Samantha Wool,0,0,0,0,0,0,0,0,1,0,0,9.838134,-3.4543958,-9.211733,0.22638893,0.72283953,0.4152778,0.754321
RAL @ LA,Week 1,LA,RAL,2025-04-06 14:13:13,8,3,25 Samantha Wool,50 Lilet Brooks,1,0,1,0,0,0,0,0,0,0,0,21.860243,8.060264,-20.32,0.4152778,0.754321,0.83194447,0.6808642
RAL @ LA,Week 1,LA,RAL,2025-04-06 14:13:45,8,4,01 Maggie O'Connor,20 Madee Shade,0,0,0,0,0,0,0,0,0,1,0,12.81324,3.7253342,12.259731,0.9527778,0.858642,0.70138896,0.82469136
RAL @ LA,Week 1,LA,RAL,2025-04-06 14:14:03,8,4,20 Madee Shade,03 Chip Yen,0,0,0,0,0,0,0,0,0,0,0,28.8784,14.69813,24.858137,0.70138896,0.82469136,0.19166666,0.69074076
RAL @ LA,Week 1,LA,RAL,2025-04-06 14:14:14,8,4,03 Chip Yen,11 Emily Ash,0,0,0,0,0,0,0,0,0,0,0,13.291277,3.0480013,-12.937068,0.19166666,0.69074076,0.45694447,0.662963
RAL @ LA,Week 1,LA,RAL,2025-04-06 14:14:18,8,4,11 Emily Ash,01 Maggie O'Connor,0,0,0,0,0,0,0,0,1,0,0,8.849251,-2.5738626,8.466668,0.45694447,0.662963,0.28333333,0.6864197
RAL @ LA,Week 1,LA,RAL,2025-04-06 14:14:23,8,4,01 Maggie O'Connor,50 Lilet Brooks,1,1,1,0,0,0,0,0,0,0,0,34.61597,34.61173,0.54186517,0.28333333,0.6864197,0.27222225,0.37098765
RAL @ LA,Week 1,LA,RAL,2025-04-06 14:21:09,8,5,01 Maggie O'Connor,25 Samantha Wool,0,0,0,0,0,0,0,0,1,0,0,8.945935,-7.586138,-4.741336,0.7,0.7882716,0.79722226,0.85740745
RAL @ LA,Week 1,LA,RAL,2025-04-06 14:21:13,8,5,25 Samantha Wool,20 Madee Shade,0,0,0,0,0,0,0,1,0,0,0,17.449457,7.586138,15.714136,0.79722226,0.85740745,0.475,0.7882716
RAL @ LA,Week 1,LA,RAL,2025-04-06 14:21:19,8,5,20 Madee Shade,50 Lilet Brooks,1,1,0,0,0,0,0,0,0,0,0,20.846577,14.223998,15.240001,0.475,0.7882716,0.1625,0.658642
RAL @ LA,Week 1,LA,RAL,2025-04-06 14:28:56,9,1,44 Nadine Meister,93 Naomi Guzman,0,0,0,0,0,0,0,0,1,0,0,8.898107,-4.53813,-7.6538672,0.26111108,0.43209878,0.41805553,0.47345677
RAL @ LA,Week 1,LA,RAL,2025-04-06 14:30:17,9,1,93 Naomi Guzman,02 Iman Haq,0,0,0,0,0,0,0,0,0,0,0,11.246994,11.243731,-0.27093259,0.41805553,0.47345677,0.42361107,0.37098765
RAL @ LA,Week 1,LA,RAL,2025-04-06 14:30:20,9,1,02 Iman Haq,44 Nadine Meister,0,0,0,0,0,0,0,0,1,0,0,10.238493,-4.6058645,9.144,0.42361107,0.37098765,0.23611107,0.41296294
RAL @ LA,Week 1,LA,RAL,2025-04-06 14:30:35,9,1,44 Nadine Meister,89 Lexy Roy,0,0,0,0,0,0,0,0,0,0,0,15.03924,15.036799,0.27093259,0.23611107,0.41296294,0.23055553,0.2759259
RAL @ LA,Week 1,LA,RAL,2025-04-06 14:30:40,9,1,89 Lexy Roy,44 Nadine Meister,0,0,0,0,0,1,0,0,0,0,0,7.4715734,6.9088,2.8448002,0.23055553,0.2759259,0.1722222,0.21296294
RAL @ LA,Week 1,LA,RAL,2025-04-06 14:30:46,9,1,44 Nadine Meister,93 Naomi Guzman,0,0,0,1,1,0,0,0,0,0,0,12.268898,12.259732,-0.47413242,0.1722222,0.21296294,0.1819444,0.101234555
RAL @ LA,Week 1,LA,RAL,2025-04-06 14:34:41,10,1,16 Karli Steiner,29 Hanae Oda,0,0,0,0,0,0,0,1,0,0,0,22.178713,1.1514653,22.148802,0.7805556,0.8265432,0.32638893,0.8160494
RAL @ LA,Week 1,LA,RAL,2025-04-06 14:34:44,10,1,29 Hanae Oda,16 Karli Steiner,0,0,0,0,0,0,0,0,1,0,0,14.526234,-1.6933355,-14.427199,0.32638893,0.8160494,0.62222224,0.8314815
RAL @ LA,Week 1,LA,RAL,2025-04-06 14:34:50,10,1,16 Karli Steiner,40 Veronica Yee,0,0,0,0,0,0,0,0,0,0,0,21.164148,10.295469,18.4912,0.62222224,0.8314815,0.2430556,0.7376543
RAL @ LA,Week 1,LA,RAL,2025-04-06 14:35:19,10,1,40 Veronica Yee,41 Natalie So,0,0,0,0,0,0,0,0,0,0,0,13.684815,13.682134,-0.27093259,0.2430556,0.7376543,0.24861114,0.61296296
RAL @ LA,Week 1,LA,RAL,2025-04-06 14:35:58,10,1,41 Natalie So,16 Karli Steiner,1,1,0,0,0,0,0,0,0,0,0,14.562825,0.06773133,-14.562667,0.24861114,0.61296296,0.54722226,0.6123457
RAL @ LA,Week 1,LA,RAL,2025-04-06 14:38:18,10,2,16 Karli Steiner,29 Hanae Oda,1,1,0,0,0,0,0,0,0,0,0,34.31253,33.9344,-5.079998,0.5027778,0.75555557,0.60694444,0.4462963
RAL @ LA,Week 1,LA,RAL,2025-04-06 14:40:22,11,1,25 Samantha Wool,03 Chip Yen,0,0,0,0,0,0,0,0,0,0,0,14.114723,7.111999,12.192,0.5111111,0.43518516,0.26111108,0.37037036
RAL @ LA,Week 1,LA,RAL,2025-04-06 14:40:27,11,1,03 Chip Yen,20 Madee Shade,0,0,0,0,0,0,0,0,1,0,0,14.692046,-2.7770662,-14.427201,0.26111108,0.37037036,0.55694443,0.395679
RAL @ LA,Week 1,LA,RAL,2025-04-06 14:40:30,11,1,20 Madee Shade,00 Stephanie Pritchard,0,0,0,0,0,0,0,0,0,0,0,12.74485,5.0122657,-11.717867,0.55694443,0.395679,0.7972222,0.35
RAL @ LA,Week 1,LA,RAL,2025-04-06 14:40:37,11,1,00 Stephanie Pritchard,25 Samantha Wool,0,0,0,0,0,0,0,0,1,0,0,11.747779,-2.641597,11.446933,0.7972222,0.35,0.5625,0.37407404
RAL @ LA,Week 1,LA,RAL,2025-04-06 14:40:39,11,1,25 Samantha Wool,01 Maggie O'Connor,0,0,0,0,0,0,0,0,0,0,0,14.056749,6.0959992,12.666136,0.5625,0.37407404,0.30277774,0.3185185
RAL @ LA,Week 1,LA,RAL,2025-04-06 14:40:55,11,1,01 Maggie O'Connor,25 Samantha Wool,0,0,0,0,0,0,0,0,1,0,0,6.9505105,-5.486401,-4.2672005,0.30277774,0.3185185,0.39027774,0.3685185
RAL @ LA,Week 1,LA,RAL,2025-04-06 14:41:00,11,1,25 Samantha Wool,20 Madee Shade,0,0,0,0,0,0,0,0,0,0,0,12.7879715,9.008532,9.076265,0.39027774,0.3685185,0.20416667,0.28641975
RAL @ LA,Week 1,LA,RAL,2025-04-06 14:41:02,11,1,20 Madee Shade,25 Samantha Wool,0,0,0,0,0,0,0,0,1,0,0,6.90747,-2.9802668,-6.231465,0.20416667,0.28641975,0.3319444,0.31358024
RAL @ LA,Week 1,LA,RAL,2025-04-06 14:41:07,11,1,25 Samantha Wool,01 Maggie O'Connor,1,1,0,1,0,0,0,0,0,0,1,24.352558,22.284267,9.821333,0.3319444,0.31358024,0.13055554,0.11049382
RAL @ LA,Week 1,LA,RAL,2025-04-06 14:42:03,11,2,01 Maggie O'Connor,50 Lilet Brooks,0,0,0,0,0,0,1,0,0,1,1,43.802887,43.75573,-2.0319998,0.1,0.70864195,0.14166667,0.30987653
RAL @ LA,Week 1,LA,RAL,2025-04-06 14:42:07,11,2,50 Lilet Brooks,11 Emily Ash,0,0,0,0,0,0,0,0,1,1,0,13.561052,-1.4901351,-13.478933,0.14166667,0.30987653,0.41805553,0.3234568
RAL @ LA,Week 1,LA,RAL,2025-04-06 14:42:10,11,2,11 Emily Ash,20 Madee Shade,0,0,0,0,0,0,0,0,1,0,0,9.025831,-4.6735992,7.7216,0.41805553,0.3234568,0.2597222,0.36604938
RAL @ LA,Week 1,LA,RAL,2025-04-06 14:42:25,11,2,20 Madee Shade,01 Maggie O'Connor,0,0,0,0,0,0,0,0,1,0,0,8.211673,-3.8608003,-7.2474675,0.2597222,0.36604938,0.40833333,0.40123457
RAL @ LA,Week 1,LA,RAL,2025-04-06 14:42:31,11,2,01 Maggie O'Connor,25 Samantha Wool,0,0,0,0,0,0,0,0,0,0,0,7.5527983,3.7253342,-6.5701327,0.40833333,0.40123457,0.54305553,0.36728394
RAL @ LA,Week 1,LA,RAL,2025-04-06 14:42:36,11,2,25 Samantha Wool,01 Maggie O'Connor,1,1,0,0,0,0,0,0,0,0,0,12.11821,8.669866,-8.466666,0.54305553,0.36728394,0.71666664,0.2882716
RAL @ LA,Week 1,LA,RAL,2025-04-06 14:43:19,11,3,50 Lilet Brooks,03 Chip Yen,0,0,0,0,0,0,0,0,0,0,0,5.914561,5.1477346,-2.9125345,0.6569444,0.44753087,0.71666664,0.40061727
RAL @ LA,Week 1,LA,RAL,2025-04-06 14:43:23,11,3,03 Chip Yen,25 Samantha Wool,0,0,0,0,0,0,0,0,0,0,1,8.215861,2.1674647,-7.9248013,0.71666664,0.40061727,0.87916666,0.3808642
RAL @ LA,Week 1,LA,RAL,2025-04-06 14:43:27,11,3,25 Samantha Wool,01 Maggie O'Connor,0,0,0,0,0,0,0,1,0,1,0,17.445509,-1.1514653,17.407467,0.87916666,0.3808642,0.5222222,0.39135802
RAL @ LA,Week 1,LA,RAL,2025-04-06 14:43:30,11,3,01 Maggie O'Connor,00 Stephanie Pritchard,0,0,0,0,0,0,0,0,0,0,0,18.229332,9.685868,15.443202,0.5222222,0.39135802,0.20555553,0.3030864
RAL @ LA,Week 1,LA,RAL,2025-04-06 14:43:33,11,3,00 Stephanie Pritchard,01 Maggie O'Connor,0,0,0,0,0,0,0,0,1,0,1,7.271483,-3.3866677,6.4346676,0.20555553,0.3030864,0.073611066,0.3339506
RAL @ LA,Week 1,LA,RAL,2025-04-06 14:43:36,11,3,01 Maggie O'Connor,00 Stephanie Pritchard,0,0,0,0,0,0,0,0,0,1,0,9.146258,-0.20320053,-9.144001,0.073611066,0.3339506,0.26111108,0.33580247
RAL @ LA,Week 1,LA,RAL,2025-04-06 14:43:41,11,3,00 Stephanie Pritchard,01 Maggie O'Connor,0,0,0,0,0,0,0,0,1,0,0,7.0344906,-5.486401,4.402665,0.26111108,0.33580247,0.17083333,0.38580248
RAL @ LA,Week 1,LA,RAL,2025-04-06 14:43:43,11,3,01 Maggie O'Connor,25 Samantha Wool,0,0,0,0,0,1,0,0,0,0,1,19.70982,19.642668,1.6256,0.17083333,0.38580248,0.1375,0.20679012
RAL @ LA,Week 1,LA,RAL,2025-04-06 14:43:50,11,3,25 Samantha Wool,20 Madee Shade,0,0,0,1,1,0,0,0,0,1,0,14.353874,7.7893333,-12.056533,0.1375,0.20679012,0.3847222,0.13580246
RAL @ LA,Week 1,LA,RAL,2025-04-06 14:46:00,12,1,93 Naomi Guzman,44 Nadine Meister,0,0,0,0,0,0,0,0,0,0,0,14.394092,3.7930722,13.885333,0.5,0.8117284,0.2152778,0.77716047
RAL @ LA,Week 1,LA,RAL,2025-04-06 14:46:08,12,1,44 Nadine Meister,26 Cameron Helm,0,0,0,0,0,0,0,0,0,0,1,14.862023,13.614396,5.9605327,0.2152778,0.77716047,0.0930556,0.6530864
RAL @ LA,Week 1,LA,RAL,2025-04-06 14:46:11,12,1,26 Cameron Helm,44 Nadine Meister,0,0,0,0,0,0,0,0,1,1,0,10.138526,-2.2351992,-9.889064,0.0930556,0.6530864,0.29583332,0.6734568
RAL @ LA,Week 1,LA,RAL,2025-04-06 14:46:21,12,1,44 Nadine Meister,93 Naomi Guzman,0,0,0,0,0,0,0,0,0,0,0,10.997233,10.5664015,-3.048,0.29583332,0.6734568,0.35833332,0.5771605
RAL @ LA,Week 1,LA,RAL,2025-04-06 14:46:26,12,1,93 Naomi Guzman,44 Nadine Meister,0,0,0,0,0,0,0,0,1,0,0,8.742853,-8.06027,-3.3866684,0.35833332,0.5771605,0.4277778,0.6506173
RAL @ LA,Week 1,LA,RAL,2025-04-06 14:46:41,12,1,44 Nadine Meister,93 Naomi Guzman,1,1,0,0,0,0,0,0,0,0,0,9.813623,1.0837339,-9.753601,0.4277778,0.6506173,0.6277778,0.64074075
RAL @ LA,Week 1,LA,RAL,2025-04-06 14:49:15,13,1,41 Natalie So,16 Karli Steiner,0,0,0,0,0,0,0,0,0,0,0,12.125021,5.0122623,-11.040533,0.27083334,0.5833333,0.49722221,0.53765434
RAL @ LA,Week 1,LA,RAL,2025-04-06 14:49:21,13,1,16 Karli Steiner,41 Natalie So,0,0,0,0,0,0,0,0,0,0,0,11.899689,3.2512019,11.446934,0.49722221,0.53765434,0.2625,0.5080247
RAL @ LA,Week 1,LA,RAL,2025-04-06 14:49:24,13,1,41 Natalie So,29 Hanae Oda,0,0,0,0,0,0,0,0,0,0,1,8.82225,5.486401,6.9087996,0.2625,0.5080247,0.12083333,0.45802468
RAL @ LA,Week 1,LA,RAL,2025-04-06 14:49:32,13,1,29 Hanae Oda,05 Sharon Tseng,0,0,0,0,0,0,0,0,0,1,0,12.9228735,9.821334,-8.398932,0.12083333,0.45802468,0.29305553,0.3685185
RAL @ LA,Week 1,LA,RAL,2025-04-06 14:49:39,13,1,05 Sharon Tseng,41 Natalie So,0,0,0,0,0,0,0,0,1,0,0,9.550639,-9.550399,-0.06773279,0.29305553,0.3685185,0.2944444,0.45555553
RAL @ LA,Week 1,LA,RAL,2025-04-06 14:49:42,13,1,41 Natalie So,16 Karli Steiner,0,0,0,0,0,0,0,0,0,0,0,10.069286,1.8965328,-9.889069,0.2944444,0.45555553,0.49722221,0.43827158
RAL @ LA,Week 1,LA,RAL,2025-04-06 14:50:01,13,1,16 Karli Steiner,41 Natalie So,1,1,0,0,0,0,0,0,0,0,0,17.949457,11.85333,-13.478932,0.49722221,0.43827158,0.77361107,0.33024693
RAL @ LA,Week 1,LA,RAL,2025-04-06 14:50:22,13,2,16 Karli Steiner,41 Natalie So,0,0,0,0,0,0,0,0,1,0,0,11.418842,-3.3866646,-10.905066,0.23333333,0.33888888,0.4569444,0.36975306
RAL @ LA,Week 1,LA,RAL,2025-04-06 14:50:26,13,2,41 Natalie So,40 Veronica Yee,0,0,0,0,0,0,0,0,0,0,0,10.823142,6.908798,8.331201,0.4569444,0.36975306,0.28611106,0.3067901
RAL @ LA,Week 1,LA,RAL,2025-04-06 14:50:35,13,2,40 Veronica Yee,29 Hanae Oda,0,0,0,0,0,0,0,0,1,0,0,11.24047,-2.4383998,-10.972801,0.28611106,0.3067901,0.5111111,0.32901233
RAL @ LA,Week 1,LA,RAL,2025-04-06 14:50:38,13,2,29 Hanae Oda,41 Natalie So,0,0,0,0,0,0,0,0,0,0,0,13.139045,10.16,8.331201,0.5111111,0.32901233,0.34027773,0.23641974
RAL @ LA,Week 1,LA,RAL,2025-04-06 14:50:42,13,2,41 Natalie So,16 Karli Steiner,0,0,0,0,0,0,0,0,0,0,0,8.527411,1.0159993,-8.466669,0.34027773,0.23641974,0.5138889,0.22716048
RAL @ LA,Week 1,LA,RAL,2025-04-06 14:50:52,13,2,16 Karli Steiner,23 Frances Lebar,1,1,0,1,0,0,0,0,0,0,0,11.255354,7.9247994,-7.99253,0.5138889,0.22716048,0.6777777,0.15493827
RAL @ LA,Week 1,LA,RAL,2025-04-06 19:56:40,14,1,01 Maggie O'Connor,00 Stephanie Pritchard,0,0,0,0,0,0,0,0,0,1,1,39.35779,39.2176,3.3189342,0.9444445,0.8382716,0.8763889,0.4808642
RAL @ LA,Week 1,LA,RAL,2025-04-06 19:56:45,14,1,00 Stephanie Pritchard,01 Maggie O'Connor,0,0,0,0,0,0,0,0,1,1,0,9.2834215,-4.9445343,7.857067,0.8763889,0.4808642,0.7152778,0.52592593
RAL @ LA,Week 1,LA,RAL,2025-04-06 19:56:51,14,1,01 Maggie O'Connor,25 Samantha Wool,0,0,0,0,0,0,0,0,0,0,0,9.660015,8.940797,-3.6575994,0.7152778,0.52592593,0.7902778,0.44444448
RAL @ LA,Week 1,LA,RAL,2025-04-06 19:57:14,14,1,25 Samantha Wool,11 Emily Ash,1,1,0,0,0,0,0,0,0,0,1,16.351114,15.172269,-6.096,0.7902778,0.44444448,0.9152778,0.30617285
RAL @ LA,Week 1,LA,RAL,2025-04-06 20:01:24,14,2,01 Maggie O'Connor,03 Chip Yen,1,1,0,1,0,0,1,0,0,0,0,46.12103,45.9232,4.267202,0.74861115,0.55864197,0.6611111,0.14012346
RAL @ LA,Week 1,LA,RAL,2025-04-06 20:07:47,15,1,93 Naomi Guzman,16 Karli Steiner,0,0,0,0,0,0,0,0,1,0,0,10.730336,-5.1477313,-9.414933,0.47083333,0.5080247,0.6638889,0.55493826
RAL @ LA,Week 1,LA,RAL,2025-04-06 20:10:10,15,1,16 Karli Steiner,26 Cameron Helm,0,0,0,0,0,0,0,0,0,0,1,15.7106285,10.972799,-11.243732,0.6638889,0.55493826,0.8944444,0.45493826
RAL @ LA,Week 1,LA,RAL,2025-04-06 20:10:14,15,1,26 Cameron Helm,05 Sharon Tseng,0,0,0,0,0,0,0,0,0,1,0,13.965882,13.207998,4.538133,0.8944444,0.45493826,0.80138886,0.3345679
RAL @ LA,Week 1,LA,RAL,2025-04-06 20:10:21,15,1,05 Sharon Tseng,93 Naomi Guzman,1,1,0,0,0,0,0,0,0,0,0,16.096184,15.443201,4.538133,0.80138886,0.3345679,0.7083333,0.19382715
RAL @ LA,Week 1,LA,RAL,2025-04-06 20:10:34,15,2,16 Karli Steiner,26 Cameron Helm,0,0,0,0,0,0,0,1,0,0,1,16.212194,0.88053346,-16.188265,0.52916664,0.44629627,0.86111104,0.43827158
RAL @ LA,Week 1,LA,RAL,2025-04-06 20:10:42,15,2,26 Cameron Helm,16 Karli Steiner,1,0,1,0,0,0,0,0,0,1,0,8.233986,7.9247975,2.235198,0.86111104,0.43827158,0.81527776,0.36604938
RAL @ LA,Week 1,LA,RAL,2025-04-06 20:11:45,15,3,24 Avalon Igawa,16 Karli Steiner,0,0,0,0,0,0,0,0,0,0,0,10.574429,4.944531,9.3472,0.4847222,0.67037034,0.29305553,0.62530863
RAL @ LA,Week 1,LA,RAL,2025-04-06 20:11:46,15,3,16 Karli Steiner,93 Naomi Guzman,0,0,0,0,0,0,0,0,0,0,0,11.38444,1.2869345,-11.311467,0.29305553,0.62530863,0.525,0.6135802
RAL @ LA,Week 1,LA,RAL,2025-04-06 20:11:50,15,3,93 Naomi Guzman,05 Sharon Tseng,0,0,0,0,0,0,0,0,0,0,0,16.937668,14.630399,-8.534401,0.525,0.6135802,0.7,0.4802469
RAL @ LA,Week 1,LA,RAL,2025-04-06 20:11:56,15,3,05 Sharon Tseng,41 Natalie So,0,0,0,0,0,0,0,0,1,0,0,11.082837,-3.9285347,10.363199,0.7,0.4802469,0.4875,0.5160494
RAL @ LA,Week 1,LA,RAL,2025-04-06 20:12:04,15,3,41 Natalie So,26 Cameron Helm,0,0,0,0,0,0,0,0,0,0,0,7.903933,5.689602,-5.4864006,0.4875,0.5160494,0.6,0.46419752
RAL @ LA,Week 1,LA,RAL,2025-04-06 20:12:08,15,3,26 Cameron Helm,93 Naomi Guzman,1,1,0,1,0,0,0,0,0,0,0,38.760574,38.743465,-1.1514646,0.6,0.46419752,0.6236111,0.11111109
RAL @ LA,Week 1,LA,RAL,2025-04-06 20:15:34,15,4,01 Maggie O'Connor,44 Nadine Meister,0,0,0,0,0,0,0,0,0,0,0,14.26619,-0.89619744,-14.238012,0.27931035,0.6069423,0.5712643,0.61510974
RAL @ LA,Week 1,LA,RAL,2025-04-06 20:15:37,15,4,44 Nadine Meister,29 Hanae Oda,0,0,0,0,0,0,0,0,0,0,0,11.658881,7.897731,-8.576442,0.5712643,0.61510974,0.7471264,0.5431342
RAL @ LA,Week 1,LA,RAL,2025-04-06 20:15:39,15,4,29 Hanae Oda,44 Nadine Meister,0,0,0,0,0,0,0,0,1,0,0,8.6499815,-2.8006146,8.184053,0.7471264,0.5431342,0.57931036,0.56865746
RAL @ LA,Week 1,LA,RAL,2025-04-06 20:15:43,15,4,44 Nadine Meister,03 Chip Yen,0,0,0,0,0,0,0,0,0,0,0,9.0101185,8.793921,1.9619327,0.57931036,0.56865746,0.53908044,0.48851454
RAL @ LA,Week 1,LA,RAL,2025-04-06 20:15:54,15,4,03 Chip Yen,01 Maggie O'Connor,0,0,0,0,0,0,0,1,0,0,0,14.687417,-0.16803661,14.686456,0.53908044,0.48851454,0.23793103,0.49004593
RAL @ LA,Week 1,LA,RAL,2025-04-06 20:16:01,15,4,01 Maggie O'Connor,50 Lilet Brooks,0,0,0,0,0,0,0,0,0,0,0,34.11521,33.94342,-3.4193647,0.23793103,0.49004593,0.30804595,0.18070444
RAL @ LA,Week 1,LA,RAL,2025-04-06 20:16:23,15,4,50 Lilet Brooks,44 Nadine Meister,1,1,0,0,0,0,0,0,1,0,0,7.4488273,-7.2815905,1.5695438,0.30804595,0.18070444,0.27586207,0.24706481
RAL @ LA,Week 1,LA,RAL,2025-04-06 20:18:39,16,1,44 Nadine Meister,25 Samantha Wool,0,0,0,0,0,0,0,0,0,0,0,12.359801,6.2991967,10.634133,0.80833334,0.7259259,0.5902778,0.66851854
RAL @ LA,Week 1,LA,RAL,2025-04-06 20:18:43,16,1,25 Samantha Wool,44 Nadine Meister,0,0,0,0,0,0,0,1,0,0,0,17.13774,0.20320053,17.136534,0.5902778,0.66851854,0.23888893,0.6666667
RAL @ LA,Week 1,LA,RAL,2025-04-06 20:18:47,16,1,44 Nadine Meister,25 Samantha Wool,0,0,0,0,0,0,0,0,0,0,0,12.831847,0.88053346,-12.8015995,0.23888893,0.6666667,0.5013889,0.658642
RAL @ LA,Week 1,LA,RAL,2025-04-06 20:18:52,16,1,25 Samantha Wool,00 Stephanie Pritchard,0,0,0,0,0,0,0,0,0,0,0,14.65077,9.144004,-11.446933,0.5013889,0.658642,0.7361111,0.5753086
RAL @ LA,Week 1,LA,RAL,2025-04-06 20:18:55,16,1,00 Stephanie Pritchard,50 Lilet Brooks,0,0,0,0,0,0,0,0,0,0,0,10.786838,10.769599,-0.60960233,0.7361111,0.5753086,0.74861115,0.47716048
RAL @ LA,Week 1,LA,RAL,2025-04-06 20:19:28,16,1,50 Lilet Brooks,44 Nadine Meister,0,0,0,0,0,0,0,0,0,0,0,8.914076,8.534399,-2.5738661,0.74861115,0.47716048,0.8013889,0.3993827
RAL @ LA,Week 1,LA,RAL,2025-04-06 20:19:33,16,1,44 Nadine Meister,01 Maggie O'Connor,0,0,0,0,0,0,0,0,0,0,0,7.7361436,7.7216005,0.47413388,0.8013889,0.3993827,0.7916667,0.32901233
RAL @ LA,Week 1,LA,RAL,2025-04-06 20:19:37,16,1,01 Maggie O'Connor,25 Samantha Wool,0,0,0,0,0,0,0,0,0,0,0,6.25241,5.75733,-2.4383976,0.7916667,0.32901233,0.84166664,0.27654323
RAL @ LA,Week 1,LA,RAL,2025-04-06 20:19:40,16,1,25 Samantha Wool,44 Nadine Meister,0,0,0,0,0,0,0,0,1,0,0,9.154027,-1.6255977,9.008532,0.84166664,0.27654323,0.65694445,0.29135802
RAL @ LA,Week 1,LA,RAL,2025-04-06 20:19:44,16,1,44 Nadine Meister,25 Samantha Wool,0,0,0,0,0,0,0,0,0,0,1,9.85491,0.81279886,-9.821334,0.65694445,0.29135802,0.85833335,0.28395063
RAL @ LA,Week 1,LA,RAL,2025-04-06 20:19:50,16,1,25 Samantha Wool,01 Maggie O'Connor,0,0,0,0,0,0,0,0,1,1,0,12.487388,-3.9285316,11.8533325,0.85833335,0.28395063,0.6152778,0.31975308
RAL @ LA,Week 1,LA,RAL,2025-04-06 20:19:57,16,1,01 Maggie O'Connor,25 Samantha Wool,0,0,0,0,0,0,0,0,1,0,0,6.217097,-3.0480013,5.418669,0.6152778,0.31975308,0.50416666,0.34753087
RAL @ LA,Week 1,LA,RAL,2025-04-06 20:20:08,16,1,25 Samantha Wool,44 Nadine Meister,0,0,0,0,0,0,0,0,0,0,0,14.300079,6.6378665,-12.666137,0.50416666,0.34753087,0.76388896,0.28703704
RAL @ LA,Week 1,LA,RAL,2025-04-06 20:20:14,16,1,44 Nadine Meister,25 Samantha Wool,0,0,0,0,0,1,0,0,0,0,0,7.001482,2.9125354,6.366937,0.76388896,0.28703704,0.6333333,0.26049381
RAL @ LA,Week 1,LA,RAL,2025-04-06 20:20:20,16,1,25 Samantha Wool,01 Maggie O'Connor,0,0,0,1,1,0,0,0,0,0,0,15.895843,15.172262,-4.741336,0.6333333,0.26049381,0.7305556,0.122222245
RAL @ LA,Week 1,LA,RAL,2025-04-07 22:01:05,17,1,05 Sharon Tseng,93 Naomi Guzman,0,0,0,0,0,0,0,0,0,1,0,12.0582485,-0.20319399,-12.056537,0.052777734,0.72962964,0.3,0.73148143
RAL @ LA,Week 1,LA,RAL,2025-04-07 22:01:12,17,1,93 Naomi Guzman,26 Cameron Helm,1,0,1,0,0,0,0,0,0,0,0,11.786377,11.785598,0.13546848,0.3,0.73148143,0.2972222,0.62407404
RAL @ LA,Week 1,LA,RAL,2025-04-07 22:03:06,18,1,44 Nadine Meister,25 Samantha Wool,0,0,0,0,0,0,0,0,0,0,0,7.7896295,3.7253342,6.8410683,0.6611111,0.69074076,0.5208333,0.65679014
RAL @ LA,Week 1,LA,RAL,2025-04-07 22:03:12,18,1,25 Samantha Wool,44 Nadine Meister,0,0,0,0,0,0,0,0,1,0,0,12.372229,-2.777063,12.056532,0.5208333,0.65679014,0.27361113,0.68209875
RAL @ LA,Week 1,LA,RAL,2025-04-07 22:03:15,18,1,44 Nadine Meister,25 Samantha Wool,0,0,0,0,0,0,0,0,0,0,0,13.891279,-0.40640107,-13.885333,0.27361113,0.68209875,0.55833334,0.68580246
RAL @ LA,Week 1,LA,RAL,2025-04-07 22:03:26,18,1,25 Samantha Wool,50 Lilet Brooks,0,0,0,0,0,0,0,0,0,0,0,27.313,23.638931,-13.682137,0.55833334,0.68580246,0.83888894,0.47037038
RAL @ LA,Week 1,LA,RAL,2025-04-07 22:03:32,18,1,50 Lilet Brooks,03 Chip Yen,0,0,0,0,0,0,0,0,0,0,0,11.7249155,0.4063978,11.71787,0.83888894,0.47037038,0.5986111,0.4666667
RAL @ LA,Week 1,LA,RAL,2025-04-07 22:03:36,18,1,03 Chip Yen,44 Nadine Meister,0,0,0,0,0,0,0,0,0,0,0,8.897854,6.84107,-5.6896005,0.5986111,0.4666667,0.7152778,0.40432099
RAL @ LA,Week 1,LA,RAL,2025-04-07 22:03:43,18,1,44 Nadine Meister,01 Maggie O'Connor,0,0,0,0,0,0,0,0,0,0,0,11.435705,2.9802668,11.040533,0.7152778,0.40432099,0.48888892,0.3771605
RAL @ LA,Week 1,LA,RAL,2025-04-07 22:03:45,18,1,01 Maggie O'Connor,44 Nadine Meister,0,0,0,0,0,0,0,0,1,0,0,9.3305,-8.398936,4.063999,0.48888892,0.3771605,0.4055556,0.45370373
RAL @ LA,Week 1,LA,RAL,2025-04-07 22:03:48,18,1,44 Nadine Meister,01 Maggie O'Connor,0,0,0,0,0,0,0,0,0,0,0,10.162032,2.032002,-9.9567995,0.4055556,0.45370373,0.60972226,0.4351852
RAL @ LA,Week 1,LA,RAL,2025-04-07 22:03:52,18,1,01 Maggie O'Connor,44 Nadine Meister,0,0,0,0,0,0,0,0,0,0,0,12.763017,6.163734,11.176,0.60972226,0.4351852,0.3805556,0.37901235
RAL @ LA,Week 1,LA,RAL,2025-04-07 22:03:58,18,1,44 Nadine Meister,00 Stephanie Pritchard,1,1,0,0,0,0,0,0,0,0,0,16.875526,16.4592,3.7253351,0.3805556,0.37901235,0.30416667,0.22901234
RAL @ LA,Week 1,LA,RAL,2025-04-07 22:06:28,19,1,93 Naomi Guzman,07 Jessica Martinez,0,0,0,0,0,0,0,0,0,1,0,37.63567,37.253338,-5.3509326,0.11388887,0.58395064,0.22361107,0.24444443
RAL @ LA,Week 1,LA,RAL,2025-04-07 22:06:36,19,1,07 Jessica Martinez,24 Avalon Igawa,0,0,0,0,0,1,0,1,0,0,0,20.727396,0.20320053,-20.7264,0.22361107,0.24444443,0.64861107,0.24259257
RAL @ LA,Week 1,LA,RAL,2025-04-07 22:06:43,19,1,24 Avalon Igawa,26 Cameron Helm,0,0,0,1,1,0,0,0,0,0,0,13.730333,11.7856,-7.044268,0.64861107,0.24259257,0.79305553,0.13518517
RAL @ LA,Week 1,LA,RAL,2025-04-07 22:11:35,20,1,25 Samantha Wool,01 Maggie O'Connor,0,0,0,0,0,0,0,0,0,0,1,8.281213,7.9925323,-2.1674666,0.81805557,0.82345676,0.8625,0.75061727
RAL @ LA,Week 1,LA,RAL,2025-04-07 22:11:41,20,1,01 Maggie O'Connor,03 Chip Yen,0,0,0,0,0,0,0,0,0,1,0,11.450135,2.777063,11.108264,0.8625,0.75061727,0.6347223,0.72530866
RAL @ LA,Week 1,LA,RAL,2025-04-07 22:11:44,20,1,03 Chip Yen,25 Samantha Wool,0,0,0,0,0,0,0,0,0,0,0,8.593592,2.9802635,-8.060264,0.6347223,0.72530866,0.8,0.6981482
RAL @ LA,Week 1,LA,RAL,2025-04-07 22:11:46,20,1,25 Samantha Wool,01 Maggie O'Connor,0,0,0,0,0,0,0,0,0,0,1,8.640185,6.5024037,-5.6896005,0.8,0.6981482,0.9166667,0.6388889
RAL @ LA,Week 1,LA,RAL,2025-04-07 22:11:49,20,1,01 Maggie O'Connor,25 Samantha Wool,0,0,0,0,0,0,0,0,1,1,0,7.7025657,-4.3349357,6.3669343,0.9166667,0.6388889,0.7861111,0.6783951
RAL @ LA,Week 1,LA,RAL,2025-04-07 22:11:50,20,1,25 Samantha Wool,01 Maggie O'Connor,0,0,0,0,0,0,0,0,0,0,1,7.835144,4.470405,-6.4346685,0.7861111,0.6783951,0.9180556,0.6376543
RAL @ LA,Week 1,LA,RAL,2025-04-07 22:11:54,20,1,01 Maggie O'Connor,25 Samantha Wool,0,0,0,0,0,0,0,0,0,1,1,10.442797,10.363194,1.286936,0.9180556,0.6376543,0.89166665,0.5432099
RAL @ LA,Week 1,LA,RAL,2025-04-07 22:11:59,20,1,25 Samantha Wool,50 Lilet Brooks,0,0,0,0,0,0,0,0,0,1,1,12.537257,12.530668,0.40639964,0.89166665,0.5432099,0.8833333,0.42901236
RAL @ LA,Week 1,LA,RAL,2025-04-07 22:12:01,20,1,50 Lilet Brooks,25 Samantha Wool,0,0,0,0,0,0,0,0,1,1,0,8.181168,-7.924801,2.032001,0.8833333,0.42901236,0.84166664,0.5012346
RAL @ LA,Week 1,LA,RAL,2025-04-07 22:13:07,20,1,25 Samantha Wool,44 Nadine Meister,0,0,0,0,0,0,0,0,1,0,0,8.250406,-8.060264,1.761064,0.84166664,0.5012346,0.8055556,0.57469136
RAL @ LA,Week 1,LA,RAL,2025-04-07 22:13:10,20,1,44 Nadine Meister,01 Maggie O'Connor,0,0,0,0,0,1,0,0,0,0,0,23.3287,10.83733,20.658667,0.8055556,0.57469136,0.38194448,0.47592595
RAL @ LA,Week 1,LA,RAL,2025-04-07 22:13:17,20,1,01 Maggie O'Connor,50 Lilet Brooks,0,0,0,1,1,0,0,0,0,0,0,38.94814,38.540268,-5.6218677,0.38194448,0.47592595,0.49722227,0.12469137
RAL @ LA,Week 1,RAL,LA,2025-04-05 22:38:12,1,1,18 Sarah McKee,09 Jinny Riedel,0,0,0,0,0,0,0,0,1,0,0,7.777363,-7.563773,1.8101672,0.5010917,0.47330096,0.4639738,0.542233
RAL @ LA,Week 1,RAL,LA,2025-04-05 22:39:27,1,1,09 Jinny Riedel,19 Sydney Kelley,1,1,0,0,0,0,0,0,0,0,0,12.128354,4.291024,11.343901,0.4639738,0.542233,0.23136428,0.503127
RAL @ LA,Week 1,RAL,LA,2025-04-05 22:41:37,1,2,09 Jinny Riedel,22 Julia Zwierzynski,0,0,0,0,0,0,0,0,0,0,0,10.96048,5.2839594,-9.602702,0.6476793,0.8289556,0.8445851,0.7808005
RAL @ LA,Week 1,RAL,LA,2025-04-05 22:41:53,1,2,22 Julia Zwierzynski,18 Sarah McKee,1,0,1,0,0,0,0,0,0,0,1,10.438799,10.430683,-0.41154176,0.8445851,0.7808005,0.8530239,0.68574107
RAL @ LA,Week 1,RAL,LA,2025-04-05 22:43:05,1,3,43 Claire Hackl,09 Jinny Riedel,0,0,0,0,0,0,0,0,0,1,0,12.139168,6.656421,-10.151426,0.0021097045,0.83208257,0.21026723,0.77141964
RAL @ LA,Week 1,RAL,LA,2025-04-05 22:43:27,1,3,09 Jinny Riedel,48 Natalie Baumgarten,0,0,0,0,0,0,0,0,0,0,0,15.422676,4.940849,-14.609824,0.21026723,0.77141964,0.5098453,0.7263915
RAL @ LA,Week 1,RAL,LA,2025-04-05 22:43:51,1,3,48 Natalie Baumgarten,09 Jinny Riedel,0,0,0,0,0,0,0,0,0,0,0,16.15802,11.185532,11.660424,0.5098453,0.7263915,0.27074543,0.62445277
RAL @ LA,Week 1,RAL,LA,2025-04-05 22:44:06,1,3,09 Jinny Riedel,24 Hannah Boettcher,1,1,0,0,0,0,0,0,0,0,0,21.524254,18.04782,-11.7290125,0.27074543,0.62445277,0.51125175,0.45997497
RAL @ LA,Week 1,RAL,LA,2025-04-05 22:46:19,1,4,09 Jinny Riedel,24 Hannah Boettcher,0,0,0,0,0,0,0,0,0,0,0,25.068275,9.19547,-23.320845,0.23417722,0.7338962,0.71237695,0.6500938
RAL @ LA,Week 1,RAL,LA,2025-04-05 22:46:22,1,4,24 Hannah Boettcher,18 Sarah McKee,0,0,0,0,0,0,0,0,0,0,0,6.307653,5.8329453,-2.4006734,0.71237695,0.6500938,0.76160336,0.5969356
RAL @ LA,Week 1,RAL,LA,2025-04-05 22:46:43,1,4,18 Sarah McKee,22 Julia Zwierzynski,0,0,0,0,0,0,0,0,0,0,1,7.489444,3.5683868,-6.5847087,0.76160336,0.5969356,0.89662445,0.5644153
RAL @ LA,Week 1,RAL,LA,2025-04-05 22:47:03,1,4,22 Julia Zwierzynski,09 Jinny Riedel,0,0,0,0,0,0,0,0,0,1,1,4.1949816,4.1860003,0.27436116,0.89662445,0.5644153,0.8909986,0.5262664
RAL @ LA,Week 1,RAL,LA,2025-04-05 22:47:28,1,4,09 Jinny Riedel,NA,1,1,0,0,0,0,0,0,0,1,1,11.188893,11.185529,0.27436408,0.8909986,0.5262664,0.8853727,0.4243277
RAL @ LA,Week 1,RAL,LA,2025-04-05 22:48:20,1,5,09 Jinny Riedel,48 Natalie Baumgarten,0,0,0,0,0,0,0,0,0,0,0,9.965302,7.479897,-6.5847087,0.18495077,0.83208257,0.31997186,0.76391494
RAL @ LA,Week 1,RAL,LA,2025-04-05 22:48:34,1,5,48 Natalie Baumgarten,43 Claire Hackl,1,0,1,0,0,0,0,0,1,0,0,6.5772605,-3.293897,-5.6930304,0.31997186,0.76391494,0.43670887,0.7939337
RAL @ LA,Week 1,RAL,LA,2025-04-05 22:51:12,2,1,59 Audrey Lyman,45 Caitlin Gross,0,0,0,0,0,0,0,0,0,0,0,7.607989,5.9015694,4.801351,0.49859354,0.48999375,0.40014064,0.43621013
RAL @ LA,Week 1,RAL,LA,2025-04-05 22:51:25,2,1,45 Caitlin Gross,59 Audrey Lyman,0,0,0,0,0,0,0,0,0,0,0,11.128848,0.6176069,-11.111697,0.40014064,0.43621013,0.62798876,0.4305816
RAL @ LA,Week 1,RAL,LA,2025-04-05 22:51:35,2,1,59 Audrey Lyman,45 Caitlin Gross,0,0,0,0,0,0,0,1,0,0,0,18.16066,3.4311419,17.833588,0.62798876,0.4305816,0.2623066,0.39931208
RAL @ LA,Week 1,RAL,LA,2025-04-05 22:52:14,2,1,45 Caitlin Gross,21 Julia Hoffmann,0,0,0,0,0,0,0,0,0,0,0,12.048772,11.871759,2.0577211,0.2623066,0.39931208,0.22011252,0.29111946
RAL @ LA,Week 1,RAL,LA,2025-04-05 22:52:21,2,1,21 Julia Hoffmann,59 Audrey Lyman,0,0,0,0,0,0,0,0,0,0,0,6.2722363,0.6176069,-6.241755,0.22011252,0.29111946,0.34810126,0.28549093
RAL @ LA,Week 1,RAL,LA,2025-04-05 22:52:35,2,1,59 Audrey Lyman,02 Claire Bidigare-Curtis,1,1,0,1,0,0,0,0,0,0,0,18.989338,18.596802,-3.8410811,0.34810126,0.28549093,0.42686358,0.11601
RAL @ LA,Week 1,RAL,LA,2025-04-05 22:53:45,2,2,59 Audrey Lyman,45 Caitlin Gross,1,1,0,1,0,0,1,0,0,1,0,55.012894,52.702377,-15.7758665,0.009142053,0.57129455,0.3326301,0.09099437
RAL @ LA,Week 1,RAL,LA,2025-04-05 22:54:51,2,3,59 Audrey Lyman,15 Carmen Tormey,0,0,0,0,0,0,0,0,1,0,0,10.928062,-7.3426476,8.093705,0.49437413,0.23671044,0.32841069,0.30362725
RAL @ LA,Week 1,RAL,LA,2025-04-05 22:55:05,2,3,15 Carmen Tormey,88 Maddie Pletzke,1,0,1,1,0,0,0,0,0,0,1,18.389124,16.195,8.71102,0.32841069,0.30362725,0.14978904,0.15603502
RAL @ LA,Week 1,RAL,LA,2025-04-05 22:56:13,2,4,59 Audrey Lyman,06 Jenny Wei,0,0,0,1,1,0,0,0,0,1,1,12.375838,12.283497,-1.5089957,0.010548524,0.22732958,0.041490857,0.115384616
RAL @ LA,Week 1,RAL,LA,2025-04-05 22:59:08,3,1,09 Jinny Riedel,19 Sydney Kelley,0,0,0,0,0,0,0,0,0,1,0,22.929918,18.322311,13.786735,0.98945147,0.8258287,0.70675105,0.6588493
RAL @ LA,Week 1,RAL,LA,2025-04-05 22:59:25,3,1,19 Sydney Kelley,24 Hannah Boettcher,0,0,0,0,0,0,0,0,0,0,0,6.8128433,2.8821657,-6.173164,0.70675105,0.6588493,0.8333333,0.63258284
RAL @ LA,Week 1,RAL,LA,2025-04-05 22:59:50,3,1,24 Hannah Boettcher,43 Claire Hackl,0,0,0,0,0,0,0,1,0,0,0,15.208458,3.9801247,14.678412,0.8333333,0.63258284,0.5323488,0.5963102
RAL @ LA,Week 1,RAL,LA,2025-04-05 23:00:13,3,1,43 Claire Hackl,22 Julia Zwierzynski,1,1,0,0,0,0,0,0,0,0,0,11.980989,9.469959,7.3392076,0.5323488,0.5963102,0.38185653,0.51000625
RAL @ LA,Week 1,RAL,LA,2025-04-05 23:01:28,3,2,09 Jinny Riedel,18 Sarah McKee,1,1,0,0,0,0,0,1,0,1,0,35.7173,4.803607,-35.39281,0.013361462,0.83208257,0.73909986,0.78830516
RAL @ LA,Week 1,RAL,LA,2025-04-05 23:03:19,4,1,59 Audrey Lyman,45 Caitlin Gross,0,0,0,0,0,0,0,0,0,0,0,9.322269,6.3133073,6.8590713,0.3002813,0.48123828,0.15963432,0.4237023
RAL @ LA,Week 1,RAL,LA,2025-04-05 23:03:38,4,1,45 Caitlin Gross,59 Audrey Lyman,0,0,0,0,0,0,0,0,0,0,1,8.2497425,8.097498,1.5775869,0.15963432,0.4237023,0.12728551,0.3499062
RAL @ LA,Week 1,RAL,LA,2025-04-05 23:03:49,4,1,59 Audrey Lyman,45 Caitlin Gross,0,0,0,0,0,0,0,0,1,1,0,8.604787,-5.0094695,-6.9962535,0.12728551,0.3499062,0.27074543,0.39555973
RAL @ LA,Week 1,RAL,LA,2025-04-05 23:03:56,4,1,45 Caitlin Gross,59 Audrey Lyman,0,0,0,0,0,1,0,0,0,0,1,11.759932,8.783729,7.819342,0.27074543,0.39555973,0.110407874,0.3155097
RAL @ LA,Week 1,RAL,LA,2025-04-05 23:04:05,4,1,59 Audrey Lyman,06 Jenny Wei,0,0,0,1,1,0,0,0,0,1,1,23.025578,22.988668,-1.3032235,0.110407874,0.3155097,0.1371308,0.106003754
RAL @ LA,Week 1,RAL,LA,2025-04-05 23:06:33,5,1,59 Audrey Lyman,24 Hannah Boettcher,0,0,0,0,0,0,0,0,0,1,0,13.036754,0.34311712,-13.032237,0.009142053,0.83270794,0.2763713,0.82958096
RAL @ LA,Week 1,RAL,LA,2025-04-05 23:14:04,5,1,24 Hannah Boettcher,59 Audrey Lyman,1,1,0,0,0,0,0,0,0,0,0,13.31893,1.9900624,-13.169417,0.2763713,0.82958096,0.5464135,0.81144464
RAL @ LA,Week 1,RAL,LA,2025-04-06 13:19:08,6,1,06 Jenny Wei,59 Audrey Lyman,0,0,0,0,0,0,0,0,0,0,0,18.209177,11.734511,-13.923915,0.52391,0.8345841,0.8094233,0.7276423
RAL @ LA,Week 1,RAL,LA,2025-04-06 13:19:28,6,1,59 Audrey Lyman,88 Maddie Pletzke,0,0,0,0,0,0,0,0,0,0,1,20.384033,19.145788,-6.9962535,0.8094233,0.7276423,0.95288324,0.5531582
RAL @ LA,Week 1,RAL,LA,2025-04-06 13:19:59,6,1,88 Maddie Pletzke,02 Claire Bidigare-Curtis,0,0,0,0,0,0,0,0,1,1,0,16.763462,-9.1268425,14.061095,0.95288324,0.5531582,0.664557,0.6363352
RAL @ LA,Week 1,RAL,LA,2025-04-06 13:20:24,6,1,02 Claire Bidigare-Curtis,59 Audrey Lyman,0,0,0,0,0,0,0,0,0,0,0,14.404216,0.06862081,14.404052,0.664557,0.6363352,0.36919832,0.6357098
RAL @ LA,Week 1,RAL,LA,2025-04-06 13:20:43,6,1,59 Audrey Lyman,02 Claire Bidigare-Curtis,0,0,0,0,0,0,0,0,0,0,0,12.241179,11.528643,-4.1154423,0.36919832,0.6357098,0.4535865,0.5306442
RAL @ LA,Week 1,RAL,LA,2025-04-06 13:21:49,6,1,02 Claire Bidigare-Curtis,45 Caitlin Gross,0,0,0,0,0,0,0,0,0,0,0,10.88659,8.509242,6.790481,0.4535865,0.5306442,0.314346,0.45309567
RAL @ LA,Week 1,RAL,LA,2025-04-06 13:21:52,6,1,45 Caitlin Gross,59 Audrey Lyman,0,0,0,0,0,0,0,0,1,0,1,11.696567,-8.509242,8.025114,0.314346,0.45309567,0.14978904,0.5306442
RAL @ LA,Week 1,RAL,LA,2025-04-06 13:21:57,6,1,59 Audrey Lyman,45 Caitlin Gross,0,0,0,0,0,0,0,0,1,1,0,7.0759597,-1.4410763,-6.927662,0.14978904,0.5306442,0.29184246,0.54377735
RAL @ LA,Week 1,RAL,LA,2025-04-06 13:22:08,6,1,45 Caitlin Gross,59 Audrey Lyman,0,0,0,0,0,0,0,0,0,0,0,5.796562,2.0586832,-5.418668,0.29184246,0.54377735,0.4029536,0.52501565
RAL @ LA,Week 1,RAL,LA,2025-04-06 13:22:16,6,1,59 Audrey Lyman,45 Caitlin Gross,0,0,0,0,0,0,0,0,0,0,0,6.7448554,4.8722277,4.664169,0.4029536,0.52501565,0.30731365,0.48061287
RAL @ LA,Week 1,RAL,LA,2025-04-06 13:22:28,6,1,45 Caitlin Gross,59 Audrey Lyman,0,0,0,0,0,0,0,0,0,0,0,10.974515,0.0,-10.974515,0.30731365,0.48061287,0.5323488,0.48061287
RAL @ LA,Week 1,RAL,LA,2025-04-06 13:23:22,6,1,59 Audrey Lyman,45 Caitlin Gross,0,0,0,0,0,0,0,0,0,0,0,9.025832,8.920974,1.3718146,0.5323488,0.48061287,0.5042194,0.39931208
RAL @ LA,Week 1,RAL,LA,2025-04-06 13:23:36,6,1,45 Caitlin Gross,02 Claire Bidigare-Curtis,0,0,0,0,0,0,0,1,0,0,0,18.380672,6.7936664,17.079088,0.5042194,0.39931208,0.15400843,0.33739838
RAL @ LA,Week 1,RAL,LA,2025-04-06 13:23:52,6,1,02 Claire Bidigare-Curtis,59 Audrey Lyman,0,0,0,0,0,0,0,0,1,0,0,5.8618236,-5.2839627,-2.5378568,0.15400843,0.33739838,0.20604782,0.38555348
RAL @ LA,Week 1,RAL,LA,2025-04-06 13:24:07,6,1,59 Audrey Lyman,88 Maddie Pletzke,1,0,1,1,0,0,0,0,0,0,0,24.231745,24.22388,0.61731625,0.20604782,0.38555348,0.1933896,0.1647905
RAL @ LA,Week 1,RAL,LA,2025-04-06 13:25:25,6,2,59 Audrey Lyman,02 Claire Bidigare-Curtis,1,0,1,0,0,0,0,0,0,0,0,13.720847,11.803139,-6.9962535,0.61814344,0.83208257,0.76160336,0.7245153
RAL @ LA,Week 1,RAL,LA,2025-04-06 13:27:01,6,3,06 Jenny Wei,88 Maddie Pletzke,1,1,0,0,0,0,0,0,0,0,0,21.277079,21.273098,0.41154465,0.7700422,0.8302064,0.76160336,0.6363352
RAL @ LA,Week 1,RAL,LA,2025-04-06 13:28:13,6,4,59 Audrey Lyman,45 Caitlin Gross,1,1,0,0,0,0,0,0,0,0,0,21.943375,21.75345,-2.8808098,0.5843882,0.83145714,0.6434599,0.6332083
RAL @ LA,Week 1,RAL,LA,2025-04-06 13:29:10,6,5,59 Audrey Lyman,45 Caitlin Gross,0,0,0,0,0,0,0,0,0,1,0,22.950136,22.851423,2.1263123,0.8769339,0.83270794,0.8333333,0.62445277
RAL @ LA,Week 1,RAL,LA,2025-04-06 13:29:36,6,5,45 Caitlin Gross,21 Julia Hoffmann,1,1,0,0,0,0,0,0,0,0,0,16.820124,15.851885,5.624439,0.8333333,0.62445277,0.7180028,0.4799875
RAL @ LA,Week 1,RAL,LA,2025-04-06 13:31:03,6,6,59 Audrey Lyman,45 Caitlin Gross,1,1,0,0,0,0,0,0,0,0,1,32.571747,29.850954,-13.032237,0.6097046,0.6181989,0.8769339,0.34615386
RAL @ LA,Week 1,RAL,LA,2025-04-06 13:32:49,7,1,09 Jinny Riedel,48 Natalie Baumgarten,0,0,0,0,0,0,0,0,0,1,0,12.705718,5.3525867,-11.523241,0.0021097045,0.41994998,0.23839663,0.37116948
RAL @ LA,Week 1,RAL,LA,2025-04-06 13:33:15,7,1,48 Natalie Baumgarten,22 Julia Zwierzynski,0,0,0,0,0,0,0,0,0,0,0,5.4368057,5.4212074,0.41154465,0.23839663,0.37116948,0.2299578,0.3217636
RAL @ LA,Week 1,RAL,LA,2025-04-06 13:33:50,7,1,22 Julia Zwierzynski,15 Carmen Tormey,0,0,0,0,0,0,0,0,0,0,1,11.440605,9.675827,6.1045737,0.2299578,0.3217636,0.104782,0.2335835
RAL @ LA,Week 1,RAL,LA,2025-04-06 13:34:13,7,1,15 Carmen Tormey,09 Jinny Riedel,0,0,0,0,0,0,0,0,1,1,0,7.6575027,-6.1760607,-4.5269876,0.104782,0.2335835,0.197609,0.28986868
RAL @ LA,Week 1,RAL,LA,2025-04-06 13:34:27,7,1,09 Jinny Riedel,18 Sarah McKee,0,0,0,0,0,0,0,0,0,0,0,16.991146,9.538584,-14.061097,0.197609,0.28986868,0.4859353,0.20293933
RAL @ LA,Week 1,RAL,LA,2025-04-06 13:34:40,7,1,18 Sarah McKee,22 Julia Zwierzynski,1,0,1,1,0,0,0,1,0,0,1,20.817677,7.342649,-19.479763,0.4859353,0.20293933,0.8853727,0.13602251
RAL @ LA,Week 1,RAL,LA,2025-04-06 13:35:50,7,2,18 Sarah McKee,09 Jinny Riedel,0,0,0,0,0,1,0,0,1,0,0,4.586786,-3.774259,-2.6064487,0.59845287,0.16916823,0.65189874,0.20356473
RAL @ LA,Week 1,RAL,LA,2025-04-06 13:36:07,7,2,09 Jinny Riedel,48 Natalie Baumgarten,0,0,0,1,1,0,0,0,0,0,0,10.735346,9.058222,-5.7616196,0.65189874,0.20356473,0.7700422,0.121013135
RAL @ LA,Week 1,RAL,LA,2025-04-06 13:38:52,8,1,59 Audrey Lyman,02 Claire Bidigare-Curtis,0,0,0,0,0,0,0,0,0,0,0,14.242631,5.07809,-13.306598,0.22433193,0.8352095,0.49718705,0.7889306
RAL @ LA,Week 1,RAL,LA,2025-04-06 13:39:20,8,1,02 Claire Bidigare-Curtis,59 Audrey Lyman,0,0,0,0,0,0,0,1,0,0,0,15.850676,2.1273105,15.707274,0.49718705,0.7889306,0.17510548,0.76954347
RAL @ LA,Week 1,RAL,LA,2025-04-06 13:40:00,8,1,59 Audrey Lyman,45 Caitlin Gross,1,1,0,0,0,0,0,0,0,0,0,24.383636,19.969263,-13.992507,0.17510548,0.76954347,0.4620253,0.5875547
RAL @ LA,Week 1,RAL,LA,2025-04-06 13:42:44,9,1,09 Jinny Riedel,18 Sarah McKee,0,0,0,0,0,0,0,0,0,0,0,14.64089,14.54805,-1.6461772,0.431083,0.64446527,0.46483827,0.5118824
RAL @ LA,Week 1,RAL,LA,2025-04-06 13:42:54,9,1,18 Sarah McKee,09 Jinny Riedel,0,0,0,0,0,0,0,0,1,0,0,5.4889026,-4.3918624,-3.2923543,0.46483827,0.5118824,0.5323488,0.5519074
RAL @ LA,Week 1,RAL,LA,2025-04-06 13:43:10,9,1,09 Jinny Riedel,18 Sarah McKee,0,0,0,0,0,0,0,0,0,0,0,8.00533,1.7155726,-7.8193426,0.5323488,0.5519074,0.6926864,0.53627264
RAL @ LA,Week 1,RAL,LA,2025-04-06 13:43:24,9,1,18 Sarah McKee,09 Jinny Riedel,0,0,0,0,0,0,0,0,1,0,0,6.094156,-3.1566553,-5.212894,0.6926864,0.53627264,0.7995781,0.56504065
RAL @ LA,Week 1,RAL,LA,2025-04-06 13:43:42,9,1,09 Jinny Riedel,22 Julia Zwierzynski,0,0,0,0,0,0,0,0,0,0,0,15.40083,4.8722277,14.609824,0.7995781,0.56504065,0.5,0.52063787
RAL @ LA,Week 1,RAL,LA,2025-04-06 13:44:12,9,1,22 Julia Zwierzynski,24 Hannah Boettcher,0,0,0,0,0,0,0,0,0,0,0,12.981132,6.107435,-11.45465,0.5,0.52063787,0.73488045,0.4649781
RAL @ LA,Week 1,RAL,LA,2025-04-06 13:44:24,9,1,24 Hannah Boettcher,15 Carmen Tormey,0,0,0,0,0,0,0,1,0,0,0,15.331313,-1.7841966,15.227139,0.73488045,0.4649781,0.42264417,0.48123828
RAL @ LA,Week 1,RAL,LA,2025-04-06 13:44:44,9,1,15 Carmen Tormey,48 Natalie Baumgarten,1,0,1,0,0,0,0,0,0,0,0,10.59107,9.332711,5.0071235,0.42264417,0.48123828,0.31997186,0.39618513
RAL @ LA,Week 1,RAL,LA,2025-04-06 13:46:15,9,2,15 Carmen Tormey,59 Audrey Lyman,0,0,0,0,0,0,0,1,0,1,0,14.888139,0.3431106,-14.884185,0.00070323487,0.70137584,0.30590716,0.6982489
RAL @ LA,Week 1,RAL,LA,2025-04-06 13:48:15,9,2,59 Audrey Lyman,06 Jenny Wei,0,0,0,0,0,0,0,0,0,0,0,11.496396,3.6370142,-10.905927,0.30590716,0.6982489,0.5295359,0.6651032
RAL @ LA,Week 1,RAL,LA,2025-04-06 13:48:18,9,2,06 Jenny Wei,59 Audrey Lyman,0,0,0,0,0,0,0,0,1,0,0,4.1316314,-4.117373,0.34295583,0.5295359,0.6651032,0.5225035,0.70262665
RAL @ LA,Week 1,RAL,LA,2025-04-06 13:48:22,9,2,59 Audrey Lyman,06 Jenny Wei,0,0,0,0,0,0,0,1,0,0,0,15.641094,0.2744898,-15.638685,0.5225035,0.70262665,0.84317863,0.7001251
RAL @ LA,Week 1,RAL,LA,2025-04-06 13:48:43,9,2,06 Jenny Wei,15 Carmen Tormey,1,0,1,0,0,0,0,0,0,0,1,11.80812,11.803139,-0.3429529,0.84317863,0.7001251,0.85021096,0.59255785
RAL @ LA,Week 1,RAL,LA,2025-04-06 13:51:37,9,3,59 Audrey Lyman,06 Jenny Wei,0,0,0,0,0,0,0,1,0,1,0,25.377699,-1.8528208,25.309973,0.9922644,0.8345841,0.47327706,0.8514697
RAL @ LA,Week 1,RAL,LA,2025-04-06 13:51:51,9,3,06 Jenny Wei,59 Audrey Lyman,1,1,0,0,0,0,0,0,0,0,0,14.162311,0.96072406,14.129687,0.47327706,0.8514697,0.18354431,0.8427142
RAL @ LA,Week 1,RAL,LA,2025-04-06 13:55:06,10,1,48 Natalie Baumgarten,24 Hannah Boettcher,1,1,0,1,0,0,0,0,0,0,1,19.768822,18.802671,6.1045747,0.16666667,0.26422763,0.041490857,0.09287054
RAL @ LA,Week 1,RAL,LA,2025-04-06 13:56:44,10,2,09 Jinny Riedel,43 Claire Hackl,1,1,0,0,0,0,0,0,0,1,0,38.38341,30.948923,22.70353,0.88396627,0.5350219,0.41842476,0.2529706
RAL @ LA,Week 1,RAL,LA,2025-04-06 13:57:46,10,3,09 Jinny Riedel,48 Natalie Baumgarten,0,0,0,1,1,0,0,0,0,1,0,32.11133,27.10604,17.216272,0.98663855,0.39806128,0.6336146,0.1510319
RAL @ LA,Week 1,RAL,LA,2025-04-06 14:00:23,12,1,59 Audrey Lyman,88 Maddie Pletzke,0,0,0,0,0,0,0,1,0,1,0,21.301025,-2.1273139,-21.194532,0.023206752,0.48373982,0.4578059,0.503127
RAL @ LA,Week 1,RAL,LA,2025-04-06 14:00:55,12,1,88 Maddie Pletzke,45 Caitlin Gross,0,0,0,0,0,0,0,1,0,0,0,17.084246,2.6762967,-16.873318,0.4578059,0.503127,0.8037975,0.4787367
RAL @ LA,Week 1,RAL,LA,2025-04-06 14:01:13,12,1,45 Caitlin Gross,21 Julia Hoffmann,1,1,0,1,0,0,1,0,0,0,0,51.42025,42.546192,28.876696,0.8037975,0.4787367,0.21167369,0.09099437
RAL @ LA,Week 1,RAL,LA,2025-04-06 14:03:20,12,2,88 Maddie Pletzke,06 Jenny Wei,0,0,0,0,0,0,0,0,0,0,1,19.069096,9.264091,-16.667543,0.6153305,0.40619138,0.95710266,0.3217636
RAL @ LA,Week 1,RAL,LA,2025-04-06 14:03:47,12,2,06 Jenny Wei,02 Claire Bidigare-Curtis,0,0,0,0,0,0,0,1,0,1,0,22.693333,-5.7643213,21.94903,0.95710266,0.3217636,0.50703233,0.37429643
RAL @ LA,Week 1,RAL,LA,2025-04-06 14:04:05,12,2,02 Claire Bidigare-Curtis,45 Caitlin Gross,0,0,0,0,0,0,0,0,0,0,1,20.958721,9.813073,18.519493,0.50703233,0.37429643,0.12728551,0.28486553
RAL @ LA,Week 1,RAL,LA,2025-04-06 14:04:30,12,2,45 Caitlin Gross,02 Claire Bidigare-Curtis,0,0,0,0,0,0,0,0,1,1,0,14.1419115,-1.5097036,-14.061097,0.12728551,0.28486553,0.4156118,0.29862413
RAL @ LA,Week 1,RAL,LA,2025-04-06 14:04:36,12,2,02 Claire Bidigare-Curtis,88 Maddie Pletzke,0,0,0,0,0,0,0,1,0,0,0,19.581154,1.9900624,-19.479765,0.4156118,0.29862413,0.81504923,0.2804878
RAL @ LA,Week 1,RAL,LA,2025-04-06 14:04:56,12,2,88 Maddie Pletzke,02 Claire Bidigare-Curtis,0,0,0,0,0,0,0,0,1,0,0,8.920416,-1.9214416,8.71102,0.81504923,0.2804878,0.6364276,0.29799876
RAL @ LA,Week 1,RAL,LA,2025-04-06 14:05:06,12,2,02 Claire Bidigare-Curtis,88 Maddie Pletzke,1,0,1,0,0,0,0,0,0,0,0,8.085809,2.0586865,7.8193426,0.6364276,0.29799876,0.47609,0.27923703
RAL @ LA,Week 1,RAL,LA,2025-04-06 14:06:00,12,3,06 Jenny Wei,59 Audrey Lyman,0,0,0,0,0,0,0,0,0,0,1,12.822745,4.3232417,12.071967,0.35513362,0.5356473,0.10759494,0.49624765
RAL @ LA,Week 1,RAL,LA,2025-04-06 14:06:15,12,3,59 Audrey Lyman,45 Caitlin Gross,0,0,0,0,0,0,0,0,0,1,1,10.393725,10.293432,1.4404052,0.10759494,0.49624765,0.07805907,0.40243903
RAL @ LA,Week 1,RAL,LA,2025-04-06 14:06:29,12,3,45 Caitlin Gross,15 Carmen Tormey,0,0,0,0,0,1,0,0,0,1,1,15.5773945,15.5773945,0.0,0.07805907,0.40243903,0.07805907,0.2604753
RAL @ LA,Week 1,RAL,LA,2025-04-06 14:06:36,12,3,15 Carmen Tormey,88 Maddie Pletzke,0,0,0,1,1,0,0,0,0,1,1,18.05616,18.047821,-0.54872596,0.07805907,0.2604753,0.08931083,0.0959975
RAL @ LA,Week 1,RAL,LA,2025-04-06 14:08:46,13,1,09 Jinny Riedel,22 Julia Zwierzynski,0,0,0,0,0,0,0,0,0,1,1,27.493557,27.311913,3.155171,0.9922644,0.8302064,0.9275668,0.5813008
RAL @ LA,Week 1,RAL,LA,2025-04-06 14:09:07,13,1,22 Julia Zwierzynski,18 Sarah McKee,1,1,0,0,0,0,0,0,0,1,1,28.77139,28.752989,1.0288616,0.9275668,0.5813008,0.90646976,0.31926203
RAL @ LA,Week 1,RAL,LA,2025-04-06 14:09:55,13,2,09 Jinny Riedel,48 Natalie Baumgarten,1,1,0,0,0,0,0,0,0,1,0,27.811539,27.037416,-6.516119,0.14416315,0.82958096,0.2777778,0.583177
RAL @ LA,Week 1,RAL,LA,2025-04-06 14:11:14,14,1,59 Audrey Lyman,06 Jenny Wei,0,0,0,0,0,0,0,0,0,0,0,13.72417,2.4018004,-13.512372,0.15541491,0.69387114,0.43248945,0.67198247
RAL @ LA,Week 1,RAL,LA,2025-04-06 14:11:26,14,1,06 Jenny Wei,59 Audrey Lyman,0,0,0,0,0,0,0,0,1,0,0,13.99007,-2.7449174,13.718144,0.43248945,0.67198247,0.1511955,0.6969981
RAL @ LA,Week 1,RAL,LA,2025-04-06 14:11:39,14,1,59 Audrey Lyman,06 Jenny Wei,0,0,0,0,0,0,0,0,0,0,0,11.561481,3.6370142,-10.974515,0.1511955,0.6969981,0.37623066,0.6638524
RAL @ LA,Week 1,RAL,LA,2025-04-06 14:11:55,14,1,06 Jenny Wei,45 Caitlin Gross,0,0,0,0,0,0,0,1,0,0,0,17.342432,-3.7056348,-16.941908,0.37623066,0.6638524,0.7236287,0.6976235
RAL @ LA,Week 1,RAL,LA,2025-04-06 14:12:12,14,1,45 Caitlin Gross,59 Audrey Lyman,0,0,0,0,0,0,0,1,0,0,0,26.987965,6.9995317,26.064474,0.7236287,0.6976235,0.18917018,0.63383365
RAL @ LA,Week 1,RAL,LA,2025-04-06 14:12:33,14,1,59 Audrey Lyman,88 Maddie Pletzke,1,1,0,1,0,0,1,0,0,0,0,56.30673,56.064903,-5.212894,0.18917018,0.63383365,0.29606187,0.1228893
RAL @ LA,Week 1,RAL,LA,2025-04-06 14:13:27,14,2,59 Audrey Lyman,06 Jenny Wei,0,0,0,0,0,1,0,0,0,0,0,9.656135,3.7056348,8.916794,0.42686358,0.26485303,0.2440225,0.23108193
RAL @ LA,Week 1,RAL,LA,2025-04-06 14:13:33,14,2,06 Jenny Wei,21 Julia Hoffmann,0,0,0,1,1,0,0,0,0,0,1,14.397209,12.695235,6.790481,0.2440225,0.23108193,0.104782,0.115384616
RAL @ LA,Week 1,RAL,LA,2025-04-06 14:15:42,15,1,43 Claire Hackl,09 Jinny Riedel,0,0,0,0,0,0,0,0,0,1,0,14.549164,-0.48035875,-14.541232,0.14556962,0.74515325,0.4437412,0.749531
RAL @ LA,Week 1,RAL,LA,2025-04-06 14:16:17,15,1,09 Jinny Riedel,24 Hannah Boettcher,1,0,1,0,0,0,0,0,0,0,0,14.958098,8.028876,-12.620692,0.4437412,0.749531,0.70253164,0.67636025
RAL @ LA,Week 1,RAL,LA,2025-04-06 14:17:35,15,2,59 Audrey Lyman,45 Caitlin Gross,0,0,0,0,0,0,0,1,0,0,0,23.977474,1.3724619,-23.938162,0.22573839,0.800813,0.71659636,0.78830516
RAL @ LA,Week 1,RAL,LA,2025-04-06 14:17:52,15,2,45 Caitlin Gross,59 Audrey Lyman,0,0,0,0,0,0,0,0,0,0,0,8.207495,8.166119,0.8230893,0.71659636,0.78830516,0.6997187,0.7138837
RAL @ LA,Week 1,RAL,LA,2025-04-06 14:17:58,15,2,59 Audrey Lyman,06 Jenny Wei,0,0,0,0,0,0,0,0,0,0,0,7.422694,7.4112763,-0.41154465,0.6997187,0.7138837,0.70815754,0.64634144
RAL @ LA,Week 1,RAL,LA,2025-04-06 14:18:15,15,2,06 Jenny Wei,59 Audrey Lyman,0,0,0,0,0,0,0,0,0,0,1,12.193163,5.970187,-10.63156,0.70815754,0.64634144,0.92616034,0.5919325
RAL @ LA,Week 1,RAL,LA,2025-04-06 14:18:30,15,2,59 Audrey Lyman,02 Claire Bidigare-Curtis,0,0,0,0,0,0,0,0,1,1,0,13.930246,-4.7349796,13.100829,0.92616034,0.5919325,0.6575246,0.63508445
RAL @ LA,Week 1,RAL,LA,2025-04-06 14:18:56,15,2,02 Claire Bidigare-Curtis,45 Caitlin Gross,0,0,0,0,0,0,0,0,1,0,0,13.001676,-2.1273038,12.826463,0.6575246,0.63508445,0.39451477,0.6544715
RAL @ LA,Week 1,RAL,LA,2025-04-06 14:19:03,15,2,45 Caitlin Gross,88 Maddie Pletzke,0,0,0,0,0,0,0,0,0,0,0,11.554759,5.764318,10.014245,0.39451477,0.6544715,0.18917018,0.6019387
RAL @ LA,Week 1,RAL,LA,2025-04-06 14:19:16,15,2,88 Maddie Pletzke,59 Audrey Lyman,0,0,0,0,0,0,0,0,1,0,0,11.088164,-4.4604836,-10.151427,0.18917018,0.6019387,0.39732772,0.6425891
RAL @ LA,Week 1,RAL,LA,2025-04-06 14:19:28,15,2,59 Audrey Lyman,45 Caitlin Gross,0,0,0,0,0,0,0,0,0,0,0,26.931702,17.773327,-20.234262,0.39732772,0.6425891,0.8122363,0.48061287
RAL @ LA,Week 1,RAL,LA,2025-04-06 14:19:42,15,2,45 Caitlin Gross,59 Audrey Lyman,0,0,0,0,0,0,0,1,0,0,0,18.195187,0.8234726,18.176542,0.8122363,0.48061287,0.4395218,0.4731082
RAL @ LA,Week 1,RAL,LA,2025-04-06 14:20:11,15,2,59 Audrey Lyman,06 Jenny Wei,0,0,0,0,0,0,0,0,0,0,0,8.468373,7.068159,-4.664169,0.4395218,0.4731082,0.53516173,0.40869293
RAL @ LA,Week 1,RAL,LA,2025-04-06 14:20:22,15,2,06 Jenny Wei,02 Claire Bidigare-Curtis,0,0,0,0,0,0,0,0,0,0,0,12.000983,11.597267,-3.086582,0.53516173,0.40869293,0.59845287,0.30300188
RAL @ LA,Week 1,RAL,LA,2025-04-06 14:20:51,15,2,02 Claire Bidigare-Curtis,06 Jenny Wei,0,0,0,0,0,0,0,0,0,0,0,13.237947,8.577861,10.082835,0.59845287,0.30300188,0.39170182,0.22482802
RAL @ LA,Week 1,RAL,LA,2025-04-06 14:21:04,15,2,06 Jenny Wei,02 Claire Bidigare-Curtis,0,0,0,0,0,0,0,0,1,0,0,8.399342,-5.6956987,-6.173164,0.39170182,0.22482802,0.5182841,0.27673545
RAL @ LA,Week 1,RAL,LA,2025-04-06 14:21:14,15,2,02 Claire Bidigare-Curtis,06 Jenny Wei,0,0,0,0,0,1,0,0,0,0,0,9.969426,1.7841934,9.808472,0.5182841,0.27673545,0.31715894,0.2604753
RAL @ LA,Week 1,RAL,LA,2025-04-06 14:21:27,15,2,06 Jenny Wei,02 Claire Bidigare-Curtis,0,0,0,1,1,0,0,0,0,0,0,15.649969,13.99907,6.9962535,0.31715894,0.2604753,0.17369902,0.13289556
RAL @ LA,Week 1,RAL,LA,2025-04-06 18:44:56,16,1,59 Audrey Lyman,21 Julia Hoffmann,0,0,0,0,0,0,0,0,0,1,1,11.124523,11.116908,-0.4115443,0.07805907,0.5156348,0.08649789,0.41432145
RAL @ LA,Week 1,RAL,LA,2025-04-06 18:45:06,16,1,21 Julia Hoffmann,02 Claire Bidigare-Curtis,1,1,0,1,0,0,0,0,0,1,1,37.652416,37.53672,-2.9494007,0.08649789,0.41432145,0.14697608,0.07223265
RAL @ LA,Week 1,RAL,LA,2025-04-06 18:46:18,16,2,59 Audrey Lyman,45 Caitlin Gross,0,0,0,0,0,0,0,0,0,1,0,12.026945,6.8622904,-9.877063,0.023206752,0.69011885,0.22573839,0.62757975
RAL @ LA,Week 1,RAL,LA,2025-04-06 18:46:49,16,2,45 Caitlin Gross,21 Julia Hoffmann,1,1,0,0,0,0,0,0,0,0,0,11.21703,9.74445,-5.5558476,0.22573839,0.62757975,0.33966243,0.53877425
RAL @ LA,Week 1,RAL,LA,2025-04-06 18:47:53,16,3,59 Audrey Lyman,45 Caitlin Gross,0,0,0,0,0,0,0,0,0,0,0,16.446257,11.528643,-11.7290125,0.47327706,0.8345841,0.7137834,0.7295185
RAL @ LA,Week 1,RAL,LA,2025-04-06 18:48:08,16,3,45 Caitlin Gross,21 Julia Hoffmann,0,0,0,0,0,0,0,0,0,0,0,13.505307,11.940387,-6.3103476,0.7137834,0.7295185,0.84317863,0.6207004
RAL @ LA,Week 1,RAL,LA,2025-04-06 18:48:19,16,3,21 Julia Hoffmann,06 Jenny Wei,0,0,0,0,0,0,0,0,0,0,0,10.323655,10.156187,1.851951,0.84317863,0.6207004,0.8052039,0.5281426
RAL @ LA,Week 1,RAL,LA,2025-04-06 18:48:34,16,3,06 Jenny Wei,45 Caitlin Gross,0,0,0,0,0,0,0,0,0,0,1,11.839344,10.911036,-4.59558,0.8052039,0.5281426,0.8994374,0.42870545
RAL @ LA,Week 1,RAL,LA,2025-04-06 18:49:01,16,3,45 Caitlin Gross,15 Carmen Tormey,0,0,0,0,0,1,0,0,0,1,1,9.684577,9.675828,-0.41154465,0.8994374,0.42870545,0.90787625,0.34052533
RAL @ LA,Week 1,RAL,LA,2025-04-06 18:49:05,16,3,15 Carmen Tormey,88 Maddie Pletzke,0,0,0,1,1,0,0,0,0,1,1,27.461493,27.449154,-0.82308644,0.90787625,0.34052533,0.92475384,0.09036898
RAL @ LA,Week 1,RAL,LA,2025-04-06 18:51:36,17,1,48 Natalie Baumgarten,09 Jinny Riedel,0,0,0,0,0,0,0,0,0,0,1,12.674667,6.793669,10.700151,0.36216596,0.8083177,0.14275669,0.746404
RAL @ LA,Week 1,RAL,LA,2025-04-06 18:51:49,17,1,09 Jinny Riedel,43 Claire Hackl,1,1,0,0,0,0,0,0,0,1,0,25.419125,23.057291,-10.700151,0.14275669,0.746404,0.36216596,0.53627264
RAL @ LA,Week 1,RAL,LA,2025-04-06 18:52:54,17,2,43 Claire Hackl,24 Hannah Boettcher,0,0,0,0,0,0,0,0,0,0,0,22.642502,16.881233,-15.089959,0.21870604,0.5700438,0.5281294,0.41619763
RAL @ LA,Week 1,RAL,LA,2025-04-06 18:53:03,17,2,24 Hannah Boettcher,18 Sarah McKee,0,0,0,0,0,0,0,0,1,0,0,8.812009,-8.715108,1.3032228,0.5281294,0.41619763,0.5014065,0.49562228
RAL @ LA,Week 1,RAL,LA,2025-04-06 18:53:33,17,2,18 Sarah McKee,NA,1,1,0,0,0,0,0,0,0,0,0,24.743408,24.566996,-2.9493985,0.5014065,0.49562228,0.56188464,0.27173233
RAL @ LA,Week 1,RAL,LA,2025-04-06 18:55:28,17,3,09 Jinny Riedel,18 Sarah McKee,0,0,0,0,0,0,0,0,0,0,1,17.668901,16.195002,7.0648446,0.28762308,0.8333333,0.14275669,0.68574107
RAL @ LA,Week 1,RAL,LA,2025-04-06 18:55:52,17,3,18 Sarah McKee,48 Natalie Baumgarten,0,0,0,0,0,0,1,0,0,1,0,43.373997,39.869892,-17.079088,0.14275669,0.68574107,0.49296767,0.322389
RAL @ LA,Week 1,RAL,LA,2025-04-06 18:56:20,17,3,48 Natalie Baumgarten,24 Hannah Boettcher,0,0,0,0,0,0,0,0,0,0,0,12.00514,-0.2058657,-12.003375,0.49296767,0.322389,0.73909986,0.32426515
RAL @ LA,Week 1,RAL,LA,2025-04-06 18:56:35,17,3,24 Hannah Boettcher,59 Audrey Lyman,0,0,0,0,0,0,0,0,1,0,0,8.0362015,-8.02888,-0.3429529,0.73909986,0.32426515,0.7461322,0.3974359
RAL @ LA,Week 1,RAL,LA,2025-04-06 18:58:32,17,3,59 Audrey Lyman,06 Jenny Wei,0,0,0,0,0,0,0,0,1,0,0,8.922652,-2.4704244,8.57384,0.7461322,0.3974359,0.57032347,0.41994998
RAL @ LA,Week 1,RAL,LA,2025-04-06 18:58:39,17,3,06 Jenny Wei,45 Caitlin Gross,0,0,0,0,0,0,0,0,0,0,0,4.97221,3.842883,-3.1551738,0.57032347,0.41994998,0.6350211,0.38492808
RAL @ LA,Week 1,RAL,LA,2025-04-06 18:58:52,17,3,45 Caitlin Gross,06 Jenny Wei,1,0,1,0,0,0,0,0,0,0,0,5.4229426,5.4212074,-0.13718058,0.6350211,0.38492808,0.637834,0.3355222
RAL @ LA,Week 1,RAL,LA,2025-04-06 19:00:21,17,4,59 Audrey Lyman,06 Jenny Wei,0,0,0,0,0,0,0,0,0,0,0,12.341207,6.3819313,10.56297,0.47046414,0.8089431,0.2538678,0.7507817
RAL @ LA,Week 1,RAL,LA,2025-04-06 19:00:34,17,4,06 Jenny Wei,59 Audrey Lyman,0,0,0,0,0,0,0,0,1,0,0,10.716863,-3.2252762,-10.2200165,0.2538678,0.7507817,0.46343178,0.7801751
RAL @ LA,Week 1,RAL,LA,2025-04-06 19:00:52,17,4,59 Audrey Lyman,88 Maddie Pletzke,0,0,0,0,0,0,0,0,0,0,0,11.03595,10.842415,-2.0577233,0.46343178,0.7801751,0.5056259,0.68136334
RAL @ LA,Week 1,RAL,LA,2025-04-06 19:01:07,17,4,88 Maddie Pletzke,21 Julia Hoffmann,0,0,0,0,0,1,0,0,0,0,0,11.391717,10.362056,4.732761,0.5056259,0.68136334,0.40857947,0.5869293
RAL @ LA,Week 1,RAL,LA,2025-04-06 19:01:49,17,4,21 Julia Hoffmann,15 Carmen Tormey,0,0,0,1,1,0,1,0,0,0,0,55.282715,54.41795,9.739882,0.40857947,0.5869293,0.20886075,0.09099437
RAL @ LA,Week 1,RAL,LA,2025-04-06 19:05:11,19,1,59 Audrey Lyman,02 Claire Bidigare-Curtis,0,0,0,0,0,0,0,1,0,1,0,16.345346,0.8234726,16.32459,0.98241913,0.44121325,0.6476793,0.43370858
RAL @ LA,Week 1,RAL,LA,2025-04-06 19:05:18,19,1,02 Claire Bidigare-Curtis,59 Audrey Lyman,0,0,0,0,0,0,0,0,1,0,0,9.171925,-6.313304,6.6533003,0.6476793,0.43370858,0.51125175,0.49124452
RAL @ LA,Week 1,RAL,LA,2025-04-06 19:05:34,19,1,59 Audrey Lyman,02 Claire Bidigare-Curtis,0,0,0,0,0,0,0,0,1,0,0,8.888282,-5.97019,-6.5847087,0.51125175,0.49124452,0.64627284,0.5456535
RAL @ LA,Week 1,RAL,LA,2025-04-06 19:05:57,19,1,02 Claire Bidigare-Curtis,45 Caitlin Gross,0,0,0,0,0,0,0,0,0,0,0,13.695172,12.901101,4.5955772,0.64627284,0.5456535,0.5520394,0.42808005
RAL @ LA,Week 1,RAL,LA,2025-04-06 19:06:19,19,1,45 Caitlin Gross,06 Jenny Wei,0,0,0,0,0,0,0,0,0,0,0,9.610293,5.4898314,7.8879333,0.5520394,0.42808005,0.39029536,0.37804878
RAL @ LA,Week 1,RAL,LA,2025-04-06 19:06:40,19,1,06 Jenny Wei,59 Audrey Lyman,0,0,0,0,0,0,0,1,0,0,0,21.307371,1.3724587,-21.263123,0.39029536,0.37804878,0.826301,0.36554095
RAL @ LA,Week 1,RAL,LA,2025-04-06 19:06:59,19,1,59 Audrey Lyman,06 Jenny Wei,1,1,0,0,0,0,0,0,0,0,1,12.68084,11.528643,-5.281486,0.826301,0.36554095,0.93459916,0.2604753
RAL @ LA,Week 1,RAL,LA,2025-04-06 19:08:01,19,2,59 Audrey Lyman,88 Maddie Pletzke,0,0,0,0,0,0,0,0,0,0,0,13.058227,0.8234759,13.032235,0.73769337,0.3217636,0.47046414,0.3142589
RAL @ LA,Week 1,RAL,LA,2025-04-06 19:08:09,19,2,88 Maddie Pletzke,06 Jenny Wei,0,0,0,0,0,0,0,0,1,0,0,7.5380754,-4.940849,5.6930304,0.47046414,0.3142589,0.35372713,0.35928705
RAL @ LA,Week 1,RAL,LA,2025-04-06 19:08:30,19,2,06 Jenny Wei,88 Maddie Pletzke,0,0,0,0,0,1,0,0,0,0,0,15.656422,15.028412,4.389805,0.35372713,0.35928705,0.2637131,0.22232646
RAL @ LA,Week 1,RAL,LA,2025-04-06 19:08:37,19,2,88 Maddie Pletzke,21 Julia Hoffmann,0,0,0,1,1,0,0,0,0,0,0,16.090117,15.440149,4.5269885,0.2637131,0.22232646,0.17088607,0.08161351
RAL @ LA,Week 1,RAL,LA,2025-04-06 19:11:04,20,1,09 Jinny Riedel,48 Natalie Baumgarten,0,0,0,0,0,0,0,0,0,1,1,28.049465,27.586403,5.075711,0.9922644,0.80519074,0.8881857,0.5537836
RAL @ LA,Week 1,RAL,LA,2025-04-06 19:11:20,20,1,48 Natalie Baumgarten,24 Hannah Boettcher,0,0,0,0,0,1,1,0,0,1,1,55.42855,41.722713,36.490265,0.8881857,0.5537836,0.13994373,0.17354597
RAL @ LA,Week 1,RAL,LA,2025-04-06 19:11:35,20,1,24 Hannah Boettcher,43 Claire Hackl,0,0,0,1,1,0,0,0,0,1,0,9.058291,8.852353,-1.9205406,0.13994373,0.17354597,0.1793249,0.09287054
RAL @ LA,Week 1,RAL,LA,2025-04-06 19:14:46,22,1,59 Audrey Lyman,02 Claire Bidigare-Curtis,0,0,0,0,0,0,0,0,0,1,1,15.507191,15.440149,1.440405,0.056962024,0.5625391,0.02742616,0.42182615
RAL @ LA,Week 1,RAL,LA,2025-04-06 19:16:09,22,1,02 Claire Bidigare-Curtis,88 Maddie Pletzke,0,0,0,0,0,0,0,0,0,1,1,8.237319,8.234749,-0.20577215,0.02742616,0.42182615,0.03164557,0.34677923
RAL @ LA,Week 1,RAL,LA,2025-04-06 19:16:19,22,1,88 Maddie Pletzke,59 Audrey Lyman,1,1,0,1,0,0,0,0,0,1,1,28.83336,28.82161,-0.8230886,0.03164557,0.34677923,0.048523206,0.08411507
RAL @ LA,Week 1,RAL,LA,2025-04-06 19:19:55,23,1,59 Audrey Lyman,15 Carmen Tormey,0,0,0,0,0,0,0,1,0,1,0,23.234934,-4.940849,22.703527,0.98523206,0.5331457,0.5196906,0.5781739
RAL @ LA,Week 1,RAL,LA,2025-04-06 19:20:38,23,1,15 Carmen Tormey,06 Jenny Wei,0,0,0,0,0,1,0,0,0,0,1,23.365364,15.646019,-17.353453,0.5196906,0.5781739,0.87552744,0.43558475
RAL @ LA,Week 1,RAL,LA,2025-04-06 19:20:56,23,1,06 Jenny Wei,NA,0,0,0,1,1,0,0,0,0,1,1,38.236794,38.22295,1.0288616,0.87552744,0.43558475,0.8544304,0.08724203
LA @ NASH,Week 2,LA,NASH,2025-04-13 15:26:01,1,1,25 Samantha Wool,01 Maggie O'Connor,0,0,0,0,0,0,0,0,0,0,0,11.110123,0.20320053,-11.108264,0.49583334,0.6401234,0.72361106,0.6382716
LA @ NASH,Week 2,LA,NASH,2025-04-13 15:26:04,1,1,01 Maggie O'Connor,03 Chip Yen,1,1,0,0,0,0,0,0,0,0,0,13.103552,11.175996,6.8410654,0.72361106,0.6382716,0.5833333,0.53641975
LA @ NASH,Week 2,LA,NASH,2025-04-13 15:26:23,1,2,01 Maggie O'Connor,25 Samantha Wool,0,0,0,0,0,0,0,0,0,1,0,13.2764225,0.1354692,13.275731,0.87638885,0.72160494,0.6041667,0.72037035
LA @ NASH,Week 2,LA,NASH,2025-04-13 15:26:28,1,2,25 Samantha Wool,20 Madee Shade,0,0,0,0,0,0,0,0,0,0,0,11.900266,4.605868,-10.972798,0.6041667,0.72037035,0.82916665,0.67839503
LA @ NASH,Week 2,LA,NASH,2025-04-13 15:26:31,1,2,20 Madee Shade,25 Samantha Wool,0,0,0,0,0,0,0,0,0,0,0,13.897717,1.4901351,13.817599,0.82916665,0.67839503,0.54583335,0.6648148
LA @ NASH,Week 2,LA,NASH,2025-04-13 15:26:38,1,2,25 Samantha Wool,00 Stephanie Pritchard,0,0,0,0,0,0,0,0,0,0,0,20.260868,14.15626,-14.494932,0.54583335,0.6648148,0.84305555,0.5358025
LA @ NASH,Week 2,LA,NASH,2025-04-13 15:26:41,1,2,00 Stephanie Pritchard,50 Lilet Brooks,0,0,0,0,0,0,0,0,0,0,1,11.792801,11.650135,-1.8287983,0.84305555,0.5358025,0.8805555,0.42962962
LA @ NASH,Week 2,LA,NASH,2025-04-13 15:26:45,1,2,50 Lilet Brooks,25 Samantha Wool,0,0,0,0,0,1,0,0,0,1,1,9.963937,9.889065,1.2191988,0.8805555,0.42962962,0.85555553,0.33950618
LA @ NASH,Week 2,LA,NASH,2025-04-13 15:26:51,1,2,25 Samantha Wool,03 Chip Yen,0,0,0,1,1,0,0,0,0,1,0,30.448755,30.41227,1.4901329,0.85555553,0.33950618,0.825,0.06234567
LA @ NASH,Week 2,LA,NASH,2025-04-13 15:42:53,2,1,93 Naomi Guzman,44 Nadine Meister,0,0,0,0,0,0,0,1,0,1,0,16.00572,0.81280214,15.985068,0.8555556,0.6580247,0.5277778,0.6506173
LA @ NASH,Week 2,LA,NASH,2025-04-13 15:43:00,2,1,44 Nadine Meister,89 Lexy Roy,1,1,0,0,0,0,0,0,0,0,0,10.636507,10.5664015,1.2191988,0.5277778,0.6506173,0.5027778,0.554321
LA @ NASH,Week 2,LA,NASH,2025-04-13 15:43:34,2,2,93 Naomi Guzman,44 Nadine Meister,0,0,0,0,0,0,0,1,0,1,0,21.279268,1.8287982,21.200537,0.8930556,0.7537037,0.45833334,0.73703706
LA @ NASH,Week 2,LA,NASH,2025-04-13 15:43:36,2,2,44 Nadine Meister,26 Cameron Helm,0,0,0,0,0,0,0,0,0,0,0,11.706901,11.650135,-1.1514676,0.45833334,0.73703706,0.48194447,0.6308642
LA @ NASH,Week 2,LA,NASH,2025-04-13 15:44:08,2,2,26 Cameron Helm,19 Sophie Havranek,0,0,0,0,0,0,0,0,0,0,0,15.575721,11.921067,10.024532,0.48194447,0.6308642,0.27638894,0.5222222
LA @ NASH,Week 2,LA,NASH,2025-04-13 15:44:20,2,2,19 Sophie Havranek,93 Naomi Guzman,0,0,0,0,0,0,0,0,1,0,0,10.72884,-3.9962661,-9.9567995,0.27638894,0.5222222,0.4805556,0.55864197
LA @ NASH,Week 2,LA,NASH,2025-04-13 15:44:23,2,2,93 Naomi Guzman,02 Iman Haq,0,0,0,0,0,0,0,0,0,0,0,8.303342,8.263464,-0.8128007,0.4805556,0.55864197,0.49722227,0.48333335
LA @ NASH,Week 2,LA,NASH,2025-04-13 15:45:05,2,2,02 Iman Haq,44 Nadine Meister,0,0,0,0,0,0,0,0,0,0,0,12.976898,1.0159993,-12.937064,0.49722227,0.48333335,0.7625,0.4740741
LA @ NASH,Week 2,LA,NASH,2025-04-13 15:45:16,2,2,44 Nadine Meister,24 Avalon Igawa,0,0,0,0,0,0,0,0,0,0,0,10.630898,10.363201,-2.3706694,0.7625,0.4740741,0.81111115,0.37962964
LA @ NASH,Week 2,LA,NASH,2025-04-13 15:48:34,2,2,24 Avalon Igawa,89 Lexy Roy,0,0,0,0,0,0,0,0,0,0,0,7.3202147,7.3151994,-0.27093115,0.81111115,0.37962964,0.81666666,0.31296298
LA @ NASH,Week 2,LA,NASH,2025-04-13 15:49:52,2,2,89 Lexy Roy,26 Cameron Helm,0,0,0,0,0,1,0,0,0,0,1,8.240115,5.6895986,-5.9605346,0.81666666,0.31296298,0.9388889,0.26111114
LA @ NASH,Week 2,LA,NASH,2025-04-13 15:50:02,2,2,26 Cameron Helm,19 Sophie Havranek,0,0,0,1,1,0,0,0,0,1,1,23.306765,22.961601,3.9962678,0.9388889,0.26111114,0.85694444,0.051851872
LA @ NASH,Week 2,LA,NASH,2025-04-13 15:55:03,3,1,09 Arenaria Cramer,29 Hanae Oda,0,0,0,0,0,0,0,1,0,1,0,17.044086,0.33607322,-17.040773,0.14252871,0.7468096,0.491954,0.7437468
LA @ NASH,Week 2,LA,NASH,2025-04-13 15:55:19,3,1,29 Hanae Oda,07 Jessica Martinez,0,0,0,0,0,0,0,0,0,0,0,13.241603,2.5650527,-12.9907875,0.491954,0.7437468,0.7583333,0.72037035
LA @ NASH,Week 2,LA,NASH,2025-04-13 15:56:36,3,1,07 Jessica Martinez,23 Frances Lebar,0,0,0,0,0,0,0,0,0,0,1,11.29868,10.092262,-5.0800014,0.7583333,0.72037035,0.8625,0.6283951
LA @ NASH,Week 2,LA,NASH,2025-04-13 15:57:08,3,1,23 Frances Lebar,09 Arenaria Cramer,1,1,1,0,0,0,0,0,0,1,0,8.825631,6.570135,5.8928003,0.8625,0.6283951,0.7416667,0.5685185
LA @ NASH,Week 2,LA,NASH,2025-04-13 15:58:08,3,2,09 Arenaria Cramer,29 Hanae Oda,0,0,0,0,0,0,0,0,0,1,0,8.717363,4.741337,-7.3152003,0.076388866,0.72160494,0.22638887,0.67839503
LA @ NASH,Week 2,LA,NASH,2025-04-13 15:58:15,3,2,29 Hanae Oda,07 Jessica Martinez,0,0,0,0,0,0,1,0,0,0,0,41.182087,41.181866,0.13546775,0.22638887,0.67839503,0.22361107,0.3030864
LA @ NASH,Week 2,LA,NASH,2025-04-13 15:58:35,3,2,07 Jessica Martinez,04 Amy Lee,0,0,0,0,0,0,0,0,1,0,0,9.8893,-9.889069,-0.067734964,0.22361107,0.3030864,0.225,0.39320987
LA @ NASH,Week 2,LA,NASH,2025-04-13 15:58:49,3,2,04 Amy Lee,07 Jessica Martinez,1,1,0,0,0,0,0,0,0,0,0,9.965092,0.40640107,-9.956801,0.225,0.39320987,0.42916667,0.38950616
LA @ NASH,Week 2,LA,NASH,2025-04-13 16:00:05,3,3,09 Arenaria Cramer,17 Rachel Johnston,1,1,0,0,0,0,0,0,0,1,1,25.304539,25.264528,1.4224015,0.90555555,0.6864197,0.87638885,0.45617285
LA @ NASH,Week 2,LA,NASH,2025-04-13 16:00:43,3,4,09 Arenaria Cramer,17 Rachel Johnston,1,0,1,0,0,0,0,0,0,0,0,14.321712,14.088529,-2.5738647,0.25833333,0.71234566,0.31111106,0.58395064
LA @ NASH,Week 2,LA,NASH,2025-04-13 16:08:09,4,1,20 Madee Shade,25 Samantha Wool,0,0,0,0,0,0,0,0,0,0,0,13.80448,13.478933,2.9802687,0.8430556,0.7234568,0.78194445,0.6006173
LA @ NASH,Week 2,LA,NASH,2025-04-13 16:08:13,4,1,25 Samantha Wool,50 Lilet Brooks,0,0,0,0,0,0,0,0,0,0,0,14.958179,14.69813,-2.7770689,0.78194445,0.6006173,0.83888894,0.4666667
LA @ NASH,Week 2,LA,NASH,2025-04-13 16:08:17,4,1,50 Lilet Brooks,25 Samantha Wool,0,0,0,0,0,0,0,0,1,0,0,9.320908,-1.4223971,9.211738,0.83888894,0.4666667,0.65,0.47962964
LA @ NASH,Week 2,LA,NASH,2025-04-13 16:08:22,4,1,25 Samantha Wool,03 Chip Yen,0,0,0,0,0,0,0,1,0,0,0,19.08614,7.5183997,17.54293,0.65,0.47962964,0.2902778,0.41111112
LA @ NASH,Week 2,LA,NASH,2025-04-13 16:08:24,4,1,03 Chip Yen,01 Maggie O'Connor,0,0,0,0,0,1,0,0,0,0,0,12.381126,12.327465,1.1514676,0.2902778,0.41111112,0.26666668,0.29876545
LA @ NASH,Week 2,LA,NASH,2025-04-13 16:08:30,4,1,01 Maggie O'Connor,03 Chip Yen,0,0,0,1,1,0,0,0,0,0,0,19.914059,19.913599,0.13546558,0.26666668,0.29876545,0.26388893,0.11728396
LA @ NASH,Week 2,LA,NASH,2025-04-13 16:17:03,5,1,93 Naomi Guzman,02 Iman Haq,0,0,0,0,0,0,0,1,0,1,0,16.890608,3.7930655,-16.4592,0.077777736,0.6154321,0.41527775,0.5808642
LA @ NASH,Week 2,LA,NASH,2025-04-13 16:17:08,5,1,02 Iman Haq,19 Sophie Havranek,0,0,0,0,0,0,0,1,0,0,0,19.489437,3.5221338,-19.168535,0.41527775,0.5808642,0.80833334,0.5487654
LA @ NASH,Week 2,LA,NASH,2025-04-13 16:17:25,5,1,19 Sophie Havranek,26 Cameron Helm,1,1,0,0,0,0,0,0,0,0,0,9.689657,9.685868,0.27093697,0.80833334,0.5487654,0.8027777,0.4604938
LA @ NASH,Week 2,LA,NASH,2025-04-13 16:17:55,5,2,93 Naomi Guzman,44 Nadine Meister,0,0,0,0,0,0,0,1,0,1,0,20.07765,1.9642674,19.981333,0.9152777,0.841358,0.5055555,0.82345676
LA @ NASH,Week 2,LA,NASH,2025-04-13 16:18:16,5,2,44 Nadine Meister,89 Lexy Roy,0,0,0,0,0,0,0,0,0,0,0,13.887971,13.885328,-0.27093405,0.5055555,0.82345676,0.5111111,0.6969136
LA @ NASH,Week 2,LA,NASH,2025-04-13 16:18:42,5,2,89 Lexy Roy,93 Naomi Guzman,0,0,0,0,0,0,0,0,1,0,0,7.763668,-4.53813,-6.2992,0.5111111,0.6969136,0.64027774,0.7382716
LA @ NASH,Week 2,LA,NASH,2025-04-13 16:18:51,5,2,93 Naomi Guzman,19 Sophie Havranek,0,0,0,0,0,0,0,0,0,0,1,27.518496,11.514666,24.9936,0.64027774,0.7382716,0.12777774,0.6333333
LA @ NASH,Week 2,LA,NASH,2025-04-13 16:19:06,5,2,19 Sophie Havranek,89 Lexy Roy,0,0,0,0,0,0,0,0,0,1,0,11.065646,4.5381365,-10.092267,0.12777774,0.6333333,0.3347222,0.5919753
LA @ NASH,Week 2,LA,NASH,2025-04-13 16:19:12,5,2,89 Lexy Roy,93 Naomi Guzman,0,0,0,0,0,0,0,0,1,0,0,8.287028,-5.757333,-5.960533,0.3347222,0.5919753,0.4569444,0.6444444
LA @ NASH,Week 2,LA,NASH,2025-04-13 16:19:49,5,2,93 Naomi Guzman,26 Cameron Helm,0,0,0,0,0,0,0,0,0,0,0,11.782484,3.9285283,-11.108267,0.4569444,0.6444444,0.6847222,0.608642
LA @ NASH,Week 2,LA,NASH,2025-04-13 16:19:54,5,2,26 Cameron Helm,19 Sophie Havranek,0,0,0,0,0,0,1,0,0,0,0,45.23471,44.704,6.9087996,0.6847222,0.608642,0.54305553,0.20123456
LA @ NASH,Week 2,LA,NASH,2025-04-13 16:20:01,5,2,19 Sophie Havranek,89 Lexy Roy,1,1,0,1,0,0,0,0,0,0,0,14.604349,13.478932,5.6218677,0.54305553,0.20123456,0.42777774,0.07839506
LA @ NASH,Week 2,LA,NASH,2025-04-13 16:21:18,5,3,93 Naomi Guzman,44 Nadine Meister,0,0,0,0,0,0,0,0,0,1,0,13.244075,2.5061312,13.0048,0.9430555,0.73888886,0.67638886,0.7160494
LA @ NASH,Week 2,LA,NASH,2025-04-13 16:21:23,5,3,44 Nadine Meister,93 Naomi Guzman,0,0,0,0,0,0,0,0,0,0,0,10.999109,2.2351992,10.7696,0.67638886,0.7160494,0.45555553,0.695679
LA @ NASH,Week 2,LA,NASH,2025-04-13 16:22:01,5,3,93 Naomi Guzman,19 Sophie Havranek,0,0,0,0,0,0,0,0,0,0,0,14.558097,1.3546659,14.494932,0.45555553,0.695679,0.15833333,0.68333334
LA @ NASH,Week 2,LA,NASH,2025-04-13 16:22:10,5,3,19 Sophie Havranek,26 Cameron Helm,0,0,0,0,0,0,0,0,0,0,0,10.182553,5.5541325,-8.534401,0.15833333,0.68333334,0.33333334,0.63271606
LA @ NASH,Week 2,LA,NASH,2025-04-13 16:22:23,5,3,26 Cameron Helm,93 Naomi Guzman,0,0,0,0,0,0,0,0,1,0,0,11.823685,-3.6575963,-11.2437315,0.33333334,0.63271606,0.56388885,0.66604936
LA @ NASH,Week 2,LA,NASH,2025-04-13 16:22:27,5,3,93 Naomi Guzman,02 Iman Haq,1,1,1,0,0,0,0,0,0,0,0,17.512047,16.120533,-6.8410683,0.56388885,0.66604936,0.70416665,0.5191358
LA @ NASH,Week 2,LA,NASH,2025-04-13 16:27:15,5,4,09 Arenaria Cramer,04 Amy Lee,0,0,0,0,0,0,0,0,0,0,1,14.449444,11.853335,-8.263467,0.7138889,0.44135803,0.8833333,0.3333333
LA @ NASH,Week 2,LA,NASH,2025-04-13 16:27:23,5,4,04 Amy Lee,09 Arenaria Cramer,0,0,0,0,0,0,0,1,0,1,0,19.58653,-4.3349357,19.1008,0.8833333,0.3333333,0.49166667,0.3728395
LA @ NASH,Week 2,LA,NASH,2025-04-13 16:27:29,5,4,09 Arenaria Cramer,16 Karli Steiner,0,0,0,0,0,0,0,1,0,0,0,17.076593,6.841067,15.6464,0.49166667,0.3728395,0.17083333,0.31049383
LA @ NASH,Week 2,LA,NASH,2025-04-13 16:27:37,5,4,16 Karli Steiner,07 Jessica Martinez,0,0,0,0,0,0,0,1,0,0,0,15.214841,-1.8287982,-15.104532,0.17083333,0.31049383,0.48055553,0.32716048
LA @ NASH,Week 2,LA,NASH,2025-04-13 16:27:40,5,4,07 Jessica Martinez,16 Karli Steiner,0,0,0,0,0,0,0,0,0,0,0,14.620677,2.3706684,14.427201,0.48055553,0.32716048,0.1847222,0.30555552
LA @ NASH,Week 2,LA,NASH,2025-04-13 16:27:43,5,4,16 Karli Steiner,09 Arenaria Cramer,0,0,0,0,0,0,0,0,1,0,0,14.8699,-4.3349357,-14.224002,0.1847222,0.30555552,0.47638887,0.34506172
LA @ NASH,Week 2,LA,NASH,2025-04-13 16:27:56,5,4,09 Arenaria Cramer,29 Hanae Oda,0,0,0,0,0,0,0,0,0,0,0,13.573226,5.8250675,12.259733,0.47638887,0.34506172,0.225,0.2919753
LA @ NASH,Week 2,LA,NASH,2025-04-13 16:28:20,5,4,29 Hanae Oda,17 Rachel Johnston,0,0,0,0,0,0,0,0,0,0,0,11.521835,-0.40640107,-11.514666,0.225,0.2919753,0.46111107,0.295679
LA @ NASH,Week 2,LA,NASH,2025-04-13 16:28:32,5,4,17 Rachel Johnston,16 Karli Steiner,0,0,0,0,0,0,0,0,0,0,0,14.098953,0.54186696,-14.088536,0.46111107,0.295679,0.75,0.29074073
LA @ NASH,Week 2,LA,NASH,2025-04-13 16:28:38,5,4,16 Karli Steiner,09 Arenaria Cramer,0,0,0,0,0,1,0,0,0,0,0,11.398936,10.905065,-3.3189313,0.75,0.29074073,0.8180555,0.19135803
LA @ NASH,Week 2,LA,NASH,2025-04-13 16:28:57,5,4,09 Arenaria Cramer,23 Frances Lebar,0,0,0,1,1,0,0,0,0,0,1,10.747426,10.566401,-1.9642698,0.8180555,0.19135803,0.85833335,0.09506173
LA @ NASH,Week 2,LA,NASH,2025-04-13 16:32:34,6,1,93 Naomi Guzman,44 Nadine Meister,0,0,0,0,0,0,0,1,0,1,0,17.897118,-0.74507076,-17.881601,0.109722264,0.804321,0.47638893,0.81111115
LA @ NASH,Week 2,LA,NASH,2025-04-13 16:33:49,6,1,44 Nadine Meister,93 Naomi Guzman,0,0,0,0,0,0,0,0,0,0,0,7.5232797,7.5183997,-0.27093259,0.47638893,0.81111115,0.48194447,0.74259263
LA @ NASH,Week 2,LA,NASH,2025-04-13 16:33:53,6,1,93 Naomi Guzman,44 Nadine Meister,0,0,0,0,0,0,0,0,0,0,0,10.701869,0.0,10.701869,0.48194447,0.74259263,0.2625,0.74259263
LA @ NASH,Week 2,LA,NASH,2025-04-13 16:34:11,6,1,44 Nadine Meister,24 Avalon Igawa,0,0,0,0,0,0,0,0,0,0,1,11.2003975,9.482667,5.9605317,0.2625,0.74259263,0.1402778,0.6561729
LA @ NASH,Week 2,LA,NASH,2025-04-13 16:34:13,6,1,24 Avalon Igawa,02 Iman Haq,0,0,0,0,0,0,0,0,0,1,0,12.868799,7.0442677,-10.7696,0.1402778,0.6561729,0.36111113,0.59197533
LA @ NASH,Week 2,LA,NASH,2025-04-13 16:34:29,6,1,02 Iman Haq,26 Cameron Helm,0,0,0,0,0,0,0,0,0,0,0,8.773494,7.247468,4.944533,0.36111113,0.59197533,0.25972226,0.52592593
LA @ NASH,Week 2,LA,NASH,2025-04-13 16:34:34,6,1,26 Cameron Helm,02 Iman Haq,0,0,0,0,0,0,0,0,0,0,0,11.45975,3.5221338,-10.905065,0.25972226,0.52592593,0.48333332,0.49382716
LA @ NASH,Week 2,LA,NASH,2025-04-13 16:35:23,6,1,02 Iman Haq,44 Nadine Meister,0,0,0,0,0,0,0,0,0,0,0,13.664184,9.211732,-10.09227,0.48333332,0.49382716,0.6902778,0.40987656
LA @ NASH,Week 2,LA,NASH,2025-04-13 16:37:25,6,1,44 Nadine Meister,93 Naomi Guzman,0,0,0,0,0,1,0,0,0,0,0,8.5368185,6.705601,-5.283198,0.6902778,0.40987656,0.7986111,0.34876543
LA @ NASH,Week 2,LA,NASH,2025-04-13 16:37:30,6,1,93 Naomi Guzman,02 Iman Haq,0,0,0,1,1,0,0,0,0,0,0,32.452255,32.3088,3.048,0.7986111,0.34876543,0.7361111,0.054321
LA @ NASH,Week 2,LA,NASH,2025-04-13 16:41:55,7,1,01 Maggie O'Connor,00 Stephanie Pritchard,0,0,0,0,0,0,0,0,0,0,0,16.588585,9.076266,13.885336,0.69166666,0.47098765,0.4069444,0.3882716
LA @ NASH,Week 2,LA,NASH,2025-04-13 16:42:01,7,1,00 Stephanie Pritchard,01 Maggie O'Connor,0,0,0,0,0,0,0,0,1,0,0,8.906096,-4.0640006,7.9248,0.4069444,0.3882716,0.2444444,0.42530864
LA @ NASH,Week 2,LA,NASH,2025-04-13 16:42:05,7,1,01 Maggie O'Connor,24 Avalon Igawa,0,0,0,0,0,0,0,0,0,0,1,13.95915,11.71787,7.5861325,0.2444444,0.42530864,0.08888887,0.3185185
LA @ NASH,Week 2,LA,NASH,2025-04-13 16:42:07,7,1,24 Avalon Igawa,01 Maggie O'Connor,0,0,0,0,0,0,0,0,1,1,0,11.553846,-4.673602,-10.5664,0.08888887,0.3185185,0.30555552,0.3611111
LA @ NASH,Week 2,LA,NASH,2025-04-13 16:42:09,7,1,01 Maggie O'Connor,00 Stephanie Pritchard,0,0,0,0,0,0,0,0,1,0,0,9.136722,-2.4383998,-8.805333,0.30555552,0.3611111,0.48611107,0.38333333
LA @ NASH,Week 2,LA,NASH,2025-04-13 16:42:14,7,1,00 Stephanie Pritchard,25 Samantha Wool,0,0,0,0,0,0,0,0,0,0,0,9.845827,4.538133,8.7376,0.48611107,0.38333333,0.3069444,0.3419753
LA @ NASH,Week 2,LA,NASH,2025-04-13 16:42:16,7,1,25 Samantha Wool,01 Maggie O'Connor,0,0,0,0,0,0,0,0,1,0,0,6.5882616,-6.3669314,1.6933328,0.3069444,0.3419753,0.2722222,0.39999998
LA @ NASH,Week 2,LA,NASH,2025-04-13 16:42:20,7,1,01 Maggie O'Connor,24 Avalon Igawa,0,0,0,0,0,0,0,0,0,0,1,16.973923,15.443197,7.044267,0.2722222,0.39999998,0.12777774,0.25925925
LA @ NASH,Week 2,LA,NASH,2025-04-13 16:42:23,7,1,24 Avalon Igawa,01 Maggie O'Connor,0,0,0,0,0,0,0,0,1,1,0,8.293392,-6.502397,-5.1477356,0.12777774,0.25925925,0.23333333,0.3185185
LA @ NASH,Week 2,LA,NASH,2025-04-13 16:42:34,7,1,01 Maggie O'Connor,03 Chip Yen,0,0,0,0,0,0,0,0,1,0,0,13.741189,-5.486401,-12.5984,0.23333333,0.3185185,0.49166667,0.3685185
LA @ NASH,Week 2,LA,NASH,2025-04-13 16:42:39,7,1,03 Chip Yen,25 Samantha Wool,0,0,0,0,0,0,0,0,0,0,0,13.706254,10.024531,9.3472,0.49166667,0.3685185,0.3,0.2771605
LA @ NASH,Week 2,LA,NASH,2025-04-13 16:43:29,7,1,25 Samantha Wool,24 Avalon Igawa,0,0,0,0,0,0,0,0,1,0,0,11.568328,-3.8608003,-10.905065,0.3,0.2771605,0.52361107,0.31234568
LA @ NASH,Week 2,LA,NASH,2025-04-13 16:43:32,7,1,24 Avalon Igawa,11 Emily Ash,0,0,0,0,0,0,0,0,0,0,0,12.0926285,5.757333,10.634133,0.52361107,0.31234568,0.30555552,0.25987655
LA @ NASH,Week 2,LA,NASH,2025-04-13 16:43:36,7,1,11 Emily Ash,24 Avalon Igawa,0,0,0,0,0,0,0,0,1,0,0,9.63267,-6.570132,-7.044268,0.30555552,0.25987655,0.45,0.31975308
LA @ NASH,Week 2,LA,NASH,2025-04-13 16:43:41,7,1,24 Avalon Igawa,01 Maggie O'Connor,1,1,1,0,0,0,0,0,0,0,0,9.908996,8.737599,-4.6736016,0.45,0.31975308,0.54583335,0.24012345
LA @ NASH,Week 2,LA,NASH,2025-04-13 16:44:58,7,2,01 Maggie O'Connor,25 Samantha Wool,0,0,0,0,0,0,0,0,0,0,0,11.3001,5.2154627,-10.02453,0.3,0.33148146,0.5055555,0.28395063
LA @ NASH,Week 2,LA,NASH,2025-04-13 16:45:04,7,2,25 Samantha Wool,11 Emily Ash,0,0,0,0,0,1,0,0,0,0,0,11.131783,8.331201,7.3829317,0.5055555,0.28395063,0.35416666,0.2080247
LA @ NASH,Week 2,LA,NASH,2025-04-13 16:45:26,7,2,11 Emily Ash,03 Chip Yen,0,0,0,1,1,0,0,0,0,0,0,15.322713,15.3077345,0.67733514,0.35416666,0.2080247,0.34027773,0.0685185
LA @ NASH,Week 2,LA,NASH,2025-04-13 16:47:50,8,1,09 Arenaria Cramer,29 Hanae Oda,0,0,0,0,0,0,0,0,0,1,1,13.353264,13.208001,-1.9642675,0.09583333,0.6623457,0.13611113,0.5419753
LA @ NASH,Week 2,LA,NASH,2025-04-13 16:47:59,8,1,29 Hanae Oda,17 Rachel Johnston,1,1,0,0,0,0,0,0,0,1,0,26.131376,24.7904,-8.263469,0.13611113,0.5419753,0.3055556,0.3160494
LA @ NASH,Week 2,LA,NASH,2025-04-13 16:48:22,8,2,07 Jessica Martinez,16 Karli Steiner,0,0,0,0,0,1,0,0,0,0,0,10.008044,7.7216005,6.366933,0.5083333,0.39382717,0.37777779,0.3234568
LA @ NASH,Week 2,LA,NASH,2025-04-13 16:48:29,8,2,16 Karli Steiner,04 Amy Lee,0,0,0,1,1,0,0,0,0,0,0,30.764507,24.5872,-18.491201,0.37777779,0.3234568,0.7569445,0.09938271
LA @ NASH,Week 2,LA,NASH,2025-04-13 16:55:31,10,1,25 Samantha Wool,01 Maggie O'Connor,0,0,0,0,0,0,0,1,0,0,0,15.516703,3.2512019,15.172269,0.6152778,0.6271605,0.30416667,0.59753084
LA @ NASH,Week 2,LA,NASH,2025-04-13 16:55:36,10,1,01 Maggie O'Connor,03 Chip Yen,0,0,0,0,0,0,0,0,0,0,0,11.240669,4.8090615,-10.159999,0.30416667,0.59753084,0.5125,0.5537037
LA @ NASH,Week 2,LA,NASH,2025-04-13 16:55:39,10,1,03 Chip Yen,25 Samantha Wool,0,0,0,0,0,0,0,0,1,0,0,9.271553,-4.3349295,-8.195736,0.5125,0.5537037,0.6805556,0.59320986
LA @ NASH,Week 2,LA,NASH,2025-04-13 16:55:53,10,1,25 Samantha Wool,03 Chip Yen,0,0,0,0,0,0,0,0,0,0,0,7.4349475,7.111999,-2.1674666,0.6805556,0.59320986,0.725,0.52839506
LA @ NASH,Week 2,LA,NASH,2025-04-13 16:56:36,10,1,03 Chip Yen,20 Madee Shade,0,0,0,0,0,0,0,0,0,0,0,9.536936,8.195729,-4.8767986,0.725,0.52839506,0.825,0.45370373
LA @ NASH,Week 2,LA,NASH,2025-04-13 16:57:06,10,1,20 Madee Shade,25 Samantha Wool,1,1,0,0,0,0,0,0,0,0,0,14.17958,0.81280214,14.156264,0.825,0.45370373,0.53472227,0.4462963
LA @ NASH,Week 2,LA,NASH,2025-04-13 17:02:03,10,2,25 Samantha Wool,00 Stephanie Pritchard,1,1,0,0,0,0,0,0,0,0,0,34.27414,34.273067,0.27093405,0.68472224,0.8228395,0.6791667,0.5104938
LA @ NASH,Week 2,LA,NASH,2025-04-13 17:11:22,11,1,26 Cameron Helm,93 Naomi Guzman,0,0,0,0,0,0,0,1,0,1,0,17.294167,1.7610669,17.204268,0.9222222,0.6574074,0.5694444,0.641358
LA @ NASH,Week 2,LA,NASH,2025-04-13 17:11:24,11,1,93 Naomi Guzman,07 Jessica Martinez,0,0,0,0,0,0,0,0,0,0,0,9.255953,5.757333,-7.2474675,0.5694444,0.641358,0.71805555,0.5888889
LA @ NASH,Week 2,LA,NASH,2025-04-13 17:11:28,11,1,07 Jessica Martinez,09 Arenaria Cramer,1,1,0,0,0,0,0,0,0,0,0,37.414433,37.321064,-2.6416004,0.71805555,0.5888889,0.7722222,0.24876544
LA @ NASH,Week 2,LA,NASH,2025-04-13 17:16:02,11,2,09 Arenaria Cramer,26 Cameron Helm,0,0,0,0,0,0,0,1,0,1,0,19.169851,1.6255977,19.100801,0.86944443,0.837037,0.47777775,0.82222223
LA @ NASH,Week 2,LA,NASH,2025-04-13 17:16:08,11,2,26 Cameron Helm,04 Amy Lee,0,0,0,0,0,0,0,0,0,0,0,12.792101,11.650135,-5.2831993,0.47777775,0.82222223,0.58611107,0.7160494
LA @ NASH,Week 2,LA,NASH,2025-04-13 17:16:33,11,2,04 Amy Lee,93 Naomi Guzman,1,1,0,0,0,0,0,0,0,0,0,11.781123,11.717867,-1.2191988,0.58611107,0.7160494,0.61111104,0.60925925
LA @ NASH,Week 2,LA,NASH,2025-04-13 17:17:27,11,3,93 Naomi Guzman,07 Jessica Martinez,0,0,0,0,0,0,0,0,0,0,0,12.270393,10.363201,-6.5701313,0.6041667,0.69814813,0.73888886,0.6037037
LA @ NASH,Week 2,LA,NASH,2025-04-13 17:17:33,11,3,07 Jessica Martinez,26 Cameron Helm,1,1,0,0,0,0,0,0,0,0,0,39.965473,39.96266,-0.47413388,0.73888886,0.6037037,0.7486111,0.23950617
LA @ NASH,Week 2,LA,NASH,2025-04-13 17:20:27,11,4,25 Samantha Wool,01 Maggie O'Connor,1,1,0,0,0,0,0,0,0,0,1,22.349943,22.21653,2.4384007,0.19305554,0.67037034,0.14305553,0.46790123
LA @ NASH,Week 2,LA,NASH,2025-04-13 17:20:52,11,5,01 Maggie O'Connor,00 Stephanie Pritchard,0,0,0,0,0,0,0,1,0,0,0,17.953934,0.40640107,-17.949333,0.20555553,0.71728396,0.5736111,0.71358025
LA @ NASH,Week 2,LA,NASH,2025-04-13 17:20:56,11,5,00 Stephanie Pritchard,11 Emily Ash,0,0,0,0,0,0,0,0,0,0,0,15.670283,12.869338,-8.940801,0.5736111,0.71358025,0.7569444,0.59629625
LA @ NASH,Week 2,LA,NASH,2025-04-13 17:21:05,11,5,11 Emily Ash,24 Avalon Igawa,0,0,0,0,0,0,0,0,1,0,0,14.267478,-2.6416004,14.020802,0.7569444,0.59629625,0.4694444,0.6203703
LA @ NASH,Week 2,LA,NASH,2025-04-13 17:21:10,11,5,24 Avalon Igawa,01 Maggie O'Connor,0,0,0,0,0,0,0,0,1,0,0,8.251799,-5.486401,6.1637316,0.4694444,0.6203703,0.34305555,0.67037034
LA @ NASH,Week 2,LA,NASH,2025-04-13 17:21:13,11,5,01 Maggie O'Connor,24 Avalon Igawa,0,0,0,0,0,0,0,0,0,0,0,11.528599,9.27946,6.8410687,0.34305555,0.67037034,0.20277773,0.5858025
LA @ NASH,Week 2,LA,NASH,2025-04-13 17:21:21,11,5,24 Avalon Igawa,03 Chip Yen,0,0,0,0,0,0,0,0,1,0,0,14.572116,-2.8447943,-14.291736,0.20277773,0.5858025,0.49583334,0.61172837
LA @ NASH,Week 2,LA,NASH,2025-04-13 17:21:25,11,5,03 Chip Yen,00 Stephanie Pritchard,0,0,0,0,0,0,0,0,0,0,0,15.422539,6.570135,-13.953065,0.49583334,0.61172837,0.7819444,0.5518518
LA @ NASH,Week 2,LA,NASH,2025-04-13 17:21:34,11,5,00 Stephanie Pritchard,24 Avalon Igawa,1,1,0,0,0,0,0,1,0,0,0,15.594562,-2.1674678,15.4432,0.7819444,0.5518518,0.46527773,0.5716049
LA @ NASH,Week 2,LA,NASH,2025-04-13 17:22:30,11,6,01 Maggie O'Connor,25 Samantha Wool,1,0,1,0,0,0,0,1,0,1,0,20.054674,3.3189332,-19.778135,0.11111107,0.83271605,0.51666665,0.80246913
LA @ NASH,Week 2,LA,NASH,2025-04-13 17:24:40,12,1,29 Hanae Oda,93 Naomi Guzman,0,0,0,0,0,0,0,1,0,0,0,16.016033,2.302937,-15.8496,0.19583334,0.63827163,0.5208333,0.61728394
LA @ NASH,Week 2,LA,NASH,2025-04-13 17:25:11,12,1,93 Naomi Guzman,09 Arenaria Cramer,0,0,0,0,0,0,0,0,0,0,0,13.57931,6.9765296,-11.650138,0.5208333,0.61728394,0.7597223,0.5537037
LA @ NASH,Week 2,LA,NASH,2025-04-13 17:25:17,12,1,09 Arenaria Cramer,16 Karli Steiner,0,0,0,0,0,1,0,0,0,0,0,14.859711,14.833599,-0.8805306,0.7597223,0.5537037,0.7777778,0.41851854
LA @ NASH,Week 2,LA,NASH,2025-04-13 17:25:24,12,1,16 Karli Steiner,89 Lexy Roy,0,0,0,1,1,0,0,0,0,0,0,36.729523,36.711468,-1.1514676,0.7777778,0.41851854,0.8013889,0.083950624
LA @ NASH,Week 2,LA,NASH,2025-04-13 17:33:29,13,1,29 Hanae Oda,20 Madee Shade,0,0,0,0,0,0,0,0,1,0,0,9.788578,-5.5541325,8.060266,0.64027774,0.50061727,0.475,0.55123454
LA @ NASH,Week 2,LA,NASH,2025-04-13 17:33:34,13,1,20 Madee Shade,29 Hanae Oda,0,0,0,0,0,0,0,0,1,0,0,11.592103,-6.570135,-9.550402,0.475,0.55123454,0.67083335,0.6111111
LA @ NASH,Week 2,LA,NASH,2025-04-13 17:33:41,13,1,29 Hanae Oda,23 Frances Lebar,0,0,0,0,0,0,0,0,0,0,0,16.635672,14.156266,-8.7376,0.67083335,0.6111111,0.85,0.48209876
LA @ NASH,Week 2,LA,NASH,2025-04-13 17:33:47,13,1,23 Frances Lebar,20 Madee Shade,0,0,0,0,0,0,0,0,0,0,0,8.341105,8.331199,0.40640253,0.85,0.48209876,0.84166664,0.40617284
LA @ NASH,Week 2,LA,NASH,2025-04-13 17:34:31,13,1,20 Madee Shade,19 Sophie Havranek,1,1,0,1,0,0,1,0,0,0,0,41.21316,38.946667,13.478933,0.84166664,0.40617284,0.56527776,0.05123456
LA @ NASH,Week 2,LA,NASH,2025-04-13 17:38:23,13,2,NA,NA,1,1,0,0,0,0,0,0,0,0,0,11.746026,6.231472,9.956801,0.4930556,0.9080247,0.28888893,0.85123456
LA @ NASH,Week 2,LA,NASH,2025-04-13 17:39:43,13,3,93 Naomi Guzman,07 Jessica Martinez,0,0,0,0,0,0,0,0,0,0,0,20.07879,11.785598,16.256,0.49166667,0.837037,0.15833333,0.72962964
LA @ NASH,Week 2,LA,NASH,2025-04-13 17:40:53,13,3,07 Jessica Martinez,09 Arenaria Cramer,0,0,0,0,0,0,0,1,0,0,0,16.712027,-1.2869345,-16.662401,0.15833333,0.72962964,0.5,0.74135804
LA @ NASH,Week 2,LA,NASH,2025-04-13 17:40:59,13,3,09 Arenaria Cramer,26 Cameron Helm,0,0,0,0,0,0,0,0,0,0,0,14.292378,5.6218705,-13.140268,0.5,0.74135804,0.76944447,0.69012344
LA @ NASH,Week 2,LA,NASH,2025-04-13 17:41:02,13,3,26 Cameron Helm,09 Arenaria Cramer,0,0,0,0,0,0,0,0,0,0,0,8.466664,6.7733293,5.0800014,0.76944447,0.69012344,0.6652778,0.6283951
LA @ NASH,Week 2,LA,NASH,2025-04-13 17:41:18,13,3,09 Arenaria Cramer,93 Naomi Guzman,0,0,0,0,0,0,0,0,0,0,0,29.047497,28.989868,-1.8288013,0.6652778,0.6283951,0.7027778,0.36419752
LA @ NASH,Week 2,LA,NASH,2025-04-13 17:41:31,13,3,93 Naomi Guzman,07 Jessica Martinez,0,0,0,0,0,0,0,0,0,0,0,14.068004,1.1514621,14.020801,0.7027778,0.36419752,0.4152778,0.35370374
LA @ NASH,Week 2,LA,NASH,2025-04-13 17:41:40,13,3,07 Jessica Martinez,16 Karli Steiner,0,0,0,0,0,0,0,0,1,0,0,9.602377,-6.2991967,-7.247466,0.4152778,0.35370374,0.5638889,0.41111112
LA @ NASH,Week 2,LA,NASH,2025-04-13 17:41:45,13,3,16 Karli Steiner,26 Cameron Helm,0,0,0,0,0,0,0,0,0,0,0,12.979551,9.143997,-9.211735,0.5638889,0.41111112,0.7527778,0.3277778
LA @ NASH,Week 2,LA,NASH,2025-04-13 17:41:48,13,3,26 Cameron Helm,07 Jessica Martinez,0,0,0,0,0,0,0,0,0,0,0,12.855067,12.733868,-1.761067,0.7527778,0.3277778,0.78888893,0.21172841
LA @ NASH,Week 2,LA,NASH,2025-04-13 17:41:54,13,3,07 Jessica Martinez,09 Arenaria Cramer,0,0,0,0,0,0,0,0,1,0,0,8.738648,-5.35093,6.9087996,0.78888893,0.21172841,0.6472223,0.26049381
LA @ NASH,Week 2,LA,NASH,2025-04-13 17:42:08,13,3,09 Arenaria Cramer,16 Karli Steiner,0,0,0,0,0,1,0,0,0,0,0,11.614243,3.9962628,10.905068,0.6472223,0.26049381,0.42361113,0.2240741
LA @ NASH,Week 2,LA,NASH,2025-04-13 17:42:11,13,3,16 Karli Steiner,26 Cameron Helm,0,0,0,1,1,0,0,0,0,0,0,15.4604225,15.3077345,-2.167468,0.42361113,0.2240741,0.4680556,0.084567904
LA @ NASH,Week 2,LA,NASH,2025-04-13 17:43:50,14,1,20 Madee Shade,02 Iman Haq,0,0,0,0,0,0,0,0,1,0,0,12.450045,-5.486401,-11.176002,0.30416667,0.56666666,0.53333336,0.6166667
LA @ NASH,Week 2,LA,NASH,2025-04-13 17:43:56,14,1,02 Iman Haq,20 Madee Shade,0,0,0,0,0,0,0,0,1,0,0,8.326514,-7.721594,3.1157372,0.53333336,0.6166667,0.4694444,0.687037
LA @ NASH,Week 2,LA,NASH,2025-04-13 17:44:19,14,1,20 Madee Shade,29 Hanae Oda,0,0,0,0,0,0,0,0,0,0,0,13.760537,5.2154627,12.733866,0.4694444,0.687037,0.20833333,0.63950616
LA @ NASH,Week 2,LA,NASH,2025-04-13 17:44:24,14,1,29 Hanae Oda,19 Sophie Havranek,0,0,0,0,0,0,0,0,0,0,0,16.0658,7.7216005,-14.088533,0.20833333,0.63950616,0.49722221,0.5691358
LA @ NASH,Week 2,LA,NASH,2025-04-13 17:44:29,14,1,19 Sophie Havranek,23 Frances Lebar,0,0,0,0,0,0,0,0,0,0,0,13.009207,12.1919985,4.538133,0.49722221,0.5691358,0.40416667,0.45802468
LA @ NASH,Week 2,LA,NASH,2025-04-13 17:44:36,14,1,23 Frances Lebar,02 Iman Haq,0,0,0,0,0,0,0,0,1,0,0,8.145198,-6.366935,-5.0799994,0.40416667,0.45802468,0.5083333,0.5160494
LA @ NASH,Week 2,LA,NASH,2025-04-13 17:44:44,14,1,02 Iman Haq,19 Sophie Havranek,0,0,0,0,0,0,0,0,0,0,0,14.812552,10.024534,-10.905065,0.5083333,0.5160494,0.7319444,0.42469135
LA @ NASH,Week 2,LA,NASH,2025-04-13 17:44:51,14,1,19 Sophie Havranek,89 Lexy Roy,0,0,0,0,0,1,0,0,0,0,0,14.094393,13.411199,-4.334936,0.7319444,0.42469135,0.8208333,0.30246913
LA @ NASH,Week 2,LA,NASH,2025-04-13 17:45:29,14,1,89 Lexy Roy,23 Frances Lebar,0,0,0,1,1,0,0,0,0,0,0,27.31468,22.7584,15.104535,0.8208333,0.30246913,0.5111111,0.09506173
LA @ NASH,Week 2,LA,NASH,2025-04-13 17:50:01,16,1,16 Karli Steiner,25 Samantha Wool,0,0,0,0,0,0,0,0,1,1,0,13.207131,-2.302937,-13.0048,0.12083333,0.59629625,0.3875,0.61728394
LA @ NASH,Week 2,LA,NASH,2025-04-13 17:50:04,16,1,25 Samantha Wool,01 Maggie O'Connor,0,0,0,0,0,1,0,0,0,0,0,10.283204,6.2991967,-8.128001,0.3875,0.61728394,0.5541667,0.55987656
LA @ NASH,Week 2,LA,NASH,2025-04-13 17:50:08,16,1,01 Maggie O'Connor,00 Stephanie Pritchard,0,0,0,1,1,0,1,0,0,0,0,53.28358,52.35787,-9.889066,0.5541667,0.55987656,0.7569444,0.08271604
LA @ NASH,Week 2,LA,NASH,2025-04-13 17:52:54,17,1,93 Naomi Guzman,24 Avalon Igawa,0,0,0,0,0,0,0,0,0,0,0,13.237315,11.85333,5.8928003,0.4527778,0.69012344,0.33194447,0.5820988
LA @ NASH,Week 2,LA,NASH,2025-04-13 17:53:25,17,1,24 Avalon Igawa,16 Karli Steiner,0,0,0,0,0,0,0,0,0,0,0,12.74845,7.5183997,-10.295467,0.33194447,0.5820988,0.5430556,0.51358026
LA @ NASH,Week 2,LA,NASH,2025-04-13 17:54:57,17,1,16 Karli Steiner,09 Arenaria Cramer,0,0,0,0,0,0,0,0,0,0,0,30.37604,29.531733,7.112001,0.5430556,0.51358026,0.39722225,0.24444446
LA @ NASH,Week 2,LA,NASH,2025-04-13 17:54:59,17,1,09 Arenaria Cramer,07 Jessica Martinez,1,1,0,1,0,0,0,0,0,0,0,16.055088,14.291736,7.3152,0.39722225,0.24444446,0.24722226,0.11419753
LA @ NASH,Week 2,LA,NASH,2025-04-13 17:55:27,17,2,93 Naomi Guzman,09 Arenaria Cramer,0,0,0,0,0,0,0,1,0,0,0,16.957293,-6.028265,-15.8496,0.17361113,0.42222223,0.49861112,0.47716048
LA @ NASH,Week 2,LA,NASH,2025-04-13 17:55:43,17,2,09 Arenaria Cramer,07 Jessica Martinez,0,0,0,0,0,0,0,0,0,0,0,17.152588,15.104531,8.127999,0.49861112,0.47716048,0.33194447,0.33950618
LA @ NASH,Week 2,LA,NASH,2025-04-13 17:55:48,17,2,07 Jessica Martinez,93 Naomi Guzman,0,0,0,0,0,0,0,0,1,0,0,10.995771,-4.944531,-9.821334,0.33194447,0.33950618,0.53333336,0.3845679
LA @ NASH,Week 2,LA,NASH,2025-04-13 17:56:04,17,2,93 Naomi Guzman,16 Karli Steiner,0,0,0,0,0,1,0,0,0,0,1,19.124323,10.701864,-15.8496,0.53333336,0.3845679,0.85833335,0.28703704
LA @ NASH,Week 2,LA,NASH,2025-04-13 17:56:08,17,2,16 Karli Steiner,26 Cameron Helm,0,0,0,1,1,0,0,0,0,1,1,20.124094,20.116798,-0.5418681,0.85833335,0.28703704,0.8694445,0.10370372
LA @ NASH,Week 2,LA,NASH,2025-04-13 17:57:44,18,1,20 Madee Shade,02 Iman Haq,0,0,0,0,0,0,0,0,1,0,0,9.618372,-7.9925323,-5.350935,0.65416664,0.61049384,0.7638889,0.68333334
LA @ NASH,Week 2,LA,NASH,2025-04-13 17:57:46,18,1,02 Iman Haq,20 Madee Shade,0,0,0,0,0,0,0,0,0,0,0,7.4229074,6.570135,-3.4543998,0.7638889,0.68333334,0.8347222,0.6234568
LA @ NASH,Week 2,LA,NASH,2025-04-13 17:58:40,18,1,20 Madee Shade,23 Frances Lebar,0,0,0,0,0,1,1,0,0,0,1,43.099693,43.0784,-1.3546673,0.8347222,0.6234568,0.8625,0.23086418
LA @ NASH,Week 2,LA,NASH,2025-04-13 17:58:50,18,1,23 Frances Lebar,17 Rachel Johnston,0,0,0,1,1,0,0,0,0,1,1,13.792508,13.7498665,-1.0837303,0.8625,0.23086418,0.8847222,0.105555534
LA @ NASH,Week 2,LA,NASH,2025-04-13 18:02:01,19,1,20 Madee Shade,29 Hanae Oda,1,0,1,0,0,0,0,0,0,0,0,8.831344,8.805331,-0.6773308,0.7402778,0.40617284,0.75416666,0.32592595
LA @ NASH,Week 2,LA,NASH,2025-04-13 18:04:27,19,2,25 Samantha Wool,01 Maggie O'Connor,0,0,0,0,0,0,0,0,0,0,0,12.657253,8.534396,9.3472,0.48333332,0.82098764,0.29166666,0.7432099
LA @ NASH,Week 2,LA,NASH,2025-04-13 18:04:58,19,2,01 Maggie O'Connor,03 Chip Yen,0,0,0,0,0,0,1,0,0,0,0,45.29922,44.63627,-7.7216,0.29166666,0.7432099,0.45,0.33641976
LA @ NASH,Week 2,LA,NASH,2025-04-13 18:05:00,19,2,03 Chip Yen,24 Avalon Igawa,0,0,0,0,0,0,0,0,1,0,0,8.931044,-1.0159993,8.873065,0.45,0.33641976,0.2680556,0.34567901
LA @ NASH,Week 2,LA,NASH,2025-04-13 18:05:13,19,2,24 Avalon Igawa,25 Samantha Wool,1,0,1,0,0,0,0,0,0,0,0,12.672651,-0.40640107,-12.666133,0.2680556,0.34567901,0.5277778,0.34938273
LA @ NASH,Week 2,LA,NASH,2025-04-13 18:06:08,19,3,25 Samantha Wool,11 Emily Ash,0,0,0,0,0,1,0,0,0,0,0,30.760479,29.667198,8.127999,0.6458333,0.49753088,0.47916666,0.2271605
LA @ NASH,Week 2,LA,NASH,2025-04-13 18:07:29,19,3,11 Emily Ash,03 Chip Yen,0,0,0,1,1,0,0,0,0,0,0,16.135042,12.8016,-9.821336,0.47916666,0.2271605,0.6805556,0.110493824
LA @ NASH,Week 2,LA,NASH,2025-04-13 18:09:42,20,1,16 Karli Steiner,09 Arenaria Cramer,1,1,0,0,0,0,1,0,0,0,1,46.498135,42.604267,-18.626669,0.48055553,0.7271605,0.8625,0.33888888
LA @ NASH,Week 2,NASH,LA,4/13/25 15:33,1,1,42 Emma Patterson,15 Sylvia Brown,0,0,0,0,0,0,0,0,0,0,0,11.39334,5.9610796,-9.709466,0.51131225,0.52112675,0.71040726,0.46680078
LA @ NASH,Week 2,NASH,LA,4/13/25 15:33,1,1,15 Sylvia Brown,21 Elena Rubino,0,0,0,0,0,0,0,0,0,0,0,10.4575,8.09529,6.6200905,0.71040726,0.46680078,0.57466066,0.3930248
LA @ NASH,Week 2,NASH,LA,4/13/25 15:33,1,1,21 Elena Rubino,42 Emma Patterson,1,1,0,0,0,0,0,1,0,0,0,17.464485,1.913433,17.359348,0.57466066,0.3930248,0.21870291,0.37558684
LA @ NASH,Week 2,NASH,LA,4/13/25 15:38,2,1,16 Emily Branson,03 Sara Mog,0,0,0,0,0,0,0,0,0,0,0,13.815525,10.376694,-9.121017,0.36953238,0.7162978,0.5565611,0.6217304
LA @ NASH,Week 2,NASH,LA,4/13/25 15:38,2,1,03 Sara Mog,16 Emily Branson,0,0,0,0,0,0,0,0,0,0,0,9.187577,1.1039042,9.121017,0.5565611,0.6217304,0.36953238,0.61167
LA @ NASH,Week 2,NASH,LA,4/13/25 15:38,2,1,16 Emily Branson,03 Sara Mog,0,0,0,0,0,0,0,0,1,0,0,9.874994,-4.121238,-8.973902,0.36953238,0.61167,0.55354446,0.6492287
LA @ NASH,Week 2,NASH,LA,4/13/25 15:38,2,1,03 Sara Mog,91 Savannah Sillivant,0,0,0,0,0,0,0,0,0,0,0,15.600959,10.155912,-11.842608,0.55354446,0.6492287,0.7963801,0.55667335
LA @ NASH,Week 2,NASH,LA,4/13/25 15:38,2,1,91 Savannah Sillivant,16 Emily Branson,0,0,0,0,0,0,0,1,0,0,0,15.2734165,-2.4285893,15.079099,0.7963801,0.55667335,0.48717943,0.57880616
LA @ NASH,Week 2,NASH,LA,4/13/25 15:38,2,1,16 Emily Branson,03 Sara Mog,1,1,0,0,0,0,0,0,0,0,0,19.696184,15.454646,12.210389,0.48717943,0.57880616,0.23680238,0.4379611
LA @ NASH,Week 2,NASH,LA,4/13/25 15:39,2,2,03 Sara Mog,22 Becca Henley,0,0,0,0,0,0,0,0,0,0,0,15.033084,5.151551,14.122859,0.49019605,0.47082496,0.20060329,0.42387658
LA @ NASH,Week 2,NASH,LA,4/13/25 15:40,2,2,22 Becca Henley,80 Kelsea LeBeau,0,0,0,0,0,0,0,0,1,0,0,7.9486847,-1.545466,-7.7969947,0.20060329,0.42387658,0.3604826,0.4379611
LA @ NASH,Week 2,NASH,LA,4/13/25 15:40,2,2,80 Kelsea LeBeau,91 Savannah Sillivant,0,0,0,0,0,0,0,0,0,0,0,8.740838,6.1082625,-6.2523103,0.3604826,0.4379611,0.48868778,0.3822938
LA @ NASH,Week 2,NASH,LA,4/13/25 15:41,2,2,91 Savannah Sillivant,03 Sara Mog,0,0,0,0,0,0,0,0,0,0,0,13.286341,2.6493702,-13.019512,0.48868778,0.3822938,0.7556561,0.3581489
LA @ NASH,Week 2,NASH,LA,4/13/25 15:41,2,2,03 Sara Mog,91 Savannah Sillivant,0,0,0,0,0,0,0,0,0,0,0,11.489917,-0.58874786,11.474823,0.7556561,0.3581489,0.520362,0.36351442
LA @ NASH,Week 2,NASH,LA,4/13/25 15:41,2,2,91 Savannah Sillivant,17 Rachel Barr,1,1,0,0,0,0,0,0,0,0,1,22.264776,11.99575,18.756926,0.520362,0.36351442,0.13574661,0.25419182
LA @ NASH,Week 2,NASH,LA,4/13/25 15:48,3,1,42 Emma Patterson,15 Sylvia Brown,0,0,0,0,0,0,0,0,0,0,0,6.7849774,6.7706084,0.44133934,0.51131225,0.7726358,0.5022625,0.71093225
LA @ NASH,Week 2,NASH,LA,4/13/25 15:49,3,1,15 Sylvia Brown,96 Natalie Wilson,0,0,0,0,0,0,0,0,0,0,0,14.498505,5.7402954,-13.31374,0.5022625,0.71093225,0.775264,0.6586184
LA @ NASH,Week 2,NASH,LA,4/13/25 15:49,3,1,96 Natalie Wilson,61 Madison Oakman,0,0,0,0,0,0,0,0,1,0,0,9.323552,-1.545466,9.194572,0.775264,0.6586184,0.586727,0.6727029
LA @ NASH,Week 2,NASH,LA,4/13/25 15:49,3,1,61 Madison Oakman,15 Sylvia Brown,0,0,0,0,0,0,0,0,0,0,0,11.249271,7.58014,-8.311894,0.586727,0.6727029,0.7571645,0.6036217
LA @ NASH,Week 2,NASH,LA,4/13/25 15:49,3,1,15 Sylvia Brown,61 Madison Oakman,0,0,0,0,0,0,0,0,1,0,0,13.490899,-7.21217,11.40127,0.7571645,0.6036217,0.5233786,0.66934943
LA @ NASH,Week 2,NASH,LA,4/13/25 15:49,3,1,61 Madison Oakman,15 Sylvia Brown,0,0,0,0,0,0,0,1,0,0,1,23.605988,3.679683,23.317432,0.5233786,0.66934943,0.04524887,0.63581485
LA @ NASH,Week 2,NASH,LA,4/13/25 15:49,3,1,15 Sylvia Brown,96 Natalie Wilson,0,0,0,0,0,0,0,0,0,1,0,14.701402,5.7402954,-13.5344095,0.04524887,0.63581485,0.3227753,0.583501
LA @ NASH,Week 2,NASH,LA,4/13/25 15:50,3,1,96 Natalie Wilson,42 Emma Patterson,0,0,0,0,0,0,0,0,1,0,0,8.641435,-1.7662468,-8.459004,0.3227753,0.583501,0.4962293,0.5995976
LA @ NASH,Week 2,NASH,LA,4/13/25 15:50,3,1,42 Emma Patterson,15 Sylvia Brown,0,0,0,0,0,0,0,0,0,0,0,16.089075,6.9913893,-14.490645,0.4962293,0.5995976,0.7933636,0.53588194
LA @ NASH,Week 2,NASH,LA,4/13/25 15:50,3,1,15 Sylvia Brown,71 Mattea Swegles,1,1,0,0,0,0,0,0,0,0,0,35.554897,35.54569,-0.8091192,0.7933636,0.53588194,0.80995476,0.21193829
LA @ NASH,Week 2,NASH,LA,4/13/25 15:51,3,2,42 Emma Patterson,06 Rebecca Fagan,0,0,0,0,0,0,0,0,0,0,0,12.512853,12.510907,-0.22066967,0.1553545,0.49228704,0.15987939,0.37826958
LA @ NASH,Week 2,NASH,LA,4/13/25 15:51,3,2,06 Rebecca Fagan,42 Emma Patterson,0,0,0,0,0,0,0,0,1,0,0,16.284628,-11.407002,-11.621935,0.15987939,0.37826958,0.39819005,0.48222667
LA @ NASH,Week 2,NASH,LA,4/13/25 15:51,3,2,42 Emma Patterson,96 Natalie Wilson,1,1,0,0,0,0,0,0,0,0,1,34.838127,21.562912,-27.363039,0.39819005,0.48222667,0.959276,0.28571427
LA @ NASH,Week 2,NASH,LA,4/13/25 15:52,3,3,61 Madison Oakman,15 Sylvia Brown,0,0,0,0,0,0,0,0,1,0,0,7.931256,-7.064987,-3.6042714,0.6907994,0.7102615,0.7647059,0.7746479
LA @ NASH,Week 2,NASH,LA,4/13/25 15:52,3,3,15 Sylvia Brown,06 Rebecca Fagan,0,0,0,0,0,0,0,0,0,0,0,24.072254,23.91791,2.7215927,0.7647059,0.7746479,0.70889896,0.55667335
LA @ NASH,Week 2,NASH,LA,4/13/25 15:53,3,3,06 Rebecca Fagan,96 Natalie Wilson,1,1,0,0,0,0,0,0,0,0,0,36.543015,29.511017,21.552073,0.70889896,0.55667335,0.26696834,0.28772634
LA @ NASH,Week 2,NASH,LA,4/13/25 15:54,3,4,42 Emma Patterson,15 Sylvia Brown,0,0,0,0,0,0,0,0,0,1,0,9.42169,5.8874884,-7.355659,0.04524887,0.4741784,0.19607848,0.4205231
LA @ NASH,Week 2,NASH,LA,4/13/25 15:54,3,4,15 Sylvia Brown,42 Emma Patterson,0,0,0,0,0,0,0,0,1,0,0,12.047596,-5.7402987,-10.592145,0.19607848,0.4205231,0.41327304,0.472837
LA @ NASH,Week 2,NASH,LA,4/13/25 15:54,3,4,42 Emma Patterson,96 Natalie Wilson,1,1,0,0,0,0,0,0,0,0,0,20.04975,14.792304,-13.534407,0.41327304,0.472837,0.6907994,0.33802816
LA @ NASH,Week 2,NASH,LA,4/13/25 15:55,3,5,15 Sylvia Brown,06 Rebecca Fagan,0,0,0,0,0,0,0,0,0,0,1,19.41137,14.056373,-13.387294,0.6983409,0.4594232,0.9728507,0.33132124
LA @ NASH,Week 2,NASH,LA,4/13/25 15:55,3,5,06 Rebecca Fagan,96 Natalie Wilson,0,0,0,0,0,0,0,0,0,1,1,17.026117,16.92652,1.8389139,0.9728507,0.33132124,0.9351433,0.17706235
LA @ NASH,Week 2,NASH,LA,4/13/25 15:55,3,5,96 Natalie Wilson,15 Sylvia Brown,0,0,0,0,0,1,0,0,1,1,0,12.206389,-3.238118,11.76905,0.9351433,0.17706235,0.693816,0.20657276
LA @ NASH,Week 2,NASH,LA,4/13/25 15:55,3,5,15 Sylvia Brown,96 Natalie Wilson,0,0,0,1,1,0,0,0,0,0,1,12.672634,8.316072,-9.562353,0.693816,0.20657276,0.8898944,0.13078469
LA @ NASH,Week 2,NASH,LA,4/13/25 16:01,5,1,80 Kelsea LeBeau,16 Emily Branson,0,0,0,0,0,0,0,0,0,0,0,12.419095,7.359353,-10.003692,0.27450982,0.8001341,0.479638,0.73306507
LA @ NASH,Week 2,NASH,LA,4/13/25 16:01,5,1,16 Emily Branson,03 Sara Mog,0,0,0,0,0,0,0,0,1,0,0,12.989686,-2.9437425,-12.651732,0.479638,0.73306507,0.73906493,0.7598927
LA @ NASH,Week 2,NASH,LA,4/13/25 16:01,5,1,03 Sara Mog,01 Tori Radcliffe,0,0,0,0,0,0,0,0,0,0,1,17.696556,12.878874,-12.136832,0.73906493,0.7598927,0.9879337,0.6425218
LA @ NASH,Week 2,NASH,LA,4/13/25 16:01,5,1,01 Tori Radcliffe,91 Savannah Sillivant,1,1,0,0,0,0,0,0,0,1,1,16.854372,16.852926,0.22066967,0.9879337,0.6425218,0.9834088,0.4889336
LA @ NASH,Week 2,NASH,LA,4/13/25 16:03,5,2,03 Sara Mog,01 Tori Radcliffe,1,1,0,1,0,0,0,0,0,0,0,36.662502,36.653305,0.8211919,0.17671813,0.411838,0.15987939,0.077800125
LA @ NASH,Week 2,NASH,LA,4/13/25 16:05,5,3,03 Sara Mog,16 Emily Branson,0,0,0,0,0,0,0,1,0,0,0,16.735918,4.2684274,16.182444,0.70889896,0.84305835,0.37707394,0.8041583
LA @ NASH,Week 2,NASH,LA,4/13/25 16:05,5,3,16 Emily Branson,91 Savannah Sillivant,0,0,0,0,0,0,0,0,0,0,0,14.609548,6.7706084,-12.945954,0.37707394,0.8041583,0.64253396,0.7424547
LA @ NASH,Week 2,NASH,LA,4/13/25 16:05,5,3,91 Savannah Sillivant,22 Becca Henley,0,0,0,0,0,0,0,0,0,0,0,25.645153,24.285873,-8.2383375,0.64253396,0.7424547,0.8114631,0.52112675
LA @ NASH,Week 2,NASH,LA,4/13/25 16:05,5,3,22 Becca Henley,17 Rachel Barr,0,0,0,0,0,0,0,0,0,0,0,8.083582,6.623422,4.634066,0.8114631,0.52112675,0.71644044,0.46076456
LA @ NASH,Week 2,NASH,LA,4/13/25 16:05,5,3,17 Rachel Barr,22 Becca Henley,0,0,0,0,0,0,0,0,1,0,0,9.845107,-1.1039042,9.783022,0.71644044,0.46076456,0.51583713,0.47082493
LA @ NASH,Week 2,NASH,LA,4/13/25 16:06,5,3,22 Becca Henley,91 Savannah Sillivant,0,0,0,0,0,0,0,0,1,0,0,11.19736,-6.697014,-8.9739,0.51583713,0.47082493,0.6998492,0.5318578
LA @ NASH,Week 2,NASH,LA,4/13/25 16:06,5,3,91 Savannah Sillivant,16 Emily Branson,0,0,0,0,0,0,0,1,0,0,0,22.462479,5.2251425,21.8463,0.6998492,0.5318578,0.25188538,0.48423874
LA @ NASH,Week 2,NASH,LA,4/13/25 16:06,5,3,16 Emily Branson,22 Becca Henley,0,0,0,0,0,0,0,0,0,0,0,18.65287,17.294485,-6.9878745,0.25188538,0.48423874,0.3951735,0.32662642
LA @ NASH,Week 2,NASH,LA,4/13/25 16:06,5,3,22 Becca Henley,01 Tori Radcliffe,0,0,0,0,0,0,0,0,0,0,0,12.494285,4.194833,-11.76905,0.3951735,0.32662642,0.6365008,0.28839704
LA @ NASH,Week 2,NASH,LA,4/13/25 16:07,5,3,01 Tori Radcliffe,80 Kelsea LeBeau,0,0,0,0,0,0,0,0,0,0,0,9.419843,0.29437557,-9.415242,0.6365008,0.28839704,0.82956266,0.28571427
LA @ NASH,Week 2,NASH,LA,4/13/25 16:07,5,3,80 Kelsea LeBeau,91 Savannah Sillivant,1,1,0,0,0,0,0,1,0,0,0,14.873183,0.66234255,14.858428,0.82956266,0.28571427,0.5248869,0.27967805
LA @ NASH,Week 2,NASH,LA,4/13/25 16:11,5,4,03 Sara Mog,16 Emily Branson,0,0,0,0,0,0,0,0,0,0,0,9.717191,7.948104,5.5902987,0.6334842,0.74178404,0.5188537,0.66934943
LA @ NASH,Week 2,NASH,LA,4/13/25 16:11,5,4,16 Emily Branson,01 Tori Radcliffe,1,0,1,0,0,0,0,0,0,0,0,11.762292,10.008723,6.178751,0.5188537,0.66934943,0.3921569,0.5781355
LA @ NASH,Week 2,NASH,LA,4/13/25 16:13,6,1,03 Sara Mog,16 Emily Branson,0,0,0,0,0,0,0,1,0,1,0,16.435,2.8701446,-16.182444,0.13725488,0.713615,0.46907988,0.6874581
LA @ NASH,Week 2,NASH,LA,4/13/25 16:13,6,1,16 Emily Branson,01 Tori Radcliffe,0,0,0,0,0,0,0,0,0,0,0,12.828586,4.5628,-11.989723,0.46907988,0.6874581,0.71493214,0.6458753
LA @ NASH,Week 2,NASH,LA,4/13/25 16:13,6,1,01 Tori Radcliffe,03 Sara Mog,0,0,0,0,0,0,0,1,0,0,0,21.882095,1.2510936,21.8463,0.71493214,0.6458753,0.26696834,0.6344735
LA @ NASH,Week 2,NASH,LA,4/13/25 16:13,6,1,03 Sara Mog,17 Rachel Barr,0,0,0,0,0,0,0,0,0,0,0,11.031876,10.7446575,-2.5009215,0.26696834,0.6344735,0.31825036,0.53655267
LA @ NASH,Week 2,NASH,LA,4/13/25 16:13,6,1,17 Rachel Barr,03 Sara Mog,0,0,0,0,0,0,0,0,0,0,1,8.764363,0.4415617,8.753233,0.31825036,0.53655267,0.13876314,0.5325285
LA @ NASH,Week 2,NASH,LA,4/13/25 16:13,6,1,03 Sara Mog,17 Rachel Barr,0,0,0,0,0,0,0,0,1,1,0,7.148067,-2.8701446,-6.546536,0.13876314,0.5325285,0.2730015,0.5586854
LA @ NASH,Week 2,NASH,LA,4/13/25 16:13,6,1,17 Rachel Barr,01 Tori Radcliffe,0,0,0,0,0,0,0,0,1,0,0,9.161832,-5.151551,-7.576324,0.2730015,0.5586854,0.4283559,0.6056338
LA @ NASH,Week 2,NASH,LA,4/13/25 16:13,6,1,01 Tori Radcliffe,22 Becca Henley,0,0,0,0,0,0,0,0,0,0,0,13.39423,13.394028,-0.07355946,0.4283559,0.6056338,0.42986426,0.48356807
LA @ NASH,Week 2,NASH,LA,4/13/25 16:13,6,1,22 Becca Henley,91 Savannah Sillivant,0,0,0,0,0,0,0,0,0,0,0,15.080087,8.536852,-12.431057,0.42986426,0.48356807,0.6847662,0.40576795
LA @ NASH,Week 2,NASH,LA,4/13/25 16:13,6,1,91 Savannah Sillivant,22 Becca Henley,1,1,0,1,0,0,0,0,0,0,0,33.26461,33.264286,0.14711311,0.6847662,0.40576795,0.6817496,0.102615714
LA @ NASH,Week 2,NASH,LA,4/13/25 16:17,7,1,61 Madison Oakman,15 Sylvia Brown,0,0,0,0,0,0,0,0,0,0,0,14.027945,11.407,8.164777,0.6666667,0.7364185,0.4992459,0.6324614
LA @ NASH,Week 2,NASH,LA,4/13/25 16:17,7,1,15 Sylvia Brown,61 Madison Oakman,0,0,0,0,0,0,0,0,1,0,0,11.313429,-11.186219,-1.6917994,0.4992459,0.6324614,0.5339367,0.7344064
LA @ NASH,Week 2,NASH,LA,4/13/25 16:17,7,1,61 Madison Oakman,15 Sylvia Brown,0,0,0,0,0,0,0,0,1,0,0,9.809634,-1.3982831,-9.709466,0.5339367,0.7344064,0.7330317,0.7471496
LA @ NASH,Week 2,NASH,LA,4/13/25 16:18,7,1,15 Sylvia Brown,06 Rebecca Fagan,0,0,0,0,0,0,0,0,0,0,0,21.366936,18.471987,10.739258,0.7330317,0.7471496,0.51282054,0.57880616
LA @ NASH,Week 2,NASH,LA,4/13/25 16:18,7,1,06 Rebecca Fagan,56 Kate Blankenship,0,0,0,0,0,0,0,0,1,0,0,11.234962,-1.1039042,11.180598,0.51282054,0.57880616,0.2835596,0.58886653
LA @ NASH,Week 2,NASH,LA,4/13/25 16:18,7,1,56 Kate Blankenship,15 Sylvia Brown,0,0,0,0,0,0,0,0,0,0,0,10.384262,0.5151531,-10.371476,0.2835596,0.58886653,0.4962293,0.5841717
LA @ NASH,Week 2,NASH,LA,4/13/25 16:19,7,1,15 Sylvia Brown,61 Madison Oakman,0,0,0,0,0,0,0,0,1,0,0,7.6520247,-5.225136,5.5902987,0.4962293,0.5841717,0.38159883,0.6317907
LA @ NASH,Week 2,NASH,LA,4/13/25 16:19,7,1,61 Madison Oakman,06 Rebecca Fagan,1,1,0,0,0,0,0,0,0,0,0,15.377987,15.307457,1.4711326,0.38159883,0.6317907,0.3514329,0.49228704
LA @ NASH,Week 2,NASH,LA,4/13/25 16:21,7,2,06 Rebecca Fagan,56 Kate Blankenship,1,1,0,0,0,0,0,0,0,0,0,15.18067,8.389666,-12.651729,0.30015087,0.7605634,0.5595777,0.6841046
LA @ NASH,Week 2,NASH,LA,4/13/25 16:24,8,1,16 Emily Branson,01 Tori Radcliffe,0,0,0,0,0,0,0,0,1,0,0,8.999607,-4.8571787,7.5763283,0.7285068,0.53521127,0.5731523,0.5794769
LA @ NASH,Week 2,NASH,LA,4/13/25 16:24,8,1,01 Tori Radcliffe,16 Emily Branson,0,0,0,0,0,0,0,0,0,0,0,9.94349,0.51515967,9.930137,0.5731523,0.5794769,0.36953238,0.574782
LA @ NASH,Week 2,NASH,LA,4/13/25 16:24,8,1,16 Emily Branson,22 Becca Henley,0,0,0,0,0,0,0,0,0,0,0,13.098884,8.095287,10.297916,0.36953238,0.574782,0.15837105,0.50100607
LA @ NASH,Week 2,NASH,LA,4/13/25 16:24,8,1,22 Becca Henley,16 Emily Branson,0,0,0,0,0,0,0,0,1,0,0,8.529777,-3.4588957,-7.7969947,0.15837105,0.50100607,0.31825036,0.5325285
LA @ NASH,Week 2,NASH,LA,4/13/25 16:25,8,1,16 Emily Branson,01 Tori Radcliffe,0,0,0,0,0,0,0,0,0,0,0,13.046806,1.6190574,-12.945957,0.31825036,0.5325285,0.58371043,0.51777333
LA @ NASH,Week 2,NASH,LA,4/13/25 16:25,8,1,01 Tori Radcliffe,14 Hanna McClain,1,1,0,0,0,0,0,0,0,0,0,19.836624,16.484959,-11.0334835,0.58371043,0.51777333,0.80995476,0.36753857
LA @ NASH,Week 2,NASH,LA,4/13/25 16:26,8,2,16 Emily Branson,91 Savannah Sillivant,1,1,0,0,0,0,0,0,0,1,0,18.660982,9.419978,16.108887,0.92609346,0.69751847,0.59577674,0.61167
LA @ NASH,Week 2,NASH,LA,4/13/25 16:30,9,1,16 Emily Branson,15 Sylvia Brown,0,0,0,0,0,0,0,0,0,0,0,12.434982,8.684045,8.900346,0.3589744,0.75117373,0.1764706,0.6720322
LA @ NASH,Week 2,NASH,LA,4/13/25 16:31,9,1,15 Sylvia Brown,22 Becca Henley,0,0,0,0,0,0,0,0,0,0,0,16.510906,12.216532,-11.107042,0.1764706,0.6720322,0.40422326,0.5606975
LA @ NASH,Week 2,NASH,LA,4/13/25 16:31,9,1,22 Becca Henley,16 Emily Branson,0,0,0,0,0,0,0,0,1,0,0,9.979555,-8.316074,-5.5167418,0.40422326,0.5606975,0.5173454,0.6364856
LA @ NASH,Week 2,NASH,LA,4/13/25 16:31,9,1,16 Emily Branson,15 Sylvia Brown,0,0,0,0,0,0,0,0,0,0,0,17.400911,8.684045,-15.079095,0.5173454,0.6364856,0.826546,0.557344
LA @ NASH,Week 2,NASH,LA,4/13/25 16:31,9,1,15 Sylvia Brown,06 Rebecca Fagan,0,0,0,0,0,0,0,0,0,0,0,9.918552,4.9307637,8.606117,0.826546,0.557344,0.65007544,0.5124078
LA @ NASH,Week 2,NASH,LA,4/13/25 16:31,9,1,06 Rebecca Fagan,16 Emily Branson,0,0,0,0,0,1,0,0,0,0,0,11.77284,9.419978,-7.0614295,0.65007544,0.5124078,0.7948718,0.42655933
LA @ NASH,Week 2,NASH,LA,4/13/25 16:31,9,1,16 Emily Branson,22 Becca Henley,0,0,0,1,1,0,1,0,0,0,0,44.33195,40.697235,17.580019,0.7948718,0.42655933,0.43438914,0.055667326
LA @ NASH,Week 2,NASH,LA,4/13/25 16:34,10,1,15 Sylvia Brown,06 Rebecca Fagan,0,0,0,0,0,0,0,0,0,0,0,10.078523,9.49357,-3.3835988,0.6651584,0.5989269,0.7345399,0.5124078
LA @ NASH,Week 2,NASH,LA,4/13/25 16:35,10,1,06 Rebecca Fagan,91 Savannah Sillivant,1,0,1,1,0,0,1,0,0,0,0,43.113537,39.9613,16.182442,0.7345399,0.5124078,0.40271494,0.14822267
LA @ NASH,Week 2,NASH,LA,4/13/25 17:38,10,2,15 Sylvia Brown,61 Madison Oakman,0,0,0,0,0,0,0,1,0,1,0,20.381678,0.5151531,20.375166,0.9215686,0.38967136,0.5037707,0.38497654
LA @ NASH,Week 2,NASH,LA,4/13/25 17:38,10,2,61 Madison Oakman,15 Sylvia Brown,0,0,0,0,0,0,0,0,0,0,0,11.313743,11.259813,1.1033484,0.5037707,0.38497654,0.48114628,0.28236085
LA @ NASH,Week 2,NASH,LA,4/13/25 17:38,10,2,15 Sylvia Brown,06 Rebecca Fagan,0,0,0,0,0,1,0,1,0,0,0,17.50987,7.3593564,15.888217,0.48114628,0.28236085,0.15535443,0.21529177
LA @ NASH,Week 2,NASH,LA,4/13/25 17:38,10,2,06 Rebecca Fagan,18 Morgan Butts,0,0,0,1,1,0,0,0,0,0,0,15.970092,15.749023,-2.6480362,0.15535443,0.21529177,0.20965306,0.07176392
LA @ NASH,Week 2,NASH,LA,4/13/25 17:40,11,1,03 Sara Mog,42 Emma Patterson,0,0,0,0,0,0,0,0,1,0,0,15.41124,-8.904825,-12.578172,0.24736051,0.84842384,0.50527906,0.92957747
LA @ NASH,Week 2,NASH,LA,4/13/25 17:40,11,1,42 Emma Patterson,19 Claire Williams,0,0,0,0,0,0,0,0,0,0,1,35.02747,27.082434,-22.214085,0.50527906,0.92957747,0.9607844,0.6827632
LA @ NASH,Week 2,NASH,LA,4/13/25 17:40,11,1,19 Claire Williams,03 Sara Mog,0,0,0,0,0,0,0,0,0,1,1,10.804342,10.671065,-1.691798,0.9607844,0.6827632,0.9954751,0.58551306
LA @ NASH,Week 2,NASH,LA,4/13/25 17:41,11,1,03 Sara Mog,26 Leah Shorb,0,0,0,0,0,0,0,0,0,1,1,9.050703,7.2857614,5.369629,0.9954751,0.58551306,0.88536954,0.5191147
LA @ NASH,Week 2,NASH,LA,4/13/25 17:42,11,1,03 Sara Mog,16 Emily Branson,0,0,0,0,0,0,0,0,0,0,1,16.015966,10.450285,-12.136832,0.7360483,0.5318578,0.98491704,0.4366197
LA @ NASH,Week 2,NASH,LA,4/13/25 17:42,11,1,16 Emily Branson,03 Sara Mog,0,0,0,0,0,0,0,0,1,1,0,12.847669,-6.3290467,11.180597,0.98491704,0.4366197,0.7556561,0.4942991
LA @ NASH,Week 2,NASH,LA,4/13/25 17:45,11,1,03 Sara Mog,01 Tori Radcliffe,0,0,0,0,0,0,0,0,0,0,0,12.080695,1.9870244,11.9161625,0.7556561,0.4942991,0.51131225,0.47619048
LA @ NASH,Week 2,NASH,LA,4/13/25 17:45,11,1,01 Tori Radcliffe,03 Sara Mog,0,0,0,0,0,0,0,0,1,0,0,7.329248,-1.3246819,-7.208543,0.51131225,0.47619048,0.6591252,0.4882629
LA @ NASH,Week 2,NASH,LA,4/13/25 17:45,11,1,03 Sara Mog,16 Emily Branson,0,0,0,0,0,0,0,0,0,0,0,8.707825,7.506542,-4.4133935,0.6591252,0.4882629,0.74962294,0.41985244
LA @ NASH,Week 2,NASH,LA,4/13/25 17:45,11,1,16 Emily Branson,01 Tori Radcliffe,0,0,0,0,0,0,0,0,1,0,0,11.984671,-1.8398383,11.842606,0.74962294,0.41985244,0.50678736,0.4366197
LA @ NASH,Week 2,NASH,LA,4/13/25 17:45,11,1,01 Tori Radcliffe,22 Becca Henley,1,1,0,0,0,0,0,0,0,0,0,19.635986,16.852922,10.077249,0.50678736,0.4366197,0.30015087,0.28303152
LA @ NASH,Week 2,NASH,LA,4/13/25 17:46,11,2,16 Emily Branson,03 Sara Mog,0,0,0,0,0,0,0,1,0,0,0,20.948353,3.8268692,-20.595839,0.29411766,0.4614353,0.71644044,0.42655933
LA @ NASH,Week 2,NASH,LA,4/13/25 17:46,11,2,03 Sara Mog,01 Tori Radcliffe,0,0,0,0,0,0,0,0,1,0,0,10.049993,-5.9610796,8.091222,0.71644044,0.42655933,0.55052793,0.4808853
LA @ NASH,Week 2,NASH,LA,4/13/25 17:47,11,2,01 Tori Radcliffe,91 Savannah Sillivant,0,0,0,0,0,0,0,0,0,0,0,11.119858,5.0043616,9.930137,0.55052793,0.4808853,0.346908,0.43527833
LA @ NASH,Week 2,NASH,LA,4/13/25 17:47,11,2,91 Savannah Sillivant,01 Tori Radcliffe,0,0,0,0,0,0,0,0,1,0,0,12.058951,-9.199194,-7.7969966,0.346908,0.43527833,0.50678736,0.5191147
LA @ NASH,Week 2,NASH,LA,4/13/25 17:47,11,2,01 Tori Radcliffe,16 Emily Branson,0,0,0,0,0,0,0,0,0,0,0,8.416572,5.0043616,6.7672033,0.50678736,0.5191147,0.36802417,0.4735077
LA @ NASH,Week 2,NASH,LA,4/13/25 17:47,11,2,16 Emily Branson,22 Becca Henley,1,1,0,0,0,0,0,0,0,0,0,13.002977,11.480595,-6.105193,0.36802417,0.4735077,0.49321267,0.36887994
LA @ NASH,Week 2,NASH,LA,4/13/25 17:48,11,3,16 Emily Branson,03 Sara Mog,0,0,0,0,0,0,0,0,1,0,0,11.779919,-7.800915,-8.826789,0.20663652,0.7578806,0.387632,0.8289738
LA @ NASH,Week 2,NASH,LA,4/13/25 17:48,11,3,03 Sara Mog,22 Becca Henley,0,0,0,0,0,0,0,0,0,0,0,14.651273,11.407,9.194572,0.387632,0.8289738,0.19909503,0.7250168
LA @ NASH,Week 2,NASH,LA,4/13/25 17:48,11,3,22 Becca Henley,17 Rachel Barr,0,0,0,0,0,0,0,0,0,0,0,13.725982,1.1039042,-13.6815195,0.19909503,0.7250168,0.479638,0.7149564
LA @ NASH,Week 2,NASH,LA,4/13/25 17:48,11,3,17 Rachel Barr,03 Sara Mog,0,0,0,0,0,0,0,0,0,0,0,14.081838,-0.9567148,14.049301,0.479638,0.7149564,0.1915536,0.7236754
LA @ NASH,Week 2,NASH,LA,4/13/25 17:49,11,3,03 Sara Mog,22 Becca Henley,0,0,0,0,0,0,1,0,0,0,0,46.589428,46.584724,0.66200906,0.1915536,0.7236754,0.17797893,0.2991281
LA @ NASH,Week 2,NASH,LA,4/13/25 17:49,11,3,22 Becca Henley,03 Sara Mog,0,0,0,0,0,0,0,0,1,0,0,22.263378,-13.173249,-17.9478,0.17797893,0.2991281,0.54600304,0.41918176
LA @ NASH,Week 2,NASH,LA,4/13/25 17:49,11,3,03 Sara Mog,01 Tori Radcliffe,0,0,0,0,0,0,0,0,0,0,0,11.922785,8.095293,-8.75323,0.54600304,0.41918176,0.7254902,0.34540576
LA @ NASH,Week 2,NASH,LA,4/13/25 17:49,11,3,01 Tori Radcliffe,03 Sara Mog,0,0,0,0,0,0,0,0,0,0,0,10.555595,0.8831234,10.518588,0.7254902,0.34540576,0.50980395,0.33735746
LA @ NASH,Week 2,NASH,LA,4/13/25 17:49,11,3,03 Sara Mog,01 Tori Radcliffe,0,0,0,0,0,0,0,0,1,0,0,8.228894,-7.432951,-3.5307148,0.50980395,0.33735746,0.58220214,0.40509725
LA @ NASH,Week 2,NASH,LA,4/13/25 17:49,11,3,01 Tori Radcliffe,03 Sara Mog,0,0,0,0,0,0,0,0,0,0,0,10.58243,6.5498276,-8.311894,0.58220214,0.40509725,0.7526396,0.34540576
LA @ NASH,Week 2,NASH,LA,4/13/25 17:50,11,3,03 Sara Mog,01 Tori Radcliffe,0,0,0,0,0,0,0,0,1,0,0,8.21415,-2.7965562,7.7234416,0.7526396,0.34540576,0.5942685,0.37089202
LA @ NASH,Week 2,NASH,LA,4/13/25 17:50,11,3,01 Tori Radcliffe,14 Hanna McClain,1,1,0,0,0,0,0,0,0,0,0,8.844996,7.1385784,-5.2225156,0.5942685,0.37089202,0.7013575,0.30583498
LA @ NASH,Week 2,NASH,LA,4/13/25 17:52,11,4,96 Natalie Wilson,06 Rebecca Fagan,0,0,0,0,0,0,0,0,1,1,0,15.447621,-8.757636,12.725282,1,0.43594903,0.73906493,0.51576126
LA @ NASH,Week 2,NASH,LA,4/13/25 17:52,11,4,06 Rebecca Fagan,15 Sylvia Brown,0,0,0,0,0,0,0,0,0,0,1,9.653143,5.8874884,-7.6498795,0.73906493,0.51576126,0.8959276,0.46210596
LA @ NASH,Week 2,NASH,LA,4/13/25 17:52,11,4,15 Sylvia Brown,61 Madison Oakman,1,1,0,0,0,0,0,0,0,1,0,11.988362,8.978416,7.9441085,0.8959276,0.46210596,0.7330317,0.38028166
LA @ NASH,Week 2,NASH,LA,4/13/25 17:54,11,5,61 Madison Oakman,42 Emma Patterson,0,0,0,0,0,0,0,0,1,0,0,13.598169,-7.9481072,-11.033485,0.30165914,0.46881285,0.5279035,0.5412475
LA @ NASH,Week 2,NASH,LA,4/13/25 17:54,11,5,42 Emma Patterson,15 Sylvia Brown,0,0,0,0,0,0,0,0,0,0,0,12.090095,10.303099,-6.3258643,0.5279035,0.5412475,0.6576169,0.44735077
LA @ NASH,Week 2,NASH,LA,4/13/25 17:54,11,5,15 Sylvia Brown,96 Natalie Wilson,0,0,0,0,0,0,0,0,0,0,1,14.950649,7.727323,-12.798844,0.6576169,0.44735077,0.9200604,0.37692824
LA @ NASH,Week 2,NASH,LA,4/13/25 17:54,11,5,96 Natalie Wilson,15 Sylvia Brown,0,0,0,0,0,0,0,0,0,1,0,14.603297,12.658093,7.2820992,0.9200604,0.37692824,0.77073914,0.2615694
LA @ NASH,Week 2,NASH,LA,4/13/25 17:55,11,5,15 Sylvia Brown,61 Madison Oakman,0,0,0,0,0,0,0,0,1,0,1,10.410438,-5.5195146,-8.826787,0.77073914,0.2615694,0.9517346,0.3118712
LA @ NASH,Week 2,NASH,LA,4/13/25 17:55,11,5,61 Madison Oakman,15 Sylvia Brown,1,1,0,1,0,0,0,0,0,1,1,21.146439,21.12135,-1.029789,0.9517346,0.3118712,0.9728507,0.11938296
LA @ NASH,Week 2,NASH,LA,4/13/25 17:55,11,6,42 Emma Patterson,15 Sylvia Brown,0,0,0,0,0,1,0,0,1,0,0,9.699856,-7.8745127,-5.663855,0.64253396,0.1965124,0.7586727,0.26827633
LA @ NASH,Week 2,NASH,LA,4/13/25 17:55,11,6,15 Sylvia Brown,61 Madison Oakman,0,0,0,1,1,0,0,0,0,0,0,14.05707,13.394031,-4.2662807,0.7586727,0.26827633,0.84615386,0.14621058
LA @ NASH,Week 2,NASH,LA,4/13/25 17:58,13,1,16 Emily Branson,22 Becca Henley,1,1,0,0,0,0,0,0,0,0,0,16.863194,16.852922,-0.58845395,0.33333334,0.64319247,0.34539974,0.4896043
LA @ NASH,Week 2,NASH,LA,4/13/25 17:59,13,2,03 Sara Mog,01 Tori Radcliffe,0,0,0,0,0,0,0,0,0,0,0,7.9444494,-0.07359143,7.9441085,0.4841629,0.8410463,0.32126698,0.84171695
LA @ NASH,Week 2,NASH,LA,4/13/25 17:59,13,2,01 Tori Radcliffe,03 Sara Mog,0,0,0,0,0,0,0,0,1,0,0,8.698833,-1.6926553,-8.532562,0.32126698,0.84171695,0.4962293,0.85714287
LA @ NASH,Week 2,NASH,LA,4/13/25 17:59,13,2,03 Sara Mog,16 Emily Branson,0,0,0,0,0,0,0,0,0,0,0,14.639565,9.787942,10.886371,0.4962293,0.85714287,0.27300155,0.767941
LA @ NASH,Week 2,NASH,LA,4/13/25 17:59,13,2,16 Emily Branson,22 Becca Henley,0,0,0,0,0,0,0,0,0,0,0,9.209748,6.4026446,-6.6200905,0.27300155,0.767941,0.40874815,0.70959085
LA @ NASH,Week 2,NASH,LA,4/13/25 17:59,13,2,22 Becca Henley,14 Hanna McClain,0,0,0,0,0,0,0,0,0,0,0,12.486586,8.904819,-8.75323,0.40874815,0.70959085,0.5882353,0.6284373
LA @ NASH,Week 2,NASH,LA,4/13/25 17:59,13,2,14 Hanna McClain,03 Sara Mog,0,0,0,0,0,0,0,0,1,0,0,9.266529,-8.536849,3.6042714,0.5882353,0.6284373,0.51432884,0.7062374
LA @ NASH,Week 2,NASH,LA,4/13/25 17:59,13,2,03 Sara Mog,16 Emily Branson,0,0,0,0,0,0,0,0,0,0,0,11.094404,6.623419,8.900344,0.51432884,0.7062374,0.33182508,0.6458752
LA @ NASH,Week 2,NASH,LA,4/13/25 18:00,13,2,16 Emily Branson,91 Savannah Sillivant,0,0,0,0,0,0,0,0,0,0,0,8.116647,8.095287,0.58845395,0.33182508,0.6458752,0.31975868,0.57209927
LA @ NASH,Week 2,NASH,LA,4/13/25 18:00,13,2,91 Savannah Sillivant,03 Sara Mog,0,0,0,0,0,0,0,0,0,0,0,12.941376,12.510907,3.3100452,0.31975868,0.57209927,0.25188538,0.4580818
LA @ NASH,Week 2,NASH,LA,4/13/25 18:00,13,2,03 Sara Mog,91 Savannah Sillivant,1,1,0,0,0,0,0,0,0,0,1,23.096407,22.37244,5.7374115,0.25188538,0.4580818,0.13423833,0.25419182
LA @ NASH,Week 2,NASH,LA,4/13/25 18:02,13,3,03 Sara Mog,15 Sylvia Brown,0,0,0,0,0,0,0,0,0,0,0,10.210373,4.121245,9.341683,0.65460026,0.73641855,0.46304673,0.6988598
LA @ NASH,Week 2,NASH,LA,4/13/25 18:03,13,3,15 Sylvia Brown,16 Emily Branson,0,0,0,0,0,0,0,0,0,0,0,10.779805,4.1948295,9.930136,0.46304673,0.6988598,0.25942683,0.66063046
LA @ NASH,Week 2,NASH,LA,4/13/25 18:03,13,3,16 Emily Branson,15 Sylvia Brown,0,0,0,0,0,0,0,0,1,0,0,7.081721,-4.0476465,-5.8109665,0.25942683,0.66063046,0.37858215,0.69751847
LA @ NASH,Week 2,NASH,LA,4/13/25 18:03,13,3,15 Sylvia Brown,03 Sara Mog,0,0,0,0,0,0,0,1,0,0,0,16.61555,-1.4718679,-16.550228,0.37858215,0.69751847,0.7179487,0.71093225
LA @ NASH,Week 2,NASH,LA,4/13/25 18:03,13,3,03 Sara Mog,16 Emily Branson,0,0,0,0,0,0,0,0,0,0,1,8.887331,5.2987337,-7.1349893,0.7179487,0.71093225,0.8642534,0.66264254
LA @ NASH,Week 2,NASH,LA,4/13/25 18:03,13,3,16 Emily Branson,91 Savannah Sillivant,0,0,0,0,0,0,0,0,0,1,1,6.502915,6.476236,-0.58844954,0.8642534,0.66264254,0.8763197,0.6036217
LA @ NASH,Week 2,NASH,LA,4/13/25 18:03,13,3,91 Savannah Sillivant,16 Emily Branson,0,0,0,0,0,0,0,0,0,1,1,9.736875,9.714344,0.66200906,0.8763197,0.6036217,0.86274505,0.5150906
LA @ NASH,Week 2,NASH,LA,4/13/25 18:04,13,3,16 Emily Branson,96 Natalie Wilson,0,0,0,0,0,0,0,0,0,1,1,12.071365,12.069348,0.22066967,0.86274505,0.5150906,0.85822016,0.40509725
LA @ NASH,Week 2,NASH,LA,4/13/25 18:04,13,3,96 Natalie Wilson,16 Emily Branson,0,0,0,0,0,0,0,0,0,1,0,9.654496,9.640756,0.5148959,0.85822016,0.40509725,0.8476621,0.31723675
LA @ NASH,Week 2,NASH,LA,4/13/25 18:04,13,3,16 Emily Branson,22 Becca Henley,1,1,0,1,0,0,0,0,0,0,0,28.405771,26.640865,9.856579,0.8476621,0.31723675,0.6455505,0.0744467
LA @ NASH,Week 2,NASH,LA,4/13/25 18:06,14,1,42 Emma Patterson,71 Mattea Swegles,1,1,0,0,0,0,0,0,0,0,0,18.756624,17.80964,-5.884525,0.5279035,0.54393023,0.64856714,0.38162306
LA @ NASH,Week 2,NASH,LA,4/13/25 18:07,15,1,03 Sara Mog,15 Sylvia Brown,0,0,0,0,0,0,0,0,0,0,0,9.872944,7.580134,6.325867,0.5882353,0.66867876,0.45852184,0.59959763
LA @ NASH,Week 2,NASH,LA,4/13/25 18:08,15,1,15 Sylvia Brown,03 Sara Mog,0,0,0,0,0,0,0,0,0,0,0,11.747797,4.415617,-10.886371,0.45852184,0.59959763,0.6817496,0.55935615
LA @ NASH,Week 2,NASH,LA,4/13/25 18:08,15,1,03 Sara Mog,15 Sylvia Brown,0,0,0,0,0,0,0,0,1,0,0,12.165505,-2.060619,11.989719,0.6817496,0.55935615,0.4358974,0.5781355
LA @ NASH,Week 2,NASH,LA,4/13/25 18:08,15,1,15 Sylvia Brown,01 Tori Radcliffe,0,0,0,0,0,1,1,0,0,0,0,44.810677,44.744884,-2.4273665,0.4358974,0.5781355,0.48567116,0.17035547
LA @ NASH,Week 2,NASH,LA,4/13/25 18:08,15,1,01 Tori Radcliffe,22 Becca Henley,0,0,0,1,1,0,0,1,0,0,1,18.988873,4.121238,18.536253,0.48567116,0.17035547,0.10558067,0.1327968
LA @ NASH,Week 2,NASH,LA,4/13/25 21:36,17,1,03 Sara Mog,15 Sylvia Brown,0,0,0,0,0,0,0,0,1,0,0,9.331738,-1.3135405,9.238829,0.6479663,0.56884736,0.45852184,0.58081824
LA @ NASH,Week 2,NASH,LA,4/13/25 21:37,17,1,15 Sylvia Brown,03 Sara Mog,0,0,0,0,0,0,0,0,1,0,0,12.554676,-7.2857614,10.224361,0.45852184,0.58081824,0.24886878,0.6472166
LA @ NASH,Week 2,NASH,LA,4/13/25 21:37,17,1,03 Sara Mog,01 Tori Radcliffe,0,0,0,0,0,0,0,0,0,0,1,13.953947,7.138572,11.989722,0.24886878,0.6472166,0.003016545,0.58215964
LA @ NASH,Week 2,NASH,LA,4/13/25 21:37,17,1,01 Tori Radcliffe,15 Sylvia Brown,0,0,0,0,0,0,0,0,1,1,1,9.631409,-6.5498276,-7.0614305,0.003016545,0.58215964,0.14781293,0.6418511
LA @ NASH,Week 2,NASH,LA,4/13/25 21:37,17,1,15 Sylvia Brown,16 Emily Branson,0,0,0,0,0,0,0,1,0,1,0,15.671867,-0.36796373,-15.667547,0.14781293,0.6418511,0.46907988,0.64520454
LA @ NASH,Week 2,NASH,LA,4/13/25 21:37,17,1,16 Emily Branson,15 Sylvia Brown,0,0,0,0,0,0,0,0,0,0,0,10.564492,7.653725,-7.2821007,0.46907988,0.64520454,0.61840117,0.57545274
LA @ NASH,Week 2,NASH,LA,4/13/25 21:37,17,1,15 Sylvia Brown,16 Emily Branson,0,0,0,0,0,0,0,0,0,0,0,11.914721,5.0043616,-10.812814,0.61840117,0.57545274,0.8401206,0.5298458
LA @ NASH,Week 2,NASH,LA,4/13/25 21:37,17,1,16 Emily Branson,06 Rebecca Fagan,1,1,0,0,0,0,0,0,0,0,0,38.05028,37.67991,5.2960725,0.8401206,0.5298458,0.73152333,0.18645205
LA @ NASH,Week 2,NASH,LA,4/13/25 21:39,17,2,15 Sylvia Brown,01 Tori Radcliffe,1,1,0,0,0,0,0,0,0,1,1,17.872053,17.441673,3.8985004,0.9698341,0.83165663,0.88989437,0.6727029
LA @ NASH,Week 2,NASH,LA,4/13/25 21:41,18,1,16 Emily Branson,03 Sara Mog,0,0,0,0,0,0,0,0,0,0,0,14.305868,1.7662468,-14.196416,0.20512825,0.6921529,0.4962293,0.6760563
LA @ NASH,Week 2,NASH,LA,4/13/25 21:41,18,1,03 Sara Mog,22 Becca Henley,0,0,0,0,0,0,0,0,0,0,0,14.086719,13.835589,2.6480362,0.4962293,0.6760563,0.44193065,0.54996645
LA @ NASH,Week 2,NASH,LA,4/13/25 21:41,18,1,22 Becca Henley,16 Emily Branson,0,0,0,0,0,0,0,0,0,0,0,13.061338,2.9437425,12.725287,0.44193065,0.54996645,0.18099548,0.5231388
LA @ NASH,Week 2,NASH,LA,4/13/25 21:42,18,1,16 Emily Branson,03 Sara Mog,0,0,0,0,0,0,0,0,1,0,0,11.4611,-5.5931125,-10.003695,0.18099548,0.5231388,0.38612372,0.57411134
LA @ NASH,Week 2,NASH,LA,4/13/25 21:42,18,1,03 Sara Mog,91 Savannah Sillivant,0,0,0,0,0,0,0,0,0,0,0,9.4624405,7.58014,-5.663855,0.38612372,0.57411134,0.5022625,0.50503016
LA @ NASH,Week 2,NASH,LA,4/13/25 21:42,18,1,91 Savannah Sillivant,01 Tori Radcliffe,0,0,0,0,0,0,0,0,0,0,0,7.1666203,3.753271,6.1051946,0.5022625,0.50503016,0.37707394,0.47082493
LA @ NASH,Week 2,NASH,LA,4/13/25 21:42,18,1,01 Tori Radcliffe,03 Sara Mog,0,0,0,0,0,0,0,0,0,0,0,14.576668,10.671065,9.930136,0.37707394,0.47082493,0.17345405,0.37357476
LA @ NASH,Week 2,NASH,LA,4/13/25 21:42,18,1,03 Sara Mog,91 Savannah Sillivant,0,0,0,0,0,0,0,0,1,0,0,11.185612,-7.948104,-7.87055,0.17345405,0.37357476,0.33484164,0.44600937
LA @ NASH,Week 2,NASH,LA,4/13/25 21:42,18,1,91 Savannah Sillivant,03 Sara Mog,0,0,0,0,0,0,0,0,0,0,1,18.617985,14.718713,11.401265,0.33484164,0.44600937,0.10105585,0.3118712
LA @ NASH,Week 2,NASH,LA,4/13/25 21:42,18,1,03 Sara Mog,91 Savannah Sillivant,1,1,0,0,0,0,0,0,1,1,0,13.755171,-11.480595,-7.576324,0.10105585,0.3118712,0.25641027,0.41649896
LA @ NASH,Week 2,NASH,LA,4/13/25 21:44,19,1,16 Emily Branson,15 Sylvia Brown,0,0,0,0,0,0,0,0,1,0,0,10.935166,-2.0606256,-10.739259,0.2684766,0.57276994,0.48868778,0.59154934
LA @ NASH,Week 2,NASH,LA,4/13/25 21:44,19,1,15 Sylvia Brown,16 Emily Branson,0,0,0,0,0,0,0,0,0,0,0,13.752278,6.034674,12.357502,0.48868778,0.59154934,0.23529412,0.53655267
LA @ NASH,Week 2,NASH,LA,4/13/25 21:44,19,1,16 Emily Branson,15 Sylvia Brown,0,0,0,0,0,0,0,0,1,0,0,8.756003,-6.5498276,-5.8109674,0.23529412,0.53655267,0.35444945,0.59624416
LA @ NASH,Week 2,NASH,LA,4/13/25 21:44,19,1,15 Sylvia Brown,56 Kate Blankenship,0,0,0,0,0,0,0,1,0,0,0,14.8673525,-0.5151531,-14.858425,0.35444945,0.59624416,0.65912515,0.600939
LA @ NASH,Week 2,NASH,LA,4/13/25 21:44,19,1,56 Kate Blankenship,16 Emily Branson,0,0,0,0,0,0,0,0,0,0,0,7.0297465,1.6190574,-6.8407598,0.65912515,0.600939,0.79939663,0.5861838
LA @ NASH,Week 2,NASH,LA,4/13/25 21:44,19,1,16 Emily Branson,15 Sylvia Brown,0,0,0,0,0,0,0,0,0,0,1,13.929107,13.614811,-2.9422653,0.79939663,0.5861838,0.8597285,0.46210596
LA @ NASH,Week 2,NASH,LA,4/13/25 21:45,19,1,15 Sylvia Brown,56 Kate Blankenship,0,0,0,0,0,0,0,0,1,1,0,26.677368,-14.203563,22.581867,0.8597285,0.46210596,0.3966817,0.59154934
LA @ NASH,Week 2,NASH,LA,4/13/25 21:45,19,1,56 Kate Blankenship,71 Mattea Swegles,0,0,0,0,0,0,0,0,0,0,0,14.936178,6.6234255,-13.387295,0.3966817,0.59154934,0.6711915,0.5311871
LA @ NASH,Week 2,NASH,LA,4/13/25 21:45,19,1,71 Mattea Swegles,16 Emily Branson,1,1,0,0,0,0,0,0,1,0,0,13.761885,-3.7532744,13.240181,0.6711915,0.5311871,0.39969832,0.5653924
LA @ NASH,Week 2,NASH,LA,4/13/25 21:46,19,2,16 Emily Branson,15 Sylvia Brown,0,0,0,0,0,0,0,0,0,0,0,11.846265,-0.2943723,-11.8426075,0.30165908,0.7230047,0.5444947,0.72568744
LA @ NASH,Week 2,NASH,LA,4/13/25 21:46,19,2,15 Sylvia Brown,56 Kate Blankenship,0,0,0,0,0,0,0,0,0,0,0,13.086729,1.3246851,-13.019511,0.5444947,0.72568744,0.811463,0.713615
LA @ NASH,Week 2,NASH,LA,4/13/25 21:46,19,2,56 Kate Blankenship,15 Sylvia Brown,0,0,0,0,0,0,0,0,1,0,0,14.211123,-2.5757787,13.975743,0.811463,0.713615,0.5248869,0.7370892
LA @ NASH,Week 2,NASH,LA,4/13/25 21:46,19,2,15 Sylvia Brown,16 Emily Branson,0,0,0,0,0,0,0,0,0,0,0,12.682517,0.8831234,12.651732,0.5248869,0.7370892,0.26545998,0.7290409
LA @ NASH,Week 2,NASH,LA,4/13/25 21:46,19,2,16 Emily Branson,14 Hanna McClain,0,0,0,0,0,0,0,0,0,0,0,12.15642,11.112627,-4.9282923,0.26545998,0.7290409,0.36651585,0.6277666
LA @ NASH,Week 2,NASH,LA,4/13/25 21:46,19,2,14 Hanna McClain,15 Sylvia Brown,0,0,0,0,0,0,0,0,1,0,0,7.6457806,-1.4718679,-7.5027704,0.36651585,0.6277666,0.520362,0.6411804
LA @ NASH,Week 2,NASH,LA,4/13/25 21:47,19,2,15 Sylvia Brown,56 Kate Blankenship,0,0,0,0,0,0,0,1,0,0,0,14.69112,1.2510871,-14.637753,0.520362,0.6411804,0.8205128,0.6297787
LA @ NASH,Week 2,NASH,LA,4/13/25 21:47,19,2,56 Kate Blankenship,16 Emily Branson,0,0,0,0,0,0,0,0,1,0,0,9.5300255,-5.151551,8.017662,0.8205128,0.6297787,0.6561086,0.67672706
LA @ NASH,Week 2,NASH,LA,4/13/25 21:47,19,2,16 Emily Branson,15 Sylvia Brown,0,0,0,0,0,0,0,1,0,0,0,20.482075,5.8138933,19.639603,0.6561086,0.67672706,0.25339368,0.62374246
LA @ NASH,Week 2,NASH,LA,4/13/25 21:47,19,2,15 Sylvia Brown,96 Natalie Wilson,1,1,0,0,0,0,1,0,0,0,0,44.95162,44.818478,-3.4571555,0.25339368,0.62374246,0.3242835,0.21529177
LA @ NASH,Week 2,NASH,LA,4/13/25 21:49,19,3,42 Emma Patterson,26 Leah Shorb,0,0,0,0,0,0,0,0,0,0,0,16.054186,16.043398,0.58844954,0.6048265,0.70623744,0.5927602,0.5600268
LA @ NASH,Week 2,NASH,LA,4/13/25 21:50,19,3,26 Leah Shorb,42 Emma Patterson,0,0,0,0,0,0,0,0,1,0,0,11.742793,-6.9177976,9.488797,0.5927602,0.5600268,0.39819005,0.6230718
LA @ NASH,Week 2,NASH,LA,4/13/25 21:50,19,3,42 Emma Patterson,03 Sara Mog,0,0,0,0,0,0,0,0,0,0,0,8.697671,5.0779595,-7.061431,0.39819005,0.6230718,0.54298645,0.5767941
LA @ NASH,Week 2,NASH,LA,4/13/25 21:50,19,3,03 Sara Mog,26 Leah Shorb,0,0,0,0,0,0,0,0,0,0,0,10.15591,10.15591,0,0.54298645,0.5767941,0.54298645,0.48423877
LA @ NASH,Week 2,NASH,LA,4/13/25 21:50,19,3,26 Leah Shorb,42 Emma Patterson,0,0,0,0,0,0,0,0,1,0,0,12.58124,-7.4329476,10.150806,0.54298645,0.48423877,0.33484164,0.5519785
LA @ NASH,Week 2,NASH,LA,4/13/25 21:50,19,3,42 Emma Patterson,26 Leah Shorb,0,0,0,0,0,0,0,0,0,0,0,10.621136,7.212167,7.796998,0.33484164,0.5519785,0.17496225,0.48625085
LA @ NASH,Week 2,NASH,LA,4/13/25 21:50,19,3,26 Leah Shorb,18 Morgan Butts,0,0,0,0,0,0,0,0,0,0,1,8.589786,7.727323,3.751385,0.17496225,0.48625085,0.09803917,0.41582832
LA @ NASH,Week 2,NASH,LA,4/13/25 21:51,19,3,18 Morgan Butts,61 Madison Oakman,1,0,1,0,0,0,0,0,1,1,0,9.536982,-5.887485,-7.502769,0.09803917,0.41582832,0.25188532,0.46948358
LA @ NASH,Week 2,NASH,LA,4/13/25 21:54,20,1,16 Emily Branson,80 Kelsea LeBeau,0,0,0,0,0,0,0,0,0,0,0,12.013847,3.3117127,11.54838,0.60482657,0.75586855,0.36802417,0.72568744
LA @ NASH,Week 2,NASH,LA,4/13/25 21:54,20,1,80 Kelsea LeBeau,01 Tori Radcliffe,0,0,0,0,0,0,0,0,0,0,0,18.136856,16.70574,7.0614295,0.36802417,0.72568744,0.2232278,0.5734406
LA @ NASH,Week 2,NASH,LA,4/13/25 21:54,20,1,01 Tori Radcliffe,14 Hanna McClain,1,1,0,0,0,0,0,0,0,0,0,39.235554,37.164745,-12.578173,0.2232278,0.5734406,0.48114637,0.23474178
NY @ PHL,Week 2,NY,PHL,2025-04-14 21:24:22,1,1,07 Abby Hecko,03 Liv Player,0,0,0,0,0,0,0,0,0,1,0,14.073706,7.1259165,-12.13633,0.014840183,0.6864536,0.26369864,0.62151194
NY @ PHL,Week 2,NY,PHL,2025-04-14 21:24:26,1,1,03 Liv Player,31 Eli Presberg,0,0,0,0,0,0,0,0,1,0,0,13.232664,-9.631119,-9.074411,0.26369864,0.62151194,0.4497717,0.7092846
NY @ PHL,Week 2,NY,PHL,2025-04-14 21:24:28,1,1,31 Eli Presberg,03 Liv Player,0,0,0,0,0,0,0,0,0,0,0,10.777812,9.018738,5.9011517,0.4497717,0.7092846,0.32876712,0.62709284
NY @ PHL,Week 2,NY,PHL,2025-04-14 21:24:31,1,1,03 Liv Player,88 Nikki Hair,0,0,0,0,0,0,0,0,0,0,0,18.602522,18.594189,0.5567117,0.32876712,0.62709284,0.3173516,0.45763573
NY @ PHL,Week 2,NY,PHL,2025-04-14 21:24:55,1,1,88 Nikki Hair,31 Eli Presberg,0,0,0,0,0,0,0,0,1,0,0,8.899043,-7.571288,4.676384,0.3173516,0.45763573,0.22146119,0.52663624
NY @ PHL,Week 2,NY,PHL,2025-04-14 21:24:59,1,1,31 Eli Presberg,07 Abby Hecko,0,0,0,0,0,0,0,0,1,0,0,9.637394,-6.2351737,-7.3486032,0.22146119,0.52663624,0.37214613,0.58346015
NY @ PHL,Week 2,NY,PHL,2025-04-14 21:25:03,1,1,07 Abby Hecko,31 Eli Presberg,0,0,0,0,0,0,0,0,0,0,0,8.739141,3.8413134,-7.849643,0.37214613,0.58346015,0.533105,0.54845256
NY @ PHL,Week 2,NY,PHL,2025-04-14 21:25:07,1,1,31 Eli Presberg,03 Liv Player,0,0,0,0,0,0,0,0,0,0,0,20.256525,16.423012,-11.857974,0.533105,0.54845256,0.7762557,0.39878234
NY @ PHL,Week 2,NY,PHL,2025-04-14 21:25:28,1,1,03 Liv Player,10 Ella Juengst,0,0,0,0,0,0,0,0,0,0,1,14.017657,12.136328,-7.014575,0.7762557,0.39878234,0.92009133,0.2881786
NY @ PHL,Week 2,NY,PHL,2025-04-14 21:25:33,1,1,10 Ella Juengst,03 Liv Player,1,1,0,0,0,0,0,0,1,1,0,23.06832,-16.367342,16.255999,0.92009133,0.2881786,0.586758,0.43734145
NY @ PHL,Week 2,NY,PHL,2025-04-14 21:28:11,2,1,33 Valeria Cárdenas,24 Jolie Krebs,0,0,0,0,0,0,0,0,0,0,0,18.08501,16.645697,7.070246,0.49315068,0.55098933,0.34817353,0.3992897
NY @ PHL,Week 2,NY,PHL,2025-04-14 21:28:16,2,1,24 Jolie Krebs,33 Valeria Cárdenas,0,0,0,0,0,0,0,0,0,0,0,6.43984,5.2887664,-3.6743004,0.34817353,0.3992897,0.42351598,0.35109082
NY @ PHL,Week 2,NY,PHL,2025-04-14 21:28:18,2,1,33 Valeria Cárdenas,20 Yina Cartagena,0,0,0,0,0,0,0,0,0,0,0,13.496113,10.187836,8.851726,0.42351598,0.35109082,0.24200913,0.25824454
NY @ PHL,Week 2,NY,PHL,2025-04-14 21:28:21,2,1,20 Yina Cartagena,66 Janine Hlavaty,0,0,0,0,0,0,0,0,0,0,1,10.110116,6.012493,8.127999,0.24200913,0.25824454,0.07534247,0.20345002
NY @ PHL,Week 2,NY,PHL,2025-04-14 21:28:24,2,1,66 Janine Hlavaty,20 Yina Cartagena,0,0,0,0,0,0,0,0,1,1,1,9.417822,-9.297096,-1.503123,0.07534247,0.20345002,0.10616438,0.2881786
NY @ PHL,Week 2,NY,PHL,2025-04-14 21:28:26,2,1,20 Yina Cartagena,24 Jolie Krebs,0,0,0,0,0,1,0,0,1,1,0,14.53062,-5.0104113,-13.639453,0.10616438,0.2881786,0.38584474,0.3338407
NY @ PHL,Week 2,NY,PHL,2025-04-14 21:28:31,2,1,24 Jolie Krebs,33 Valeria Cárdenas,0,0,0,1,1,0,0,0,0,0,0,33.051743,24.773699,-21.878794,0.38584474,0.3338407,0.83447486,0.10806697
NY @ PHL,Week 2,NY,PHL,2025-04-14 21:30:26,3,1,03 Liv Player,12 Casey Banta-Ryan,1,0,1,0,0,0,0,0,0,1,0,17.772036,14.752879,-9.90948,0.019406393,0.68138003,0.22260274,0.5469305
NY @ PHL,Week 2,NY,PHL,2025-04-14 21:34:20,4,1,33 Valeria Cárdenas,24 Jolie Krebs,0,0,0,0,0,0,0,0,0,0,0,14.444726,13.305423,5.622795,0.43378997,0.50380516,0.31849316,0.38254693
NY @ PHL,Week 2,NY,PHL,2025-04-14 21:34:23,4,1,24 Jolie Krebs,20 Yina Cartagena,0,0,0,0,0,1,0,0,0,0,0,12.265877,12.24767,-0.6680552,0.31849316,0.38254693,0.3321918,0.27092847
NY @ PHL,Week 2,NY,PHL,2025-04-14 21:34:30,4,1,20 Yina Cartagena,19 Eastelle Ding,0,0,0,1,1,0,0,0,0,0,0,20.321909,19.763288,4.7320557,0.3321918,0.27092847,0.23515981,0.09081684
NY @ PHL,Week 2,NY,PHL,2025-04-14 21:37:02,5,1,20 Yina Cartagena,04 Marié Weverka,1,1,0,0,0,0,0,0,0,1,0,17.248562,11.857973,-12.526028,0.028538812,0.8411974,0.28538814,0.7331304
NY @ PHL,Week 2,NY,PHL,2025-04-14 21:38:35,6,1,20 Yina Cartagena,24 Jolie Krebs,0,0,0,0,0,0,0,0,0,0,1,20.540346,9.297096,18.315836,0.48630136,0.44545916,0.110730596,0.3607306
NY @ PHL,Week 2,NY,PHL,2025-04-14 21:38:37,6,1,24 Jolie Krebs,20 Yina Cartagena,0,0,0,0,0,0,0,0,1,1,0,8.593049,-4.0640006,-7.571288,0.110730596,0.3607306,0.26598173,0.39776763
NY @ PHL,Week 2,NY,PHL,2025-04-14 21:38:39,6,1,20 Yina Cartagena,24 Jolie Krebs,0,0,0,0,0,0,0,0,0,0,1,8.593049,4.0640006,7.571288,0.26598173,0.39776763,0.110730596,0.3607306
NY @ PHL,Week 2,NY,PHL,2025-04-14 21:38:42,6,1,24 Jolie Krebs,20 Yina Cartagena,0,0,0,0,0,0,0,0,1,1,0,9.015475,-6.4578643,-6.2908487,0.110730596,0.3607306,0.23972602,0.41958398
NY @ PHL,Week 2,NY,PHL,2025-04-14 21:40:30,6,1,20 Yina Cartagena,33 Valeria Cárdenas,0,0,0,0,0,0,0,0,0,0,0,7.3065186,2.2268505,-6.9589047,0.23972602,0.41958398,0.3824201,0.3992897
NY @ PHL,Week 2,NY,PHL,2025-04-14 21:40:32,6,1,33 Valeria Cárdenas,66 Janine Hlavaty,0,0,0,0,0,0,0,0,0,0,0,11.920015,9.297096,-7.4599447,0.3824201,0.3992897,0.5353881,0.31456113
NY @ PHL,Week 2,NY,PHL,2025-04-14 21:40:36,6,1,66 Janine Hlavaty,20 Yina Cartagena,0,0,0,0,0,0,0,0,0,0,0,14.380109,5.84548,-13.138413,0.5353881,0.31456113,0.80479455,0.26128867
NY @ PHL,Week 2,NY,PHL,2025-04-14 21:40:47,6,1,20 Yina Cartagena,24 Jolie Krebs,0,0,0,0,0,0,0,0,0,0,0,6.846655,6.736218,-1.2247654,0.80479455,0.26128867,0.82990867,0.19989853
NY @ PHL,Week 2,NY,PHL,2025-04-14 21:41:02,6,1,24 Jolie Krebs,26 Mari Malin,0,0,0,0,0,0,0,0,1,0,0,10.5279,-3.3959453,9.965151,0.82990867,0.19989853,0.6255708,0.23084728
NY @ PHL,Week 2,NY,PHL,2025-04-14 21:41:04,6,1,26 Mari Malin,20 Yina Cartagena,0,0,0,0,0,1,0,1,0,0,0,17.140232,1.8928212,17.035398,0.6255708,0.23084728,0.2762557,0.21359716
NY @ PHL,Week 2,NY,PHL,2025-04-14 21:41:13,6,1,20 Yina Cartagena,33 Valeria Cárdenas,0,0,0,1,1,0,0,0,0,0,1,12.46961,10.633205,6.5135336,0.2762557,0.21359716,0.14269407,0.11669204
NY @ PHL,Week 2,NY,PHL,2025-04-14 21:43:22,7,1,03 Liv Player,31 Eli Presberg,0,0,0,0,0,0,0,0,0,0,0,13.94595,5.121753,-12.971397,0.5776256,0.7559614,0.8436073,0.7092846
NY @ PHL,Week 2,NY,PHL,2025-04-14 21:43:27,7,1,31 Eli Presberg,03 Liv Player,0,0,0,0,0,0,0,1,0,0,0,19.652023,2.9505706,19.42926,0.8436073,0.7092846,0.44520548,0.68239474
NY @ PHL,Week 2,NY,PHL,2025-04-14 21:43:31,7,1,03 Liv Player,31 Eli Presberg,0,0,0,0,0,0,0,0,1,0,0,8.384206,-6.680548,5.066082,0.44520548,0.68239474,0.3413242,0.74327755
NY @ PHL,Week 2,NY,PHL,2025-04-14 21:43:34,7,1,31 Eli Presberg,74 Sam Harris,0,0,0,0,0,0,0,0,0,0,0,18.33233,16.14466,8.684713,0.3413242,0.74327755,0.16324201,0.5961441
NY @ PHL,Week 2,NY,PHL,2025-04-14 21:43:38,7,1,74 Sam Harris,31 Eli Presberg,0,0,0,0,0,0,0,0,1,0,0,13.305542,-13.305426,0.055671748,0.16324201,0.5961441,0.16210045,0.71740234
NY @ PHL,Week 2,NY,PHL,2025-04-14 21:43:44,7,1,31 Eli Presberg,09 Cassie Brown,1,1,0,0,0,0,0,0,0,0,1,16.934034,16.590029,3.395945,0.16210045,0.71740234,0.09246575,0.56621003
NY @ PHL,Week 2,NY,PHL,2025-04-14 21:45:43,8,1,20 Yina Cartagena,33 Valeria Cárdenas,0,0,0,0,0,0,0,0,0,1,0,9.56671,8.183673,-4.95474,0.14954337,0.5459158,0.25114155,0.47133434
NY @ PHL,Week 2,NY,PHL,2025-04-14 21:45:48,8,1,33 Valeria Cárdenas,66 Janine Hlavaty,0,0,0,0,0,0,0,0,0,0,0,15.476402,5.6227927,-14.41885,0.25114155,0.47133434,0.54680365,0.42009133
NY @ PHL,Week 2,NY,PHL,2025-04-14 21:45:51,8,1,66 Janine Hlavaty,24 Jolie Krebs,0,0,0,0,0,0,0,1,0,0,1,16.243986,5.734138,-15.198247,0.54680365,0.42009133,0.8584475,0.36783358
NY @ PHL,Week 2,NY,PHL,2025-04-14 21:45:56,8,1,24 Jolie Krebs,00 Genny De Jesus,0,0,0,0,0,0,0,0,1,1,0,9.735464,-2.2825215,9.464108,0.8584475,0.36783358,0.6643836,0.38863522
NY @ PHL,Week 2,NY,PHL,2025-04-14 21:46:10,8,1,00 Genny De Jesus,19 Eastelle Ding,0,0,0,0,0,0,0,0,0,0,0,9.3911295,1.670137,9.241426,0.6643836,0.38863522,0.47488585,0.37341452
NY @ PHL,Week 2,NY,PHL,2025-04-14 21:46:12,8,1,19 Eastelle Ding,00 Genny De Jesus,0,0,0,0,0,0,0,0,0,0,0,7.767086,-0.6680555,-7.7383027,0.47488585,0.37341452,0.6335617,0.3795028
NY @ PHL,Week 2,NY,PHL,2025-04-14 21:46:17,8,1,00 Genny De Jesus,33 Valeria Cárdenas,0,0,0,0,0,0,0,0,0,0,0,7.520769,4.732056,-5.8454776,0.6335617,0.3795028,0.75342464,0.33637747
NY @ PHL,Week 2,NY,PHL,2025-04-14 21:46:22,8,1,33 Valeria Cárdenas,20 Yina Cartagena,1,1,0,1,0,0,0,0,0,0,0,23.394903,23.381916,-0.7793972,0.75342464,0.33637747,0.7694064,0.12328767
NY @ PHL,Week 2,NY,PHL,2025-04-14 21:47:28,8,2,20 Yina Cartagena,00 Genny De Jesus,0,0,0,0,0,0,0,0,1,0,0,4.819984,-4.7877254,0.5567124,0.24771689,0.1709792,0.23630136,0.21461187
NY @ PHL,Week 2,NY,PHL,2025-04-14 21:47:38,8,2,00 Genny De Jesus,20 Yina Cartagena,0,0,0,0,0,1,0,0,1,0,0,4.774113,-2.5052056,-4.0640006,0.23630136,0.21461187,0.3196347,0.23744293
NY @ PHL,Week 2,NY,PHL,2025-04-14 21:47:44,8,2,20 Yina Cartagena,19 Eastelle Ding,0,0,0,1,1,0,0,0,0,0,1,19.644688,17.480766,8.963069,0.3196347,0.23744293,0.13584475,0.07813293
NY @ PHL,Week 2,NY,PHL,2025-04-14 21:51:05,9,1,33 Valeria Cárdenas,07 Abby Hecko,0,0,0,0,0,0,0,0,1,0,0,18.565166,-9.909481,-15.699287,0.36872146,0.4368341,0.69063926,0.5271436
NY @ PHL,Week 2,NY,PHL,2025-04-14 21:51:09,9,1,07 Abby Hecko,33 Valeria Cárdenas,0,0,0,0,0,0,0,1,0,0,0,18.414642,-3.1175902,18.14882,0.69063926,0.5271436,0.31849316,0.5555556
NY @ PHL,Week 2,NY,PHL,2025-04-14 21:51:12,9,1,33 Valeria Cárdenas,07 Abby Hecko,0,0,0,0,0,0,0,0,0,0,0,9.803829,0.33403265,-9.798137,0.31849316,0.5555556,0.5194064,0.5525114
NY @ PHL,Week 2,NY,PHL,2025-04-14 21:51:13,9,1,07 Abby Hecko,33 Valeria Cárdenas,0,0,0,0,0,0,0,0,0,0,0,8.340472,3.7299714,-7.459946,0.5194064,0.5525114,0.6723744,0.5185185
NY @ PHL,Week 2,NY,PHL,2025-04-14 21:51:16,9,1,33 Valeria Cárdenas,10 Ella Juengst,0,0,0,0,0,0,0,0,0,0,1,17.614119,11.412601,-13.416769,0.6723744,0.5185185,0.9474886,0.4145104
NY @ PHL,Week 2,NY,PHL,2025-04-14 21:51:20,9,1,10 Ella Juengst,33 Valeria Cárdenas,0,0,0,0,0,0,0,0,1,1,1,7.105884,-5.7898088,4.1196733,0.9474886,0.4145104,0.8630137,0.4672755
NY @ PHL,Week 2,NY,PHL,2025-04-14 21:51:26,9,1,33 Valeria Cárdenas,10 Ella Juengst,0,0,0,0,0,0,0,0,0,1,1,7.0441165,6.6248775,-2.3938627,0.8630137,0.4672755,0.91210043,0.40690005
NY @ PHL,Week 2,NY,PHL,2025-04-14 21:51:30,9,1,10 Ella Juengst,33 Valeria Cárdenas,0,0,0,0,0,0,0,0,1,1,0,7.3961067,-2.5052056,6.958904,0.91210043,0.40690005,0.7694064,0.4297311
NY @ PHL,Week 2,NY,PHL,2025-04-14 21:51:33,9,1,33 Valeria Cárdenas,07 Abby Hecko,0,0,0,0,0,0,0,1,0,0,0,19.821226,7.0145745,18.53852,0.7694064,0.4297311,0.3892694,0.36580417
NY @ PHL,Week 2,NY,PHL,2025-04-14 21:51:39,9,1,07 Abby Hecko,33 Valeria Cárdenas,0,0,0,0,0,0,0,0,0,0,0,9.226825,1.670137,-9.074411,0.3892694,0.36580417,0.5753425,0.35058346
NY @ PHL,Week 2,NY,PHL,2025-04-14 21:51:44,9,1,33 Valeria Cárdenas,03 Liv Player,0,0,0,0,0,0,0,0,0,0,0,12.260316,7.793972,-9.464108,0.5753425,0.35058346,0.7694064,0.27955353
NY @ PHL,Week 2,NY,PHL,2025-04-14 21:51:50,9,1,03 Liv Player,33 Valeria Cárdenas,0,0,0,0,0,1,0,0,0,0,0,7.6715283,3.2289321,6.958904,0.7694064,0.27955353,0.6267123,0.25012684
NY @ PHL,Week 2,NY,PHL,2025-04-14 21:51:54,9,1,33 Valeria Cárdenas,21 Montana Roberts,0,0,0,1,1,0,0,0,0,0,0,21.559362,10.911561,18.59419,0.6267123,0.25012684,0.24543379,0.15068494
NY @ PHL,Week 2,NY,PHL,2025-04-14 21:56:13,11,1,33 Valeria Cárdenas,20 Yina Cartagena,0,0,0,0,0,0,0,0,0,0,0,9.473929,4.6763854,-8.239343,0.22374429,0.7295789,0.39269406,0.68696094
NY @ PHL,Week 2,NY,PHL,2025-04-14 21:56:17,11,1,20 Yina Cartagena,26 Mari Malin,0,0,0,0,0,0,0,0,1,0,0,6.3034,-5.121753,-3.674302,0.39269406,0.68696094,0.46803653,0.73363775
NY @ PHL,Week 2,NY,PHL,2025-04-14 21:56:20,11,1,26 Mari Malin,33 Valeria Cárdenas,0,0,0,0,0,0,0,0,0,0,0,8.566859,4.0083265,-7.571288,0.46803653,0.73363775,0.6232877,0.6971081
NY @ PHL,Week 2,NY,PHL,2025-04-14 21:56:22,11,1,33 Valeria Cárdenas,24 Jolie Krebs,0,0,0,0,0,0,0,0,0,0,0,14.28941,11.635289,-8.295014,0.6232877,0.6971081,0.793379,0.59107053
NY @ PHL,Week 2,NY,PHL,2025-04-14 21:56:29,11,1,24 Jolie Krebs,20 Yina Cartagena,0,0,0,0,0,0,0,0,1,0,0,13.437542,-3.8969843,12.860056,0.793379,0.59107053,0.5296804,0.6265855
NY @ PHL,Week 2,NY,PHL,2025-04-14 21:56:33,11,1,20 Yina Cartagena,24 Jolie Krebs,0,0,0,0,0,0,0,0,1,0,0,5.837786,-3.340274,-4.7877254,0.5296804,0.6265855,0.6278539,0.6570269
NY @ PHL,Week 2,NY,PHL,2025-04-14 21:56:39,11,1,24 Jolie Krebs,33 Valeria Cárdenas,0,0,0,0,0,0,0,0,0,0,0,6.237414,0.16701306,6.2351775,0.6278539,0.6570269,0.5,0.6555048
NY @ PHL,Week 2,NY,PHL,2025-04-14 21:56:41,11,1,33 Valeria Cárdenas,20 Yina Cartagena,0,0,0,0,0,0,0,0,0,0,0,11.182301,7.738304,8.072329,0.5,0.6555048,0.3344749,0.5849822
NY @ PHL,Week 2,NY,PHL,2025-04-14 21:56:46,11,1,20 Yina Cartagena,26 Mari Malin,0,0,0,0,0,0,0,0,0,0,0,9.550335,1.2804334,-9.46411,0.3344749,0.5849822,0.5285388,0.57331306
NY @ PHL,Week 2,NY,PHL,2025-04-14 21:56:51,11,1,26 Mari Malin,24 Jolie Krebs,0,0,0,0,0,0,0,0,0,0,0,10.159048,1.670137,10.0208235,0.5285388,0.57331306,0.32305935,0.55809236
NY @ PHL,Week 2,NY,PHL,2025-04-14 21:56:53,11,1,24 Jolie Krebs,20 Yina Cartagena,0,0,0,0,0,0,0,0,0,0,0,5.3909206,3.1175902,-4.3980284,0.32305935,0.55809236,0.413242,0.5296804
NY @ PHL,Week 2,NY,PHL,2025-04-14 21:56:56,11,1,20 Yina Cartagena,66 Janine Hlavaty,0,0,0,0,0,0,0,0,0,0,0,15.632121,11.301259,-10.8002205,0.413242,0.5296804,0.6347032,0.42668697
NY @ PHL,Week 2,NY,PHL,2025-04-14 21:57:01,11,1,66 Janine Hlavaty,00 Genny De Jesus,1,1,0,0,0,0,0,0,0,0,0,19.313105,18.371508,-5.9568195,0.6347032,0.42668697,0.7568493,0.25925925
NY @ PHL,Week 2,NY,PHL,2025-04-14 22:02:34,11,2,20 Yina Cartagena,33 Valeria Cárdenas,0,0,0,0,0,0,0,0,0,0,0,13.707339,10.020823,9.352767,0.5856164,0.8396753,0.3938356,0.7483511
NY @ PHL,Week 2,NY,PHL,2025-04-14 22:02:53,11,2,33 Valeria Cárdenas,21 Montana Roberts,0,0,0,0,0,0,0,0,0,0,0,31.146502,29.394413,10.299177,0.3938356,0.7483511,0.1826484,0.48046675
NY @ PHL,Week 2,NY,PHL,2025-04-14 22:02:57,11,2,21 Montana Roberts,03 Liv Player,0,0,0,0,0,0,0,0,0,0,0,8.921478,-0.5010424,-8.907397,0.1826484,0.48046675,0.3652968,0.48503298
NY @ PHL,Week 2,NY,PHL,2025-04-14 22:03:01,11,2,03 Liv Player,33 Valeria Cárdenas,0,0,0,0,0,0,0,0,0,0,0,8.270316,3.4516163,-7.5156155,0.3652968,0.48503298,0.5194064,0.45357686
NY @ PHL,Week 2,NY,PHL,2025-04-14 22:03:09,11,2,33 Valeria Cárdenas,09 Cassie Brown,0,0,0,0,0,0,0,0,0,0,0,12.989066,7.459946,10.633204,0.5194064,0.45357686,0.30136988,0.38559106
NY @ PHL,Week 2,NY,PHL,2025-04-14 22:03:14,11,2,09 Cassie Brown,12 Casey Banta-Ryan,0,0,0,0,0,0,0,0,0,0,0,7.898255,2.8949027,-7.348603,0.30136988,0.38559106,0.4520548,0.35920852
NY @ PHL,Week 2,NY,PHL,2025-04-14 22:03:18,11,2,12 Casey Banta-Ryan,20 Yina Cartagena,0,0,0,0,0,0,0,0,0,0,0,5.918979,1.670137,-5.6784644,0.4520548,0.35920852,0.5684931,0.34398782
NY @ PHL,Week 2,NY,PHL,2025-04-14 22:03:25,11,2,20 Yina Cartagena,03 Liv Player,1,0,1,0,0,0,0,0,0,0,0,10.899342,7.0702457,-8.295014,0.5684931,0.34398782,0.73858446,0.27955353
NY @ PHL,Week 2,NY,PHL,2025-04-14 22:05:16,11,3,33 Valeria Cárdenas,12 Casey Banta-Ryan,0,0,0,0,0,0,0,0,0,0,0,12.918721,12.915722,0.27835512,0.7979452,0.8310502,0.79223746,0.7133435
NY @ PHL,Week 2,NY,PHL,2025-04-14 22:05:21,11,3,12 Casey Banta-Ryan,04 Marié Weverka,0,0,0,0,0,0,0,0,0,0,0,7.4543343,6.9589033,2.6722207,0.79223746,0.7133435,0.7374429,0.6499239
NY @ PHL,Week 2,NY,PHL,2025-04-14 22:05:24,11,3,04 Marié Weverka,03 Liv Player,0,0,0,0,0,0,0,0,0,0,0,8.562699,6.9032326,-5.0660834,0.7374429,0.6499239,0.8413242,0.5870117
NY @ PHL,Week 2,NY,PHL,2025-04-14 22:05:28,11,3,03 Liv Player,21 Montana Roberts,0,0,0,0,0,0,0,0,0,0,0,35.925205,29.394413,20.65403,0.8413242,0.5870117,0.4178082,0.31912735
NY @ PHL,Week 2,NY,PHL,2025-04-14 22:05:32,11,3,21 Montana Roberts,09 Cassie Brown,0,0,0,0,0,0,0,0,1,0,0,11.905054,-6.513532,9.96515,0.4178082,0.31912735,0.21347032,0.37848806
NY @ PHL,Week 2,NY,PHL,2025-04-14 22:05:36,11,3,09 Cassie Brown,33 Valeria Cárdenas,0,0,0,0,0,0,0,0,1,0,0,7.9133487,-5.5114536,-5.6784654,0.21347032,0.37848806,0.32990867,0.4287164
NY @ PHL,Week 2,NY,PHL,2025-04-14 22:05:39,11,3,33 Valeria Cárdenas,09 Cassie Brown,0,0,0,0,0,0,0,0,0,0,0,13.076462,3.5629582,-12.5817,0.32990867,0.4287164,0.58789957,0.39624557
NY @ PHL,Week 2,NY,PHL,2025-04-14 22:05:59,11,3,09 Cassie Brown,21 Montana Roberts,1,1,0,0,0,0,0,0,0,0,0,13.030044,9.185754,9.241426,0.58789957,0.39624557,0.39840183,0.3125317
NY @ PHL,Week 2,NY,PHL,2025-04-14 22:08:42,11,4,20 Yina Cartagena,31 Eli Presberg,0,0,0,0,0,0,0,0,1,0,0,10.047538,-7.4042716,-6.791891,0.35045663,0.3723998,0.48972604,0.43987823
NY @ PHL,Week 2,NY,PHL,2025-04-14 22:08:47,11,4,31 Eli Presberg,20 Yina Cartagena,0,0,0,0,0,0,0,0,0,0,0,7.270797,5.7898054,-4.398027,0.48972604,0.43987823,0.57990867,0.38711315
NY @ PHL,Week 2,NY,PHL,2025-04-14 22:08:50,11,4,20 Yina Cartagena,10 Ella Juengst,0,0,0,0,0,0,0,0,0,0,0,14.069413,10.410523,-9.464111,0.57990867,0.38711315,0.77397263,0.29223743
NY @ PHL,Week 2,NY,PHL,2025-04-14 22:08:55,11,4,10 Ella Juengst,20 Yina Cartagena,0,0,0,0,0,1,0,0,0,0,0,7.1921554,4.620711,5.5114546,0.77397263,0.29223743,0.6609589,0.25012684
NY @ PHL,Week 2,NY,PHL,2025-04-14 22:09:03,11,4,20 Yina Cartagena,07 Abby Hecko,0,0,0,1,1,0,0,0,0,0,0,12.983339,10.299178,-7.9053173,0.6609589,0.25012684,0.8230594,0.15626585
NY @ PHL,Week 2,NY,PHL,2025-04-14 22:11:08,12,1,31 Eli Presberg,33 Valeria Cárdenas,0,0,0,0,0,0,0,0,0,1,1,15.377456,14.418846,5.3444386,0.97602737,0.40233383,0.8664383,0.27092847
NY @ PHL,Week 2,NY,PHL,2025-04-14 22:11:15,12,1,33 Valeria Cárdenas,07 Abby Hecko,0,0,0,0,0,0,0,1,0,1,0,19.954313,1.7814791,19.87463,0.8664383,0.27092847,0.45890412,0.25469306
NY @ PHL,Week 2,NY,PHL,2025-04-14 22:11:22,12,1,07 Abby Hecko,31 Eli Presberg,0,0,0,0,0,0,0,0,1,0,0,6.63329,-6.624874,0.3340276,0.45890412,0.25469306,0.4520548,0.31506848
NY @ PHL,Week 2,NY,PHL,2025-04-14 22:11:24,12,1,31 Eli Presberg,07 Abby Hecko,0,0,0,0,0,0,0,0,1,0,0,6.11193,-2.1155086,-5.7341356,0.4520548,0.31506848,0.5696347,0.33434805
NY @ PHL,Week 2,NY,PHL,2025-04-14 22:11:29,12,1,07 Abby Hecko,33 Valeria Cárdenas,0,0,0,0,0,1,0,0,0,0,1,22.208565,8.57337,20.487013,0.5696347,0.33434805,0.14954337,0.25621513
NY @ PHL,Week 2,NY,PHL,2025-04-14 22:11:35,12,1,33 Valeria Cárdenas,21 Montana Roberts,0,0,0,1,1,0,0,0,0,1,0,14.4536295,14.41885,-1.0020827,0.14954337,0.25621513,0.17009133,0.12480974
NY @ PHL,Week 2,NY,PHL,2025-04-14 22:13:04,13,1,09 Cassie Brown,31 Eli Presberg,0,0,0,0,0,0,0,0,1,0,0,9.0376215,-4.064004,8.072328,0.81621003,0.5352613,0.65068495,0.57229835
NY @ PHL,Week 2,NY,PHL,2025-04-14 22:13:08,13,1,31 Eli Presberg,03 Liv Player,0,0,0,0,0,0,0,0,0,0,0,25.285347,10.020823,23.214907,0.65068495,0.57229835,0.17465754,0.48097414
NY @ PHL,Week 2,NY,PHL,2025-04-14 22:13:12,13,1,03 Liv Player,07 Abby Hecko,0,0,0,0,0,0,0,0,0,0,0,10.703364,0.55671346,-10.688876,0.17465754,0.48097414,0.3938356,0.47590056
NY @ PHL,Week 2,NY,PHL,2025-04-14 22:13:16,13,1,07 Abby Hecko,03 Liv Player,0,0,0,0,0,0,0,0,0,0,0,7.1228724,3.7299714,-6.068165,0.3938356,0.47590056,0.51826483,0.44190767
NY @ PHL,Week 2,NY,PHL,2025-04-14 22:13:28,13,1,03 Liv Player,31 Eli Presberg,1,1,0,0,0,0,0,0,0,0,0,15.562975,9.742468,12.13633,0.51826483,0.44190767,0.26940638,0.35312024
NY @ PHL,Week 2,NY,PHL,2025-04-14 22:13:50,13,2,03 Liv Player,07 Abby Hecko,0,0,0,0,0,0,0,0,1,0,1,7.60926,-7.2929296,2.1711786,0.19063927,0.7808219,0.14611872,0.8472856
NY @ PHL,Week 2,NY,PHL,2025-04-14 22:13:55,13,2,07 Abby Hecko,03 Liv Player,0,0,0,0,0,0,0,0,1,1,0,9.015475,-6.4578643,-6.2908497,0.14611872,0.8472856,0.27511415,0.906139
NY @ PHL,Week 2,NY,PHL,2025-04-14 22:13:57,13,2,03 Liv Player,07 Abby Hecko,0,0,0,0,0,0,0,0,0,0,0,8.908268,4.509372,-7.68263,0.27511415,0.906139,0.4326484,0.8650431
NY @ PHL,Week 2,NY,PHL,2025-04-14 22:14:02,13,2,07 Abby Hecko,09 Cassie Brown,0,0,0,0,0,0,0,0,0,0,1,21.58759,16.311666,14.140492,0.4326484,0.8650431,0.14269407,0.7163876
NY @ PHL,Week 2,NY,PHL,2025-04-14 22:14:09,13,2,09 Cassie Brown,10 Ella Juengst,0,0,0,0,0,0,0,0,0,1,0,9.791968,8.01666,-5.622794,0.14269407,0.7163876,0.25799087,0.64332825
NY @ PHL,Week 2,NY,PHL,2025-04-14 22:14:14,13,2,10 Ella Juengst,07 Abby Hecko,0,0,0,0,0,0,0,0,1,0,0,9.383368,-8.907395,-2.9505758,0.25799087,0.64332825,0.31849316,0.7245053
NY @ PHL,Week 2,NY,PHL,2025-04-14 22:14:16,13,2,07 Abby Hecko,10 Ella Juengst,0,0,0,0,0,0,0,0,0,0,0,7.7256746,5.1774244,-5.734137,0.31849316,0.7245053,0.43607306,0.67732114
NY @ PHL,Week 2,NY,PHL,2025-04-14 22:14:21,13,2,10 Ella Juengst,03 Liv Player,0,0,0,0,0,0,0,0,0,0,0,13.433384,13.361091,1.3917813,0.43607306,0.67732114,0.40753424,0.5555556
NY @ PHL,Week 2,NY,PHL,2025-04-14 22:14:24,13,2,03 Liv Player,31 Eli Presberg,0,0,0,0,0,0,0,0,0,0,0,10.677856,8.2393465,6.791891,0.40753424,0.5555556,0.26826483,0.48046675
NY @ PHL,Week 2,NY,PHL,2025-04-14 22:14:30,13,2,31 Eli Presberg,07 Abby Hecko,1,1,0,0,0,0,0,0,0,0,1,25.74016,24.718023,7.1815886,0.26826483,0.48046675,0.12100457,0.25520042
NY @ PHL,Week 2,NY,PHL,2025-04-14 22:16:44,13,3,33 Valeria Cárdenas,20 Yina Cartagena,0,0,0,0,0,0,0,0,0,0,0,5.782578,2.3381958,5.288766,0.50342464,0.80669713,0.39497718,0.7853881
NY @ PHL,Week 2,NY,PHL,2025-04-14 22:16:47,13,3,20 Yina Cartagena,24 Jolie Krebs,0,0,0,0,0,0,0,0,0,0,0,18.341452,8.907395,-16.033314,0.39497718,0.7853881,0.7237443,0.70421106
NY @ PHL,Week 2,NY,PHL,2025-04-14 22:16:53,13,3,24 Jolie Krebs,33 Valeria Cárdenas,0,0,0,0,0,0,0,0,0,0,0,11.505642,10.41052,4.8990674,0.7237443,0.70421106,0.6232877,0.60933536
NY @ PHL,Week 2,NY,PHL,2025-04-14 22:17:04,13,3,33 Valeria Cárdenas,00 Genny De Jesus,1,1,0,0,0,0,0,0,0,0,0,39.38947,38.96986,5.7341385,0.6232877,0.60933536,0.50570774,0.2541857
NY @ PHL,Week 2,NY,PHL,2025-04-14 22:18:13,13,4,33 Valeria Cárdenas,20 Yina Cartagena,0,0,0,0,0,0,0,0,1,0,0,6.998874,-2.950574,6.346523,0.6369863,0.4134957,0.5068493,0.44038558
NY @ PHL,Week 2,NY,PHL,2025-04-14 22:18:17,13,4,20 Yina Cartagena,26 Mari Malin,0,0,0,0,0,0,0,0,0,0,0,14.541599,11.579615,-8.796057,0.5068493,0.44038558,0.6872146,0.3348554
NY @ PHL,Week 2,NY,PHL,2025-04-14 22:18:22,13,4,26 Mari Malin,20 Yina Cartagena,0,0,0,0,0,0,0,0,1,0,0,10.132316,-5.4001083,8.573369,0.6872146,0.3348554,0.51141554,0.384069
NY @ PHL,Week 2,NY,PHL,2025-04-14 22:18:27,13,4,20 Yina Cartagena,33 Valeria Cárdenas,0,0,0,0,0,0,0,0,0,0,0,16.139858,8.629041,13.639453,0.51141554,0.384069,0.23173515,0.3054287
NY @ PHL,Week 2,NY,PHL,2025-04-14 22:18:31,13,4,33 Valeria Cárdenas,24 Jolie Krebs,1,1,0,0,0,0,0,0,0,0,0,14.06897,14.029151,1.0577531,0.23173515,0.3054287,0.21004567,0.17757483
NY @ PHL,Week 2,NY,PHL,2025-04-14 22:19:12,13,5,33 Valeria Cárdenas,26 Mari Malin,0,0,0,0,0,0,0,0,1,0,0,9.052352,-7.6826267,-4.7877254,0.24885845,0.5596144,0.34703195,0.6296296
NY @ PHL,Week 2,NY,PHL,2025-04-14 22:19:16,13,5,26 Mari Malin,33 Valeria Cárdenas,0,0,0,0,0,0,0,0,0,0,0,7.2648287,1.670137,7.070246,0.34703195,0.6296296,0.2020548,0.6144089
NY @ PHL,Week 2,NY,PHL,2025-04-14 22:19:18,13,5,33 Valeria Cárdenas,26 Mari Malin,0,0,0,0,0,0,0,0,1,0,0,8.574455,-4.509372,-7.2929316,0.2020548,0.6144089,0.35159817,0.6555048
NY @ PHL,Week 2,NY,PHL,2025-04-14 22:19:35,13,5,26 Mari Malin,20 Yina Cartagena,0,0,0,0,0,0,0,0,0,0,0,12.856319,3.7299714,-12.303344,0.35159817,0.6555048,0.6038813,0.62151194
NY @ PHL,Week 2,NY,PHL,2025-04-14 22:19:36,13,5,20 Yina Cartagena,19 Eastelle Ding,0,0,0,0,0,0,0,0,0,0,0,13.867616,10.855894,-8.629041,0.6038813,0.62151194,0.7808219,0.52257735
NY @ PHL,Week 2,NY,PHL,2025-04-14 22:19:40,13,5,19 Eastelle Ding,20 Yina Cartagena,0,0,0,0,0,0,0,0,1,0,0,13.000401,-12.470361,3.674302,0.7808219,0.52257735,0.70547944,0.6362253
NY @ PHL,Week 2,NY,PHL,2025-04-14 22:19:42,13,5,20 Yina Cartagena,26 Mari Malin,0,0,0,0,0,0,0,0,1,0,0,9.117174,-1.3361045,9.018741,0.70547944,0.6362253,0.5205479,0.6484018
NY @ PHL,Week 2,NY,PHL,2025-04-14 22:19:44,13,5,26 Mari Malin,20 Yina Cartagena,0,0,0,0,0,0,0,0,0,0,0,10.317217,2.6722155,-9.965151,0.5205479,0.6484018,0.7248858,0.6240487
NY @ PHL,Week 2,NY,PHL,2025-04-14 22:19:51,13,5,20 Yina Cartagena,24 Jolie Krebs,0,0,0,0,0,0,0,1,0,0,0,20.8354,5.2887664,20.152987,0.7248858,0.6240487,0.31164384,0.57584983
NY @ PHL,Week 2,NY,PHL,2025-04-14 22:19:54,13,5,24 Jolie Krebs,33 Valeria Cárdenas,0,0,0,0,0,0,0,0,0,0,0,8.779127,2.3381958,-8.462028,0.31164384,0.57584983,0.4851598,0.5545408
NY @ PHL,Week 2,NY,PHL,2025-04-14 22:19:57,13,5,33 Valeria Cárdenas,20 Yina Cartagena,0,0,0,0,0,0,0,0,0,0,0,12.59696,1.7814791,-12.470355,0.4851598,0.5545408,0.74086756,0.5383054
NY @ PHL,Week 2,NY,PHL,2025-04-14 22:20:00,13,5,20 Yina Cartagena,33 Valeria Cárdenas,0,0,0,0,0,0,0,0,1,0,0,8.912963,-2.0041697,8.684711,0.74086756,0.5383054,0.5627854,0.5565703
NY @ PHL,Week 2,NY,PHL,2025-04-14 22:20:05,13,5,33 Valeria Cárdenas,20 Yina Cartagena,0,0,0,0,0,0,0,0,0,0,0,9.276406,2.1711829,-9.018741,0.5627854,0.5565703,0.7477169,0.53678334
NY @ PHL,Week 2,NY,PHL,2025-04-14 22:20:08,13,5,20 Yina Cartagena,24 Jolie Krebs,0,0,0,0,0,0,0,0,0,0,1,14.784037,12.860051,-7.29293,0.7477169,0.53678334,0.89726025,0.41958398
NY @ PHL,Week 2,NY,PHL,2025-04-14 22:20:37,13,5,24 Jolie Krebs,19 Eastelle Ding,0,0,0,0,0,0,0,0,0,1,1,11.181469,10.8002205,-2.8949049,0.89726025,0.41958398,0.956621,0.32115677
NY @ PHL,Week 2,NY,PHL,2025-04-14 22:20:40,13,5,19 Eastelle Ding,20 Yina Cartagena,0,0,0,0,0,0,0,0,1,1,1,12.582808,-12.581699,0.16701306,0.956621,0.32115677,0.95319635,0.4358194
NY @ PHL,Week 2,NY,PHL,2025-04-14 22:20:44,13,5,20 Yina Cartagena,19 Eastelle Ding,0,0,0,0,0,0,0,0,0,1,0,10.403225,1.0020816,10.354851,0.95319635,0.4358194,0.74086756,0.42668697
NY @ PHL,Week 2,NY,PHL,2025-04-14 22:20:49,13,5,19 Eastelle Ding,24 Jolie Krebs,0,0,0,0,0,0,0,1,0,0,0,21.037907,6.7362194,19.9303,0.74086756,0.42668697,0.3321918,0.3652968
NY @ PHL,Week 2,NY,PHL,2025-04-14 22:20:55,13,5,24 Jolie Krebs,20 Yina Cartagena,0,0,0,0,0,0,0,0,1,0,0,12.136456,-9.742464,7.2372613,0.3321918,0.3652968,0.18378995,0.45408422
NY @ PHL,Week 2,NY,PHL,2025-04-14 22:20:58,13,5,20 Yina Cartagena,33 Valeria Cárdenas,0,0,0,0,0,0,0,0,0,0,0,19.81716,19.596273,-2.9505758,0.18378995,0.45408422,0.24429224,0.27549466
NY @ PHL,Week 2,NY,PHL,2025-04-14 22:21:01,13,5,33 Valeria Cárdenas,20 Yina Cartagena,0,0,0,0,0,0,0,0,1,0,0,8.784067,-7.571288,-4.4536986,0.24429224,0.27549466,0.33561644,0.34449518
NY @ PHL,Week 2,NY,PHL,2025-04-14 22:21:10,13,5,20 Yina Cartagena,33 Valeria Cárdenas,1,0,1,0,0,0,0,0,0,0,0,11.279436,10.521862,-4.0640006,0.33561644,0.34449518,0.41894978,0.24860477
NY @ PHL,Week 2,NY,PHL,2025-04-14 22:25:31,14,1,33 Valeria Cárdenas,07 Abby Hecko,0,0,0,0,0,0,0,0,0,1,0,12.383565,10.354849,-6.791891,0.019406393,0.4601725,0.1586758,0.36580417
NY @ PHL,Week 2,NY,PHL,2025-04-14 22:25:35,14,1,07 Abby Hecko,31 Eli Presberg,0,0,0,0,0,0,0,0,1,0,0,13.770726,-6.40219,-12.191999,0.1586758,0.36580417,0.4086758,0.42415017
NY @ PHL,Week 2,NY,PHL,2025-04-14 22:25:36,14,1,31 Eli Presberg,07 Abby Hecko,0,0,0,0,0,0,0,0,0,0,0,10.283368,3.4516163,-9.686795,0.4086758,0.42415017,0.60730594,0.39269406
NY @ PHL,Week 2,NY,PHL,2025-04-14 22:25:40,14,1,07 Abby Hecko,31 Eli Presberg,0,0,0,0,0,0,0,1,0,0,0,19.003553,5.0660825,18.315836,0.60730594,0.39269406,0.23173515,0.3465246
NY @ PHL,Week 2,NY,PHL,2025-04-14 22:26:05,14,1,31 Eli Presberg,33 Valeria Cárdenas,0,0,0,0,0,0,0,0,0,0,0,13.55386,0.8350685,-13.5281105,0.23173515,0.3465246,0.50913244,0.33891425
NY @ PHL,Week 2,NY,PHL,2025-04-14 22:26:08,14,1,33 Valeria Cárdenas,31 Eli Presberg,0,0,0,0,0,0,0,0,0,0,0,11.828009,4.56504,10.911563,0.50913244,0.33891425,0.28538814,0.297311
NY @ PHL,Week 2,NY,PHL,2025-04-14 22:26:21,14,1,31 Eli Presberg,00 Genny De Jesus,1,1,0,1,0,0,0,0,0,0,0,18.263304,17.480766,5.2887683,0.28538814,0.297311,0.17694063,0.13800101
NY @ PHL,Week 2,NY,PHL,2025-04-14 22:29:14,14,2,07 Abby Hecko,31 Eli Presberg,0,0,0,0,0,1,0,0,0,0,0,9.6336975,8.295014,-4.8990674,0.71347034,0.34145105,0.81392694,0.2658549
NY @ PHL,Week 2,NY,PHL,2025-04-14 22:29:17,14,2,31 Eli Presberg,88 Nikki Hair,0,0,0,1,1,0,0,0,0,0,0,16.650166,16.31167,3.340273,0.81392694,0.2658549,0.7454338,0.11719939
NY @ PHL,Week 2,NY,PHL,2025-04-14 22:30:23,15,1,03 Liv Player,09 Cassie Brown,0,0,0,0,0,0,0,0,0,0,0,19.24196,14.363175,-12.804384,0.5296804,0.6164383,0.79223746,0.48554033
NY @ PHL,Week 2,NY,PHL,2025-04-14 22:30:28,15,1,09 Cassie Brown,21 Montana Roberts,0,0,0,0,0,0,0,0,0,0,1,12.8527,10.46619,-7.4599433,0.79223746,0.48554033,0.94520545,0.39015728
NY @ PHL,Week 2,NY,PHL,2025-04-14 22:30:35,15,1,21 Montana Roberts,74 Sam Harris,0,0,0,0,0,0,0,1,0,1,0,17.023478,-1.8371502,16.924055,0.94520545,0.39015728,0.5981735,0.40690005
NY @ PHL,Week 2,NY,PHL,2025-04-14 22:30:39,15,1,74 Sam Harris,04 Marié Weverka,0,0,0,0,0,0,0,0,0,0,0,15.440616,5.0660825,14.585863,0.5981735,0.40690005,0.29908675,0.3607306
NY @ PHL,Week 2,NY,PHL,2025-04-14 22:30:43,15,1,04 Marié Weverka,10 Ella Juengst,0,0,0,0,0,0,0,1,0,0,0,22.518724,-1.1134237,-22.49118,0.29908675,0.3607306,0.760274,0.3708777
NY @ PHL,Week 2,NY,PHL,2025-04-14 22:31:25,15,1,10 Ella Juengst,03 Liv Player,1,1,0,0,0,0,0,0,0,0,0,15.100762,12.5816965,8.350685,0.760274,0.3708777,0.5890411,0.25621513
NY @ PHL,Week 2,NY,PHL,2025-04-14 22:33:56,16,1,20 Yina Cartagena,33 Valeria Cárdenas,0,0,0,0,0,0,0,0,0,0,0,7.596013,0.6123812,-7.571288,0.30365297,0.59309995,0.45890412,0.58751905
NY @ PHL,Week 2,NY,PHL,2025-04-14 22:33:58,16,1,33 Valeria Cárdenas,24 Jolie Krebs,0,0,0,0,0,0,0,0,0,0,0,19.413942,14.084824,-13.361096,0.45890412,0.58751905,0.7328767,0.4591578
NY @ PHL,Week 2,NY,PHL,2025-04-14 22:34:09,16,1,24 Jolie Krebs,33 Valeria Cárdenas,0,0,0,0,0,0,0,0,1,0,0,23.281628,-10.07649,20.988056,0.7328767,0.4591578,0.30251142,0.55098933
NY @ PHL,Week 2,NY,PHL,2025-04-14 22:34:13,16,1,33 Valeria Cárdenas,24 Jolie Krebs,0,0,0,0,0,0,0,0,1,0,0,9.442638,-7.626962,5.567124,0.30251142,0.55098933,0.18835616,0.6204972
NY @ PHL,Week 2,NY,PHL,2025-04-14 22:34:19,16,1,24 Jolie Krebs,20 Yina Cartagena,0,0,0,0,0,0,0,0,0,0,1,17.729782,16.423016,6.680548,0.18835616,0.6204972,0.051369864,0.47082698
NY @ PHL,Week 2,NY,PHL,2025-04-14 22:34:24,16,1,20 Yina Cartagena,19 Eastelle Ding,0,0,0,0,0,0,0,0,0,1,0,10.144544,5.6784635,-8.406357,0.051369864,0.47082698,0.22374429,0.41907662
NY @ PHL,Week 2,NY,PHL,2025-04-14 22:34:26,16,1,19 Eastelle Ding,20 Yina Cartagena,1,0,1,0,0,0,0,0,0,0,1,5.299306,2.783564,4.5093694,0.22374429,0.41907662,0.13127854,0.39370877
NY @ PHL,Week 2,NY,PHL,2025-04-14 22:37:27,17,1,20 Yina Cartagena,33 Valeria Cárdenas,0,0,0,0,0,0,0,0,0,0,0,15.273204,14.752872,3.95266,0.61757994,0.7549467,0.53652966,0.6204972
NY @ PHL,Week 2,NY,PHL,2025-04-14 22:37:29,17,1,33 Valeria Cárdenas,20 Yina Cartagena,0,0,0,0,0,0,0,0,1,0,0,7.1953874,-1.3361045,-7.070249,0.53652966,0.6204972,0.6815069,0.63267374
NY @ PHL,Week 2,NY,PHL,2025-04-14 22:37:33,17,1,20 Yina Cartagena,26 Mari Malin,0,0,0,0,0,0,0,1,0,0,0,18.936813,1.5587885,18.87255,0.6815069,0.63267374,0.29452056,0.6184678
NY @ PHL,Week 2,NY,PHL,2025-04-14 22:37:39,17,1,26 Mari Malin,33 Valeria Cárdenas,0,0,0,0,0,0,0,0,1,0,0,6.9715853,-2.1711762,6.624877,0.29452056,0.6184678,0.1586758,0.6382547
NY @ PHL,Week 2,NY,PHL,2025-04-14 22:37:43,17,1,33 Valeria Cárdenas,26 Mari Malin,0,0,0,0,0,0,0,0,0,0,0,7.6025386,1.9484922,-7.3486032,0.1586758,0.6382547,0.30936074,0.6204972
NY @ PHL,Week 2,NY,PHL,2025-04-14 22:37:47,17,1,26 Mari Malin,20 Yina Cartagena,0,0,0,0,0,0,0,0,1,0,0,5.3316636,-2.5608735,-4.6763835,0.30936074,0.6204972,0.40525115,0.6438356
NY @ PHL,Week 2,NY,PHL,2025-04-14 22:37:49,17,1,20 Yina Cartagena,26 Mari Malin,0,0,0,0,0,0,0,0,0,0,0,5.0181346,2.7835574,4.1753426,0.40525115,0.6438356,0.3196347,0.6184678
NY @ PHL,Week 2,NY,PHL,2025-04-14 22:37:53,17,1,26 Mari Malin,24 Jolie Krebs,0,0,0,0,0,0,0,1,0,0,0,17.093515,-7.0145745,-15.587946,0.3196347,0.6184678,0.6392694,0.68239474
NY @ PHL,Week 2,NY,PHL,2025-04-14 22:37:58,17,1,24 Jolie Krebs,20 Yina Cartagena,0,0,0,0,0,0,0,0,0,0,0,10.176118,9.686796,3.1175888,0.6392694,0.68239474,0.5753425,0.59411466
NY @ PHL,Week 2,NY,PHL,2025-04-14 22:38:17,17,1,20 Yina Cartagena,33 Valeria Cárdenas,0,0,0,0,0,0,0,0,0,0,0,5.878262,2.783564,-5.1774254,0.5753425,0.59411466,0.6815069,0.5687468
NY @ PHL,Week 2,NY,PHL,2025-04-14 22:38:22,17,1,33 Valeria Cárdenas,20 Yina Cartagena,0,0,0,0,0,0,0,0,0,0,0,6.9829125,4.0639973,5.6784678,0.6815069,0.5687468,0.5650685,0.5317098
NY @ PHL,Week 2,NY,PHL,2025-04-14 22:38:25,17,1,20 Yina Cartagena,66 Janine Hlavaty,0,0,0,0,0,0,0,0,0,0,0,11.540204,8.851725,7.4042735,0.5650685,0.5317098,0.413242,0.4510401
NY @ PHL,Week 2,NY,PHL,2025-04-14 22:38:28,17,1,66 Janine Hlavaty,26 Mari Malin,0,0,0,0,0,0,0,0,1,0,0,8.2065525,-2.3938637,7.8496447,0.413242,0.4510401,0.2522831,0.47285643
NY @ PHL,Week 2,NY,PHL,2025-04-14 22:38:35,17,1,26 Mari Malin,19 Eastelle Ding,0,0,0,0,0,0,0,0,0,0,0,13.925488,4.453701,-13.194081,0.2522831,0.47285643,0.522831,0.43226787
NY @ PHL,Week 2,NY,PHL,2025-04-14 22:38:42,17,1,19 Eastelle Ding,33 Valeria Cárdenas,0,0,0,0,0,0,0,0,0,0,0,12.4030695,9.464109,8.016656,0.522831,0.43226787,0.3584475,0.34601724
NY @ PHL,Week 2,NY,PHL,2025-04-14 22:38:44,17,1,33 Valeria Cárdenas,66 Janine Hlavaty,0,0,0,0,0,0,0,0,0,0,0,11.455295,10.354849,4.899069,0.3584475,0.34601724,0.25799087,0.2516489
NY @ PHL,Week 2,NY,PHL,2025-04-14 22:38:49,17,1,66 Janine Hlavaty,24 Jolie Krebs,0,0,0,0,0,0,0,0,1,0,0,13.864373,-13.305426,3.896986,0.25799087,0.2516489,0.1780822,0.37290716
NY @ PHL,Week 2,NY,PHL,2025-04-14 22:38:57,17,1,24 Jolie Krebs,20 Yina Cartagena,1,1,0,0,0,0,0,0,0,0,0,11.967763,11.523947,-3.2289317,0.1780822,0.37290716,0.24429224,0.2678843
NY @ PHL,Week 2,NY,PHL,2025-04-14 22:39:30,17,2,33 Valeria Cárdenas,19 Eastelle Ding,0,0,0,0,0,0,0,0,0,0,1,13.501852,13.472439,-0.89073926,0.8436073,0.7361745,0.86187214,0.6133942
NY @ PHL,Week 2,NY,PHL,2025-04-14 22:39:34,17,2,19 Eastelle Ding,20 Yina Cartagena,0,0,0,0,0,0,0,0,0,1,1,7.5764,7.571285,-0.278358,0.86187214,0.6133942,0.86757994,0.5443937
NY @ PHL,Week 2,NY,PHL,2025-04-14 22:39:38,17,2,20 Yina Cartagena,24 Jolie Krebs,0,0,0,0,0,0,0,0,0,1,0,9.765505,9.631125,1.6144683,0.86757994,0.5443937,0.83447486,0.456621
NY @ PHL,Week 2,NY,PHL,2025-04-14 22:39:43,17,2,24 Jolie Krebs,66 Janine Hlavaty,0,0,0,0,0,0,0,0,0,0,1,12.338935,12.136328,-2.2268496,0.83447486,0.456621,0.88013697,0.34601724
NY @ PHL,Week 2,NY,PHL,2025-04-14 22:39:52,17,2,66 Janine Hlavaty,19 Eastelle Ding,1,1,0,1,0,0,0,0,0,1,0,24.9895,24.88504,2.2825205,0.88013697,0.34601724,0.8333333,0.11922882
NY @ PHL,Week 2,NY,PHL,2025-04-14 22:42:16,17,3,07 Abby Hecko,20 Yina Cartagena,0,0,0,0,0,0,0,0,0,0,0,10.328627,-0.77939755,-10.299178,0.24885845,0.49264333,0.46004567,0.49974632
NY @ PHL,Week 2,NY,PHL,2025-04-14 22:42:20,17,3,20 Yina Cartagena,31 Eli Presberg,0,0,0,0,0,0,0,0,0,0,0,10.594661,8.684711,6.068165,0.46004567,0.49974632,0.33561644,0.4205987
NY @ PHL,Week 2,NY,PHL,2025-04-14 22:42:32,17,3,31 Eli Presberg,12 Casey Banta-Ryan,0,0,0,0,0,0,0,0,0,0,0,13.63775,7.292933,-11.523947,0.33561644,0.4205987,0.57191783,0.35413495
NY @ PHL,Week 2,NY,PHL,2025-04-14 22:43:00,17,3,12 Casey Banta-Ryan,21 Montana Roberts,1,1,0,0,0,0,0,0,0,0,0,11.935994,7.1259165,-9.575451,0.57191783,0.35413495,0.76826483,0.2891933
NY @ PHL,Week 2,NY,PHL,2025-04-14 22:48:20,17,4,20 Yina Cartagena,07 Abby Hecko,0,0,0,0,0,0,0,1,0,1,0,19.722471,2.6722188,19.540602,0.9292237,0.5022831,0.5285388,0.47792998
NY @ PHL,Week 2,NY,PHL,2025-04-14 22:48:23,17,4,07 Abby Hecko,31 Eli Presberg,0,0,0,0,0,0,0,1,0,0,1,19.06437,3.0619159,18.816877,0.5285388,0.47792998,0.14269407,0.45002538
NY @ PHL,Week 2,NY,PHL,2025-04-14 22:48:27,17,4,31 Eli Presberg,07 Abby Hecko,0,0,0,0,0,0,0,0,1,1,0,15.117686,-13.695123,-6.4021916,0.14269407,0.45002538,0.2739726,0.5748351
NY @ PHL,Week 2,NY,PHL,2025-04-14 22:48:31,17,4,07 Abby Hecko,04 Marié Weverka,0,0,0,0,0,0,0,0,0,0,1,18.659418,15.810632,9.90948,0.2739726,0.5748351,0.070776254,0.4307458
NY @ PHL,Week 2,NY,PHL,2025-04-14 22:48:36,17,4,04 Marié Weverka,31 Eli Presberg,0,0,0,0,0,0,0,0,1,1,0,19.544094,-17.480768,-8.740384,0.070776254,0.4307458,0.25,0.5900558
NY @ PHL,Week 2,NY,PHL,2025-04-14 22:48:41,17,4,31 Eli Presberg,20 Yina Cartagena,1,1,0,0,0,0,0,0,0,0,1,20.055944,16.256,11.746631,0.25,0.5900558,0.00913242,0.44190767
NY @ PHL,Week 2,NY,PHL,2025-04-14 22:52:18,18,1,20 Yina Cartagena,33 Valeria Cárdenas,0,0,0,0,0,0,0,0,0,0,0,7.2999415,6.4021935,-3.5072875,0.49315068,0.6113648,0.5650685,0.55301875
NY @ PHL,Week 2,NY,PHL,2025-04-14 22:52:35,18,1,33 Valeria Cárdenas,24 Jolie Krebs,0,0,0,0,0,0,0,0,0,0,0,10.883833,2.7835574,-10.521864,0.5650685,0.55301875,0.7808219,0.52765095
NY @ PHL,Week 2,NY,PHL,2025-04-14 22:52:37,18,1,24 Jolie Krebs,31 Eli Presberg,0,0,0,0,0,0,0,0,0,0,0,9.755343,9.742468,0.5010421,0.7808219,0.52765095,0.7705479,0.43886352
NY @ PHL,Week 2,NY,PHL,2025-04-14 22:52:54,18,1,31 Eli Presberg,00 Genny De Jesus,0,0,0,0,0,0,0,0,0,0,0,10.94347,10.911562,-0.8350682,0.7705479,0.43886352,0.7876712,0.3394216
NY @ PHL,Week 2,NY,PHL,2025-04-14 22:53:03,18,1,00 Genny De Jesus,33 Valeria Cárdenas,0,0,0,0,0,0,0,0,1,0,0,9.360218,-2.5052056,9.018738,0.7876712,0.3394216,0.60273975,0.36225265
NY @ PHL,Week 2,NY,PHL,2025-04-14 22:53:05,18,1,33 Valeria Cárdenas,31 Eli Presberg,0,0,0,0,0,1,0,1,0,0,0,19.320164,6.624874,18.148823,0.60273975,0.36225265,0.2305936,0.30187723
NY @ PHL,Week 2,NY,PHL,2025-04-14 22:53:08,18,1,31 Eli Presberg,66 Janine Hlavaty,0,0,0,1,1,0,0,0,0,0,1,17.982584,16.534357,7.0702467,0.2305936,0.30187723,0.08561644,0.1511923
NY @ PHL,Week 2,NY,PHL,2025-04-14 23:00:53,19,1,20 Yina Cartagena,33 Valeria Cárdenas,0,0,0,0,0,0,0,0,0,0,0,7.717245,5.5671215,-5.344439,0.2089041,0.6555048,0.31849316,0.6047692
NY @ PHL,Week 2,NY,PHL,2025-04-14 23:00:55,19,1,33 Valeria Cárdenas,66 Janine Hlavaty,0,0,0,0,0,0,0,0,0,0,0,27.258505,13.91781,-23.43759,0.31849316,0.6047692,0.79908675,0.47792998
NY @ PHL,Week 2,NY,PHL,2025-04-14 23:00:58,19,1,66 Janine Hlavaty,20 Yina Cartagena,0,0,0,0,0,0,0,0,0,0,0,11.328788,4.9547405,10.187835,0.79908675,0.47792998,0.59018266,0.43277523
NY @ PHL,Week 2,NY,PHL,2025-04-14 23:01:01,19,1,20 Yina Cartagena,19 Eastelle Ding,0,0,0,0,0,0,0,1,0,0,0,18.780277,7.905314,17.035398,0.59018266,0.43277523,0.24086758,0.3607306
NY @ PHL,Week 2,NY,PHL,2025-04-14 23:01:04,19,1,19 Eastelle Ding,20 Yina Cartagena,0,0,0,0,0,0,0,0,1,0,0,9.090792,-8.01666,-4.2866845,0.24086758,0.3607306,0.32876712,0.43378997
NY @ PHL,Week 2,NY,PHL,2025-04-14 23:01:07,19,1,20 Yina Cartagena,24 Jolie Krebs,1,1,0,0,0,0,0,0,0,0,0,17.235174,16.367346,5.4001093,0.32876712,0.43378997,0.21803653,0.28462708
NY @ PHL,Week 2,NY,PHL,2025-04-14 23:01:50,19,2,20 Yina Cartagena,31 Eli Presberg,0,0,0,0,0,0,0,1,0,0,0,27.408457,5.8454766,26.777863,0.78652966,0.67478436,0.23744293,0.62151194
NY @ PHL,Week 2,NY,PHL,2025-04-14 23:02:04,19,2,31 Eli Presberg,33 Valeria Cárdenas,0,0,0,0,0,0,0,0,0,0,0,8.399719,8.183673,1.892822,0.23744293,0.62151194,0.19863014,0.5469305
NY @ PHL,Week 2,NY,PHL,2025-04-14 23:02:10,19,2,33 Valeria Cárdenas,19 Eastelle Ding,0,0,0,0,0,0,0,0,0,0,0,16.72816,16.701368,-0.946411,0.19863014,0.5469305,0.21803653,0.3947235
NY @ PHL,Week 2,NY,PHL,2025-04-14 23:02:15,19,2,19 Eastelle Ding,33 Valeria Cárdenas,0,0,0,0,0,0,0,0,1,0,0,5.4164414,-5.2887664,1.1690959,0.21803653,0.3947235,0.19406393,0.44292238
NY @ PHL,Week 2,NY,PHL,2025-04-14 23:02:22,19,2,33 Valeria Cárdenas,31 Eli Presberg,0,0,0,0,0,0,0,0,1,0,1,8.583125,-6.179506,5.9568224,0.19406393,0.44292238,0.07191781,0.49923897
NY @ PHL,Week 2,NY,PHL,2025-04-14 23:03:12,19,2,31 Eli Presberg,33 Valeria Cárdenas,0,0,0,0,0,0,0,0,1,1,0,7.6981463,-1.391782,-7.571288,0.07191781,0.49923897,0.22716895,0.5119229
NY @ PHL,Week 2,NY,PHL,2025-04-14 23:03:16,19,2,33 Valeria Cárdenas,31 Eli Presberg,0,0,0,0,0,0,0,0,0,0,0,11.175645,4.0640006,-10.410521,0.22716895,0.5119229,0.44063926,0.47488585
NY @ PHL,Week 2,NY,PHL,2025-04-14 23:03:19,19,2,31 Eli Presberg,20 Yina Cartagena,0,0,0,0,0,0,0,0,0,0,0,16.110933,10.132165,-12.52603,0.44063926,0.47488585,0.6974886,0.38254693
NY @ PHL,Week 2,NY,PHL,2025-04-14 23:03:25,19,2,20 Yina Cartagena,33 Valeria Cárdenas,0,0,0,0,0,0,0,0,0,0,0,8.198996,0.5010424,8.183672,0.6974886,0.38254693,0.5296804,0.3779807
NY @ PHL,Week 2,NY,PHL,2025-04-14 23:03:29,19,2,33 Valeria Cárdenas,24 Jolie Krebs,0,0,0,0,0,0,0,0,0,0,0,14.109885,3.3959453,-13.695124,0.5296804,0.3779807,0.8105023,0.34703195
NY @ PHL,Week 2,NY,PHL,2025-04-14 23:03:32,19,2,24 Jolie Krebs,33 Valeria Cárdenas,0,0,0,0,0,0,0,0,0,0,1,3.9854536,2.6165476,-3.0062468,0.8105023,0.34703195,0.8721461,0.3231862
NY @ PHL,Week 2,NY,PHL,2025-04-14 23:03:36,19,2,33 Valeria Cárdenas,24 Jolie Krebs,0,0,0,0,0,0,0,0,1,1,0,10.5184765,-1.503124,10.4105215,0.8721461,0.3231862,0.6586758,0.33688483
NY @ PHL,Week 2,NY,PHL,2025-04-14 23:03:40,19,2,24 Jolie Krebs,20 Yina Cartagena,0,0,0,0,0,0,0,0,0,0,0,6.001399,4.787724,-3.618631,0.6586758,0.33688483,0.7328767,0.29325217
NY @ PHL,Week 2,NY,PHL,2025-04-14 23:03:44,19,2,20 Yina Cartagena,33 Valeria Cárdenas,0,0,0,0,0,0,0,1,0,0,0,17.622562,3.284603,17.313755,0.7328767,0.29325217,0.37785387,0.26331812
NY @ PHL,Week 2,NY,PHL,2025-04-14 23:03:49,19,2,33 Valeria Cárdenas,20 Yina Cartagena,0,0,0,0,0,0,0,0,1,0,0,6.32034,-6.012493,-1.948493,0.37785387,0.26331812,0.4178082,0.31811264
NY @ PHL,Week 2,NY,PHL,2025-04-14 23:03:57,19,2,20 Yina Cartagena,24 Jolie Krebs,0,0,0,0,0,0,0,0,0,0,0,16.001776,11.857973,10.744547,0.4178082,0.31811264,0.19748859,0.21004567
NY @ PHL,Week 2,NY,PHL,2025-04-14 23:04:00,19,2,24 Jolie Krebs,20 Yina Cartagena,0,0,0,0,0,1,0,0,0,0,1,3.135433,-0.33402774,3.1175897,0.19748859,0.21004567,0.13356164,0.21308981
NY @ PHL,Week 2,NY,PHL,2025-04-14 23:04:05,19,2,20 Yina Cartagena,19 Eastelle Ding,0,0,0,1,1,0,0,0,0,1,1,17.70179,17.14674,4.3980274,0.13356164,0.21308981,0.043378994,0.056823947
NY @ PHL,Week 2,NY,PHL,2025-04-14 23:07:26,21,1,20 Yina Cartagena,31 Eli Presberg,0,0,0,0,0,0,0,0,0,0,0,10.102449,-0.72372323,10.076493,0.49315068,0.62151194,0.2865297,0.62810755
NY @ PHL,Week 2,NY,PHL,2025-04-14 23:07:32,21,1,31 Eli Presberg,20 Yina Cartagena,0,0,0,0,0,0,0,0,1,0,0,7.2571487,-4.064004,6.0124936,0.2865297,0.62810755,0.16324201,0.6651446
NY @ PHL,Week 2,NY,PHL,2025-04-14 23:07:35,21,1,20 Yina Cartagena,31 Eli Presberg,0,0,0,0,0,0,0,0,0,0,0,16.276007,7.9609885,-14.196164,0.16324201,0.6651446,0.4543379,0.5925926
NY @ PHL,Week 2,NY,PHL,2025-04-14 23:07:39,21,1,31 Eli Presberg,20 Yina Cartagena,0,0,0,0,0,0,0,1,0,0,0,14.854312,2.505209,14.641534,0.4543379,0.5925926,0.15410958,0.5697615
NY @ PHL,Week 2,NY,PHL,2025-04-14 23:07:42,21,1,20 Yina Cartagena,66 Janine Hlavaty,0,0,0,0,0,0,0,0,0,0,1,12.808737,12.80438,0.33402687,0.15410958,0.5697615,0.14726028,0.4530695
NY @ PHL,Week 2,NY,PHL,2025-04-14 23:07:45,21,1,66 Janine Hlavaty,31 Eli Presberg,0,0,0,0,0,0,0,0,1,1,0,9.094877,-7.5156136,-5.1217527,0.14726028,0.4530695,0.2522831,0.52156264
NY @ PHL,Week 2,NY,PHL,2025-04-14 23:07:49,21,1,31 Eli Presberg,19 Eastelle Ding,0,0,0,0,0,0,0,0,0,0,0,22.856752,11.189914,-19.930302,0.2522831,0.52156264,0.6609589,0.41958398
NY @ PHL,Week 2,NY,PHL,2025-04-14 23:07:55,21,1,19 Eastelle Ding,33 Valeria Cárdenas,0,0,0,0,0,0,0,0,0,0,0,10.951963,10.577536,-2.8392339,0.6609589,0.41958398,0.7191781,0.3231862
NY @ PHL,Week 2,NY,PHL,2025-04-14 23:07:59,21,1,33 Valeria Cárdenas,20 Yina Cartagena,1,1,0,1,0,0,0,0,0,0,0,30.921799,30.897533,-1.2247683,0.7191781,0.3231862,0.74429226,0.04160325
NY @ PHL,Week 2,NY,PHL,2025-04-14 23:12:48,22,1,20 Yina Cartagena,33 Valeria Cárdenas,0,0,0,0,0,0,0,0,0,0,0,7.4199543,6.680548,-3.2289317,0.24657534,0.76306444,0.3127854,0.70218164
NY @ PHL,Week 2,NY,PHL,2025-04-14 23:12:51,22,1,33 Valeria Cárdenas,20 Yina Cartagena,0,0,0,0,0,0,0,0,0,0,0,6.926765,2.505209,6.4578633,0.3127854,0.70218164,0.1803653,0.67935055
NY @ PHL,Week 2,NY,PHL,2025-04-14 23:12:54,22,1,20 Yina Cartagena,31 Eli Presberg,0,0,0,0,0,0,0,0,0,0,0,8.793409,7.5156136,-4.565041,0.1803653,0.67935055,0.2739726,0.6108574
NY @ PHL,Week 2,NY,PHL,2025-04-14 23:12:56,22,1,31 Eli Presberg,33 Valeria Cárdenas,0,0,0,0,0,0,0,0,0,0,0,4.7825437,2.0041633,-4.3423557,0.2739726,0.6108574,0.36301368,0.5925926
NY @ PHL,Week 2,NY,PHL,2025-04-14 23:13:00,22,1,33 Valeria Cárdenas,20 Yina Cartagena,1,1,0,0,0,0,0,0,0,0,1,12.7985735,4.6763854,11.913644,0.36301368,0.5925926,0.11872146,0.5499746
NY @ PHL,Week 2,NY,PHL,2025-04-14 23:14:19,23,1,31 Eli Presberg,24 Jolie Krebs,0,0,0,0,0,0,0,0,0,0,0,6.0075974,5.9568253,-0.7793972,0.51826483,0.6489092,0.53424656,0.594622
NY @ PHL,Week 2,NY,PHL,2025-04-14 23:14:24,23,1,24 Jolie Krebs,31 Eli Presberg,0,0,0,0,0,0,0,0,0,0,0,3.8441365,3.7856424,-0.6680552,0.53424656,0.594622,0.5479452,0.5601218
NY @ PHL,Week 2,NY,PHL,2025-04-14 23:14:32,23,1,31 Eli Presberg,24 Jolie Krebs,0,0,0,0,0,0,0,0,0,0,0,5.1750293,3.340274,-3.9526572,0.5479452,0.5601218,0.6289954,0.5296804
NY @ PHL,Week 2,NY,PHL,2025-04-14 23:14:37,23,1,24 Jolie Krebs,10 Ella Juengst,0,0,0,0,0,0,0,0,0,0,0,13.804782,12.080657,-6.6805487,0.6289954,0.5296804,0.76598173,0.41958398
NY @ PHL,Week 2,NY,PHL,2025-04-14 23:14:44,23,1,10 Ella Juengst,24 Jolie Krebs,0,0,0,0,0,0,0,0,1,0,0,8.069063,-3.7856424,7.125917,0.76598173,0.41958398,0.61986303,0.45408422
NY @ PHL,Week 2,NY,PHL,2025-04-14 23:15:05,23,1,24 Jolie Krebs,31 Eli Presberg,0,0,0,0,0,0,0,0,0,0,0,11.651792,5.233095,10.4105215,0.61986303,0.45408422,0.4063927,0.4063927
NY @ PHL,Week 2,NY,PHL,2025-04-14 23:15:12,23,1,31 Eli Presberg,24 Jolie Krebs,0,0,0,0,0,0,0,0,1,0,0,7.850433,-7.849643,-0.11134204,0.4063927,0.4063927,0.4086758,0.47792998
NY @ PHL,Week 2,NY,PHL,2025-04-14 23:15:17,23,1,24 Jolie Krebs,10 Ella Juengst,0,0,0,0,0,0,0,0,0,0,0,11.354747,11.134246,-2.2268496,0.4086758,0.47792998,0.4543379,0.37645864
NY @ PHL,Week 2,NY,PHL,2025-04-14 23:15:20,23,1,10 Ella Juengst,24 Jolie Krebs,0,0,0,0,0,0,0,0,1,0,0,7.7053895,-4.9547405,5.90115,0.4543379,0.37645864,0.33333334,0.4216134
NY @ PHL,Week 2,NY,PHL,2025-04-14 23:15:23,23,1,24 Jolie Krebs,74 Sam Harris,0,0,0,0,0,0,0,0,0,0,0,13.554772,10.6332035,8.406357,0.33333334,0.4216134,0.1609589,0.32470828
NY @ PHL,Week 2,NY,PHL,2025-04-14 23:15:25,23,1,74 Sam Harris,24 Jolie Krebs,0,0,0,0,0,1,0,0,1,0,1,4.1331906,-1.8928212,3.6743014,0.1609589,0.32470828,0.08561644,0.3419584
NY @ PHL,Week 2,NY,PHL,2025-04-14 23:15:28,23,1,24 Jolie Krebs,00 Genny De Jesus,0,0,0,1,1,0,0,0,0,1,1,29.116533,29.116055,-0.1670138,0.08561644,0.3419584,0.0890411,0.076610856
NY @ PHL,Week 2,NY,PHL,2025-04-14 23:17:40,24,1,33 Valeria Cárdenas,07 Abby Hecko,0,0,0,0,0,0,0,0,1,0,0,11.890337,-2.4495313,-11.635287,0.21004567,0.5773719,0.44863012,0.59969556
NY @ PHL,Week 2,NY,PHL,2025-04-14 23:17:48,24,1,07 Abby Hecko,33 Valeria Cárdenas,1,1,0,0,0,0,0,0,0,0,0,13.205822,-0.55671674,13.194081,0.44863012,0.59969556,0.1780822,0.6047692
NY @ PHL,Week 2,NY,PHL,2025-04-14 23:20:01,25,1,20 Yina Cartagena,31 Eli Presberg,0,0,0,0,0,0,0,1,0,1,0,21.1569,-0.2783551,-21.15507,0.025114154,0.58244544,0.45890412,0.5849822
NY @ PHL,Week 2,NY,PHL,2025-04-14 23:20:03,25,1,31 Eli Presberg,07 Abby Hecko,0,0,0,0,0,0,0,0,0,0,0,17.242088,12.191996,-12.1919985,0.45890412,0.5849822,0.7089041,0.47387114
NY @ PHL,Week 2,NY,PHL,2025-04-14 23:20:17,25,1,07 Abby Hecko,31 Eli Presberg,0,0,0,0,0,0,0,0,0,0,0,13.031349,-0.33402613,13.027067,0.7089041,0.47387114,0.44178084,0.47691527
NY @ PHL,Week 2,NY,PHL,2025-04-14 23:20:23,25,1,31 Eli Presberg,24 Jolie Krebs,0,0,0,0,0,0,0,0,0,0,0,19.480875,14.9198885,-12.526028,0.44178084,0.47691527,0.69863015,0.3409437
NY @ PHL,Week 2,NY,PHL,2025-04-14 23:20:26,25,1,24 Jolie Krebs,66 Janine Hlavaty,0,0,0,0,0,0,0,0,0,0,0,7.203994,5.0660825,-5.1217513,0.69863015,0.3409437,0.80365294,0.29477423
NY @ PHL,Week 2,NY,PHL,2025-04-14 23:20:30,25,1,66 Janine Hlavaty,24 Jolie Krebs,0,0,0,0,0,1,0,0,0,0,1,5.3906326,4.231014,-3.3402758,0.80365294,0.29477423,0.8721461,0.25621513
NY @ PHL,Week 2,NY,PHL,2025-04-14 23:20:40,25,1,24 Jolie Krebs,33 Valeria Cárdenas,0,0,0,1,1,0,0,0,0,1,1,22.862516,22.769535,-2.0598366,0.8721461,0.25621513,0.9143836,0.04870624
NY @ PHL,Week 2,NY,PHL,2025-04-14 23:22:40,26,1,33 Valeria Cárdenas,20 Yina Cartagena,0,0,0,0,0,0,0,0,1,0,0,8.101458,-8.01666,1.1690959,0.35159817,0.63977677,0.32762557,0.71283615
NY @ PHL,Week 2,NY,PHL,2025-04-14 23:25:18,26,1,20 Yina Cartagena,33 Valeria Cárdenas,0,0,0,0,0,0,0,0,0,0,0,6.898293,0.8350718,-6.847562,0.32762557,0.71283615,0.46803653,0.70522577
NY @ PHL,Week 2,NY,PHL,2025-04-14 23:25:25,26,1,33 Valeria Cárdenas,20 Yina Cartagena,0,0,0,0,0,0,0,0,0,0,0,3.3127909,3.006248,1.3917813,0.46803653,0.70522577,0.4394977,0.6778285
NY @ PHL,Week 2,NY,PHL,2025-04-14 23:25:46,26,1,20 Yina Cartagena,31 Eli Presberg,0,0,0,0,0,0,0,0,1,0,0,11.618095,-2.449538,-11.356932,0.4394977,0.6778285,0.6723744,0.7001522
NY @ PHL,Week 2,NY,PHL,2025-04-14 23:25:49,26,1,31 Eli Presberg,33 Valeria Cárdenas,0,0,0,0,0,0,0,1,0,0,0,15.120149,-1.0020783,15.0869055,0.6723744,0.7001522,0.36301368,0.7092846
NY @ PHL,Week 2,NY,PHL,2025-04-14 23:25:51,26,1,33 Valeria Cárdenas,20 Yina Cartagena,0,0,0,0,0,0,0,0,0,0,0,7.014575,0.0,-7.014575,0.36301368,0.7092846,0.5068493,0.7092846
NY @ PHL,Week 2,NY,PHL,2025-04-14 23:25:55,26,1,20 Yina Cartagena,33 Valeria Cárdenas,0,0,0,0,0,0,0,0,0,0,0,4.0943885,4.0083265,0.8350668,0.5068493,0.7092846,0.48972604,0.67275494
NY @ PHL,Week 2,NY,PHL,2025-04-14 23:25:59,26,1,33 Valeria Cárdenas,31 Eli Presberg,0,0,0,0,0,0,0,0,0,0,0,12.04366,4.453701,11.189919,0.48972604,0.67275494,0.26027396,0.6321664
NY @ PHL,Week 2,NY,PHL,2025-04-14 23:26:02,26,1,31 Eli Presberg,33 Valeria Cárdenas,0,0,0,0,0,0,0,0,0,0,0,6.792119,-0.055671018,-6.791891,0.26027396,0.6321664,0.39954337,0.63267374
NY @ PHL,Week 2,NY,PHL,2025-04-14 23:26:05,26,1,33 Valeria Cárdenas,31 Eli Presberg,0,0,0,0,0,0,0,0,0,0,0,10.332224,9.241422,4.6207123,0.39954337,0.63267374,0.30479452,0.54845256
NY @ PHL,Week 2,NY,PHL,2025-04-14 23:26:08,26,1,31 Eli Presberg,09 Cassie Brown,0,0,0,0,0,0,0,0,0,0,0,17.680677,13.3610935,-11.5796175,0.30479452,0.54845256,0.54223746,0.42668697
NY @ PHL,Week 2,NY,PHL,2025-04-14 23:26:12,26,1,09 Cassie Brown,20 Yina Cartagena,0,0,0,0,0,0,0,0,1,0,0,8.41096,-8.406353,0.278358,0.54223746,0.42668697,0.53652966,0.5032978
NY @ PHL,Week 2,NY,PHL,2025-04-14 23:26:18,26,1,20 Yina Cartagena,24 Jolie Krebs,0,0,0,0,0,0,0,0,0,0,0,9.532796,3.3959453,-8.907398,0.53652966,0.5032978,0.7191781,0.47234905
NY @ PHL,Week 2,NY,PHL,2025-04-14 23:26:24,26,1,24 Jolie Krebs,33 Valeria Cárdenas,0,0,0,0,0,0,0,0,0,0,1,11.973585,8.183669,-8.740382,0.7191781,0.47234905,0.8984018,0.39776763
NY @ PHL,Week 2,NY,PHL,2025-04-14 23:26:27,26,1,33 Valeria Cárdenas,20 Yina Cartagena,0,0,0,0,0,1,0,0,0,1,1,12.054461,11.913644,1.8371495,0.8984018,0.39776763,0.8607306,0.2891933
NY @ PHL,Week 2,NY,PHL,2025-04-14 23:26:46,26,1,20 Yina Cartagena,03 Liv Player,0,0,0,1,1,0,0,0,0,1,1,16.557957,16.367342,-2.5052047,0.8607306,0.2891933,0.91210043,0.14003044
NY @ PHL,Week 2,PHL,NY,2025-04-13 09:38:57,1,1,20 Danielle Walsh,21 Linda Morse,1,1,0,0,0,0,0,0,0,0,0,28.863216,28.734812,-2.7195368,0.63829786,0.57255185,0.71179885,0.28520373
NY @ PHL,Week 2,PHL,NY,2025-04-13 09:39:22,1,2,20 Danielle Walsh,29 Sara Liang,0,0,0,0,0,0,0,0,0,0,0,11.312686,10.578984,-4.007736,0.52998066,0.5711222,0.63829786,0.4653324
NY @ PHL,Week 2,PHL,NY,2025-04-13 09:39:26,1,2,29 Sara Liang,20 Danielle Walsh,0,0,0,0,0,0,0,0,1,0,0,7.7690854,-7.5768414,-1.7176032,0.63829786,0.4653324,0.68471956,0.5411008
NY @ PHL,Week 2,PHL,NY,2025-04-13 09:39:33,1,2,20 Danielle Walsh,29 Sara Liang,0,0,0,0,0,0,0,0,0,0,0,5.0980463,4.717657,-1.9323006,0.68471956,0.5411008,0.7369439,0.49392423
NY @ PHL,Week 2,PHL,NY,2025-04-13 09:39:41,1,2,29 Sara Liang,01 Emily Shields,0,0,0,0,0,0,0,0,0,0,0,9.870417,9.649751,2.0754356,0.7369439,0.49392423,0.68085104,0.39742672
NY @ PHL,Week 2,PHL,NY,2025-04-13 09:39:53,1,2,01 Emily Shields,22 Liz Hart,0,0,0,0,0,0,0,0,0,0,0,7.2507625,7.1479616,-1.2166352,0.68085104,0.39742672,0.7137331,0.3259471
NY @ PHL,Week 2,PHL,NY,2025-04-13 09:39:56,1,2,22 Liz Hart,20 Danielle Walsh,0,0,0,0,0,0,0,0,1,0,1,11.330285,-9.220871,-6.58414,0.7137331,0.3259471,0.8916828,0.41815582
NY @ PHL,Week 2,PHL,NY,2025-04-13 09:39:59,1,2,20 Danielle Walsh,17 Allie Milligan,0,0,0,0,0,0,0,1,0,1,0,11.578866,1.1436731,11.522245,0.8916828,0.41815582,0.58027077,0.4067191
NY @ PHL,Week 2,PHL,NY,2025-04-13 09:40:17,1,2,17 Allie Milligan,29 Sara Liang,0,0,0,0,0,0,0,0,1,0,0,7.5798826,-7.5768414,-0.21470177,0.58027077,0.4067191,0.5860735,0.4824875
NY @ PHL,Week 2,PHL,NY,2025-04-13 09:40:23,1,2,29 Sara Liang,01 Emily Shields,0,0,0,0,0,1,0,0,0,0,0,7.5768414,7.5768414,0.0,0.5860735,0.4824875,0.5860735,0.4067191
NY @ PHL,Week 2,PHL,NY,2025-04-13 09:40:38,1,2,01 Emily Shields,21 Linda Morse,0,0,0,1,1,0,0,0,0,0,0,26.463045,25.804144,5.8684726,0.5860735,0.4067191,0.42746615,0.14867763
NY @ PHL,Week 2,PHL,NY,2025-04-13 09:44:41,3,1,00 Emilie Mohler,27 Kit Asterin,0,0,0,0,0,0,0,0,0,0,0,12.717279,12.580416,-1.8607361,0.68085104,0.5210865,0.7311412,0.39528236
NY @ PHL,Week 2,PHL,NY,2025-04-13 09:44:45,3,1,27 Kit Asterin,05 Lindsay McKenna,1,0,1,0,0,0,0,0,0,0,0,9.034658,8.720517,-2.361702,0.7311412,0.39528236,0.794971,0.3080772
NY @ PHL,Week 2,PHL,NY,2025-04-13 09:45:03,3,2,27 Kit Asterin,00 Emilie Mohler,0,0,0,0,0,0,0,0,1,0,0,7.899503,-5.86133,5.295938,0.7369439,0.43102217,0.59381044,0.48963547
NY @ PHL,Week 2,PHL,NY,2025-04-13 09:45:25,3,2,00 Emilie Mohler,29 Sara Liang,0,0,0,0,0,0,0,0,0,0,0,8.814254,1.6440332,8.6595745,0.59381044,0.48963547,0.35976788,0.47319514
NY @ PHL,Week 2,PHL,NY,2025-04-13 09:45:30,3,2,29 Sara Liang,00 Emilie Mohler,0,0,0,0,0,0,0,0,1,0,0,5.641167,-5.5754128,0.8588005,0.35976788,0.47319514,0.33655706,0.52894926
NY @ PHL,Week 2,PHL,NY,2025-04-13 09:45:58,3,2,00 Emilie Mohler,15 Layne Dodge,0,0,0,0,0,0,0,0,0,0,0,13.590242,12.080058,6.2263055,0.33655706,0.52894926,0.16827853,0.40814868
NY @ PHL,Week 2,PHL,NY,2025-04-13 09:46:00,3,2,15 Layne Dodge,00 Emilie Mohler,0,0,0,0,0,0,0,0,0,0,0,5.0857606,-0.21443963,-5.081238,0.16827853,0.40814868,0.3056093,0.41029307
NY @ PHL,Week 2,PHL,NY,2025-04-13 09:46:06,3,2,00 Emilie Mohler,09 Sarah Hirannet,0,0,0,0,0,0,0,1,0,0,0,14.907655,2.6447475,-14.671179,0.3056093,0.41029307,0.70212764,0.3838456
NY @ PHL,Week 2,PHL,NY,2025-04-13 09:46:09,3,2,09 Sarah Hirannet,27 Kit Asterin,0,0,0,0,0,1,0,0,0,0,0,6.685198,5.6468906,-3.5783372,0.70212764,0.3838456,0.79883945,0.3273767
NY @ PHL,Week 2,PHL,NY,2025-04-13 09:46:10,3,2,27 Kit Asterin,05 Lindsay McKenna,0,0,0,1,1,0,0,0,0,0,0,20.59061,20.586132,-0.42940134,0.79883945,0.3273767,0.8104449,0.12151537
NY @ PHL,Week 2,PHL,NY,2025-04-13 09:49:59,5,1,29 Sara Liang,19 Grace Maroon,0,0,0,0,0,0,0,0,0,0,0,10.212502,9.935671,2.361702,0.52998066,0.60757685,0.46615088,0.50822014
NY @ PHL,Week 2,PHL,NY,2025-04-13 09:50:03,5,1,19 Grace Maroon,23 Natalie Bova,0,0,0,0,0,0,0,0,0,0,0,8.445384,7.4338794,4.007737,0.46615088,0.50822014,0.35783365,0.43388134
NY @ PHL,Week 2,PHL,NY,2025-04-13 09:50:09,5,1,23 Natalie Bova,22 Liz Hart,0,0,0,0,0,0,0,0,0,0,0,6.305828,5.5039315,-3.0773692,0.35783365,0.43388134,0.4410058,0.37884203
NY @ PHL,Week 2,PHL,NY,2025-04-13 09:50:14,5,1,22 Liz Hart,20 Danielle Walsh,0,0,0,0,0,0,0,0,0,0,0,7.618293,5.86133,-4.866538,0.4410058,0.37884203,0.57253385,0.32022873
NY @ PHL,Week 2,PHL,NY,2025-04-13 09:50:19,5,1,20 Danielle Walsh,19 Grace Maroon,0,0,0,0,0,0,0,0,0,0,0,6.0692983,5.0035744,-3.435204,0.57253385,0.32022873,0.6653772,0.27019298
NY @ PHL,Week 2,PHL,NY,2025-04-13 09:50:25,5,1,19 Grace Maroon,23 Natalie Bova,0,0,0,0,0,0,0,0,1,0,0,6.4930496,-6.0757694,-2.2901354,0.6653772,0.27019298,0.72727275,0.33095068
NY @ PHL,Week 2,PHL,NY,2025-04-13 09:50:28,5,1,23 Natalie Bova,29 Sara Liang,1,1,0,1,0,0,0,0,0,0,0,18.92704,18.513224,-3.9361696,0.72727275,0.33095068,0.8336557,0.14581844
NY @ PHL,Week 2,PHL,NY,2025-04-13 09:51:22,5,2,20 Danielle Walsh,23 Natalie Bova,0,0,0,0,0,0,0,0,0,0,0,10.065938,6.3616843,7.800774,0.6711799,0.3216583,0.46034816,0.25804147
NY @ PHL,Week 2,PHL,NY,2025-04-13 09:51:26,5,2,23 Natalie Bova,20 Danielle Walsh,0,0,0,0,0,0,0,0,1,0,0,5.656343,-5.289492,-2.003868,0.46034816,0.25804147,0.51450676,0.3109364
NY @ PHL,Week 2,PHL,NY,2025-04-13 09:51:35,5,2,20 Danielle Walsh,23 Natalie Bova,0,0,0,0,0,0,0,0,0,0,0,5.7957134,2.7877064,-5.0812387,0.51450676,0.3109364,0.6518375,0.28305933
NY @ PHL,Week 2,PHL,NY,2025-04-13 09:51:40,5,2,23 Natalie Bova,20 Danielle Walsh,0,0,0,0,0,0,0,0,1,0,0,7.08328,-4.3602586,5.5822043,0.6518375,0.28305933,0.50096714,0.3266619
NY @ PHL,Week 2,PHL,NY,2025-04-13 09:51:42,5,2,20 Danielle Walsh,29 Sara Liang,0,0,0,0,0,0,0,0,0,0,0,11.370173,6.433168,9.375243,0.50096714,0.3266619,0.24758221,0.26233023
NY @ PHL,Week 2,PHL,NY,2025-04-13 09:51:46,5,2,29 Sara Liang,20 Danielle Walsh,0,0,0,0,0,0,0,0,1,0,0,5.773847,-3.8599014,-4.294004,0.24758221,0.26233023,0.36363637,0.30092925
NY @ PHL,Week 2,PHL,NY,2025-04-13 09:51:49,5,2,20 Danielle Walsh,29 Sara Liang,0,0,0,0,0,1,0,0,0,0,0,6.695745,4.00286,5.367505,0.36363637,0.30092925,0.21856867,0.26090065
NY @ PHL,Week 2,PHL,NY,2025-04-13 09:51:52,5,2,29 Sara Liang,19 Grace Maroon,0,0,0,1,1,0,0,0,0,0,0,14.7013035,14.510365,2.3617024,0.21856867,0.26090065,0.15473887,0.115797
NY @ PHL,Week 2,PHL,NY,2025-04-13 10:24:53,7,1,20 Danielle Walsh,19 Grace Maroon,0,0,0,0,0,0,0,0,0,1,1,9.638243,9.578273,1.0735023,0.9361702,0.5654039,0.90715665,0.46962115
NY @ PHL,Week 2,PHL,NY,2025-04-13 10:25:05,7,1,19 Grace Maroon,22 Liz Hart,1,1,0,1,0,0,0,0,0,1,0,37.15463,33.30951,16.460348,0.90715665,0.46962115,0.4622824,0.1365261
NY @ PHL,Week 2,PHL,NY,2025-04-13 10:25:40,7,2,29 Sara Liang,20 Danielle Walsh,0,0,0,0,0,0,0,0,1,1,0,14.667764,-10.5075035,10.234043,0.93810445,0.41815582,0.6615087,0.52323085
NY @ PHL,Week 2,PHL,NY,2025-04-13 10:25:48,7,2,20 Danielle Walsh,01 Emily Shields,0,0,0,0,0,0,0,0,0,0,1,26.037994,10.650462,23.760153,0.6615087,0.52323085,0.01934236,0.41672623
NY @ PHL,Week 2,PHL,NY,2025-04-13 10:25:59,7,2,01 Emily Shields,22 Liz Hart,0,0,0,0,0,0,0,0,0,1,0,11.279016,5.5754094,-9.804642,0.01934236,0.41672623,0.2843327,0.36097214
NY @ PHL,Week 2,PHL,NY,2025-04-13 10:26:03,7,2,22 Liz Hart,20 Danielle Walsh,0,0,0,0,0,0,0,0,1,0,0,9.153572,-4.789135,-7.800774,0.2843327,0.36097214,0.49516442,0.40886348
NY @ PHL,Week 2,PHL,NY,2025-04-13 10:26:08,7,2,20 Danielle Walsh,23 Natalie Bova,0,0,0,0,0,0,0,0,0,0,0,5.075872,1.8584728,-4.723405,0.49516442,0.40886348,0.622824,0.39027876
NY @ PHL,Week 2,PHL,NY,2025-04-13 10:26:11,7,2,23 Natalie Bova,20 Danielle Walsh,0,0,0,0,0,0,0,0,0,0,0,5.935759,4.789135,-3.5067685,0.622824,0.39027876,0.71760154,0.3423874
NY @ PHL,Week 2,PHL,NY,2025-04-13 10:26:15,7,2,20 Danielle Walsh,29 Sara Liang,0,0,0,0,0,0,0,0,0,0,0,6.051693,4.9320936,-3.5067706,0.71760154,0.3423874,0.8123791,0.29306647
NY @ PHL,Week 2,PHL,NY,2025-04-13 10:26:17,7,2,29 Sara Liang,20 Danielle Walsh,0,0,0,0,0,0,0,0,1,0,0,7.508655,-6.0042887,4.508704,0.8123791,0.29306647,0.69052225,0.35310936
NY @ PHL,Week 2,PHL,NY,2025-04-13 10:26:21,7,2,20 Danielle Walsh,21 Linda Morse,0,0,0,0,0,0,0,1,0,0,0,13.073649,3.5025,12.595745,0.69052225,0.35310936,0.3500967,0.31808436
NY @ PHL,Week 2,PHL,NY,2025-04-13 10:26:35,7,2,21 Linda Morse,19 Grace Maroon,0,0,0,0,0,1,0,0,0,0,0,9.50741,8.291637,-4.6518383,0.3500967,0.31808436,0.47582206,0.23516798
NY @ PHL,Week 2,PHL,NY,2025-04-13 10:26:37,7,2,19 Grace Maroon,29 Sara Liang,0,0,0,1,1,0,0,0,0,0,0,8.921266,8.291637,3.29207,0.47582206,0.23516798,0.3868472,0.1522516
NY @ PHL,Week 2,PHL,NY,2025-04-13 10:28:09,8,1,27 Kit Asterin,03 Rachel Alfano,1,1,0,0,0,0,0,1,0,0,0,12.738878,0.0,-12.738878,0.3056093,0.8127234,0.6499033,0.8127234
NY @ PHL,Week 2,PHL,NY,2025-04-13 10:37:25,9,1,29 Sara Liang,01 Emily Shields,0,0,0,0,0,0,0,1,0,1,0,12.483561,-5.289495,11.307544,0.9477756,0.6132952,0.6421663,0.66619015
NY @ PHL,Week 2,PHL,NY,2025-04-13 10:37:38,9,1,01 Emily Shields,20 Danielle Walsh,1,1,1,0,0,0,0,0,0,0,0,7.8952613,7.8627586,0.7156652,0.6421663,0.66619015,0.622824,0.58756256
NY @ PHL,Week 2,PHL,NY,2025-04-13 10:41:02,10,1,08 Joanna Maida,27 Kit Asterin,0,0,0,1,1,0,0,0,0,0,0,13.849189,10.864904,8.588008,0.49903288,0.2680486,0.26692456,0.15939957
NY @ PHL,Week 2,PHL,NY,2025-04-13 10:42:42,11,1,00 Emilie Mohler,27 Kit Asterin,0,0,0,0,0,0,0,0,1,1,0,8.4771385,-1.7155111,-8.301741,0.001934236,0.75339526,0.2263056,0.7705504
NY @ PHL,Week 2,PHL,NY,2025-04-13 10:42:57,11,1,27 Kit Asterin,15 Layne Dodge,0,0,0,0,0,0,0,1,0,0,0,15.806149,4.4317365,-15.172147,0.2263056,0.7705504,0.6363636,0.726233
NY @ PHL,Week 2,PHL,NY,2025-04-13 10:43:03,11,1,15 Layne Dodge,29 Sara Liang,0,0,0,0,0,0,0,0,0,0,1,20.53719,18.084341,-9.733076,0.6363636,0.726233,0.8994197,0.5453896
NY @ PHL,Week 2,PHL,NY,2025-04-13 10:45:54,11,1,29 Sara Liang,20 Danielle Walsh,0,0,0,0,0,0,0,0,1,1,0,11.866926,-4.5746922,10.949709,0.8994197,0.5453896,0.60348165,0.5911365
NY @ PHL,Week 2,PHL,NY,2025-04-13 10:46:01,11,1,20 Danielle Walsh,29 Sara Liang,0,0,0,0,0,0,0,0,0,0,0,9.447336,5.432451,-7.7292066,0.60348165,0.5911365,0.8123791,0.536812
NY @ PHL,Week 2,PHL,NY,2025-04-13 10:46:07,11,1,29 Sara Liang,20 Danielle Walsh,0,0,0,0,0,0,0,0,1,0,0,11.551331,-5.218011,10.30561,0.8123791,0.536812,0.5338491,0.5889921
NY @ PHL,Week 2,PHL,NY,2025-04-13 10:46:52,11,1,20 Danielle Walsh,19 Grace Maroon,0,0,0,0,0,0,0,0,0,0,0,8.5265,8.005714,2.934235,0.5338491,0.5889921,0.45454547,0.508935
NY @ PHL,Week 2,PHL,NY,2025-04-13 10:46:56,11,1,19 Grace Maroon,20 Danielle Walsh,0,0,0,0,0,0,0,0,1,0,0,4.7716804,-3.0736208,-3.6499026,0.45454547,0.508935,0.5531915,0.5396712
NY @ PHL,Week 2,PHL,NY,2025-04-13 10:47:02,11,1,20 Danielle Walsh,22 Liz Hart,0,0,0,0,0,0,0,0,0,0,0,9.004442,8.649034,2.504835,0.5531915,0.5396712,0.48549324,0.45318085
NY @ PHL,Week 2,PHL,NY,2025-04-13 10:47:21,11,1,22 Liz Hart,01 Emily Shields,0,0,0,0,0,0,0,0,0,0,0,7.941874,7.2909236,-3.1489358,0.48549324,0.45318085,0.5705996,0.3802716
NY @ PHL,Week 2,PHL,NY,2025-04-13 10:47:34,11,1,01 Emily Shields,20 Danielle Walsh,0,0,0,0,0,0,0,0,0,0,0,7.6972218,2.2158682,-7.3713737,0.5705996,0.3802716,0.76982594,0.35811293
NY @ PHL,Week 2,PHL,NY,2025-04-13 10:47:38,11,1,20 Danielle Walsh,29 Sara Liang,0,0,0,0,0,0,0,0,0,0,0,10.597856,5.0750523,9.303677,0.76982594,0.35811293,0.5183752,0.3073624
NY @ PHL,Week 2,PHL,NY,2025-04-13 10:47:52,11,1,29 Sara Liang,20 Danielle Walsh,0,0,0,0,0,0,0,0,1,0,0,5.5213656,-2.8591843,4.723404,0.5183752,0.3073624,0.39071566,0.33595425
NY @ PHL,Week 2,PHL,NY,2025-04-13 10:47:56,11,1,20 Danielle Walsh,19 Grace Maroon,0,0,0,0,0,0,0,0,0,0,0,6.928834,4.9320936,4.866538,0.39071566,0.33595425,0.2591876,0.2866333
NY @ PHL,Week 2,PHL,NY,2025-04-13 10:48:00,11,1,19 Grace Maroon,29 Sara Liang,0,0,0,0,0,0,0,0,0,0,0,8.378188,-0.28591752,-8.373308,0.2591876,0.2866333,0.48549324,0.2894925
NY @ PHL,Week 2,PHL,NY,2025-04-13 10:48:04,11,1,29 Sara Liang,19 Grace Maroon,0,0,0,0,0,0,0,0,0,0,0,6.497752,1.8584698,-6.226305,0.48549324,0.2894925,0.65377176,0.2709078
NY @ PHL,Week 2,PHL,NY,2025-04-13 10:48:07,11,1,19 Grace Maroon,20 Danielle Walsh,0,0,0,0,0,0,0,0,0,0,0,10.226627,1.1436731,10.162476,0.65377176,0.2709078,0.37911025,0.25947106
NY @ PHL,Week 2,PHL,NY,2025-04-13 10:48:26,11,1,20 Danielle Walsh,29 Sara Liang,1,1,0,1,0,0,0,0,0,0,0,12.966286,12.937814,-0.8588005,0.37911025,0.25947106,0.40232107,0.13009292
NY @ PHL,Week 2,PHL,NY,2025-04-13 10:50:06,11,2,29 Sara Liang,21 Linda Morse,0,0,0,0,0,0,0,0,0,0,0,10.272508,6.1472473,-8.230174,0.21856867,0.7090779,0.4410058,0.6476054
NY @ PHL,Week 2,PHL,NY,2025-04-13 10:50:10,11,2,21 Linda Morse,19 Grace Maroon,0,0,0,0,0,0,0,0,0,0,0,13.644312,10.936379,-8.158607,0.4410058,0.6476054,0.6615087,0.5382416
NY @ PHL,Week 2,PHL,NY,2025-04-13 10:50:17,11,2,19 Grace Maroon,05 Lindsay McKenna,0,0,0,0,0,0,0,0,1,0,0,9.390143,-1.7155111,9.232108,0.6615087,0.5382416,0.41199225,0.55539674
NY @ PHL,Week 2,PHL,NY,2025-04-13 10:50:45,11,2,05 Lindsay McKenna,01 Emily Shields,0,0,0,0,0,0,0,0,0,0,1,15.214455,9.935671,11.5222435,0.41199225,0.55539674,0.10058027,0.45604002
NY @ PHL,Week 2,PHL,NY,2025-04-13 10:50:48,11,2,01 Emily Shields,21 Linda Morse,1,1,0,1,0,0,0,0,0,1,0,36.52244,33.809864,-13.812379,0.10058027,0.45604002,0.4738878,0.11794139
NY @ PHL,Week 2,PHL,NY,2025-04-13 10:53:40,11,3,27 Kit Asterin,00 Emilie Mohler,0,0,0,0,0,0,0,1,0,1,0,15.465477,-3.9313793,14.957447,0.93230176,0.7062187,0.5280464,0.7455325
NY @ PHL,Week 2,PHL,NY,2025-04-13 10:53:45,11,3,00 Emilie Mohler,04 Eliana Harnage,1,0,1,0,0,0,0,0,0,0,0,13.473645,13.009292,-3.5067706,0.5280464,0.7455325,0.622824,0.6154396
NY @ PHL,Week 2,PHL,NY,2025-04-13 10:56:06,12,1,17 Allie Milligan,29 Sara Liang,0,0,0,0,0,0,0,0,0,0,0,8.600296,5.932808,-6.226305,0.28239846,0.7090779,0.45067698,0.6497498
NY @ PHL,Week 2,PHL,NY,2025-04-13 10:56:09,12,1,29 Sara Liang,20 Danielle Walsh,0,0,0,0,0,0,0,0,1,0,0,11.364041,-4.789138,-10.30561,0.45067698,0.6497498,0.729207,0.6976412
NY @ PHL,Week 2,PHL,NY,2025-04-13 10:56:12,12,1,20 Danielle Walsh,29 Sara Liang,0,0,0,0,0,0,0,0,1,0,0,7.8744287,-3.7169397,6.9419727,0.729207,0.6976412,0.5415861,0.7348106
NY @ PHL,Week 2,PHL,NY,2025-04-13 10:56:16,12,1,29 Sara Liang,19 Grace Maroon,0,0,0,0,0,0,0,0,1,0,0,8.815296,-1.2151539,8.731142,0.5415861,0.7348106,0.3056093,0.74696213
NY @ PHL,Week 2,PHL,NY,2025-04-13 10:56:19,12,1,19 Grace Maroon,29 Sara Liang,0,0,0,0,0,0,0,0,0,0,0,7.816804,-0.50035715,-7.800773,0.3056093,0.74696213,0.516441,0.7519657
NY @ PHL,Week 2,PHL,NY,2025-04-13 10:56:32,12,1,29 Sara Liang,19 Grace Maroon,1,1,0,0,0,0,0,0,0,0,0,11.18164,3.7884235,10.520309,0.516441,0.7519657,0.23210831,0.71408147
NY @ PHL,Week 2,PHL,NY,2025-04-13 10:58:59,13,1,00 Emilie Mohler,08 Joanna Maida,1,1,0,0,0,0,0,1,0,0,0,13.5145,7.2909236,11.37911,0.63249516,0.6904932,0.32495165,0.617584
NY @ PHL,Week 2,PHL,NY,2025-04-13 10:59:50,13,2,27 Kit Asterin,05 Lindsay McKenna,1,1,0,0,0,0,0,0,0,0,0,33.620113,33.595425,1.2881997,0.71953577,0.6690493,0.68471956,0.33309507
NY @ PHL,Week 2,PHL,NY,2025-04-13 11:00:55,13,3,08 Joanna Maida,00 Emilie Mohler,0,0,0,0,0,0,0,1,0,1,0,11.682759,-1.9299507,11.522245,0.95357835,0.72265905,0.6421663,0.74195856
NY @ PHL,Week 2,PHL,NY,2025-04-13 11:00:58,13,3,00 Emilie Mohler,05 Lindsay McKenna,0,0,0,0,0,0,0,0,0,0,0,9.98518,7.8627586,-6.154741,0.6421663,0.74195856,0.80851066,0.663331
NY @ PHL,Week 2,PHL,NY,2025-04-13 11:01:05,13,3,05 Lindsay McKenna,27 Kit Asterin,1,1,0,0,0,0,0,0,0,0,0,34.2007,33.38099,7.44294,0.80851066,0.663331,0.6073501,0.3295211
NY @ PHL,Week 2,PHL,NY,2025-04-13 11:04:53,13,4,20 Danielle Walsh,73 Chelsea Semper,0,0,0,0,0,0,0,0,0,0,0,10.378371,6.504643,8.08704,0.4313346,0.75553966,0.21276596,0.6904932
NY @ PHL,Week 2,PHL,NY,2025-04-13 11:04:59,13,4,73 Chelsea Semper,20 Danielle Walsh,0,0,0,0,0,0,0,1,0,0,0,13.089244,-5.6468906,-11.808511,0.21276596,0.6904932,0.5319149,0.74696213
NY @ PHL,Week 2,PHL,NY,2025-04-13 11:05:01,13,4,20 Danielle Walsh,22 Liz Hart,0,0,0,0,0,0,0,0,0,0,0,11.680458,5.075055,-10.520309,0.5319149,0.74696213,0.8162476,0.6962116
NY @ PHL,Week 2,PHL,NY,2025-04-13 11:05:06,13,4,22 Liz Hart,29 Sara Liang,0,0,0,0,0,0,0,0,0,0,0,13.728753,13.724089,-0.3578326,0.8162476,0.6962116,0.82591873,0.5589707
NY @ PHL,Week 2,PHL,NY,2025-04-13 11:05:13,13,4,29 Sara Liang,20 Danielle Walsh,1,0,1,0,0,0,0,0,1,0,0,16.11025,-13.152254,9.303675,0.82591873,0.5589707,0.5744681,0.6904932
NY @ PHL,Week 2,PHL,NY,2025-04-13 11:10:29,13,5,29 Sara Liang,21 Linda Morse,0,0,0,0,0,0,0,0,0,0,0,8.968286,6.719083,5.940039,0.7756286,0.81200856,0.61508703,0.74481773
NY @ PHL,Week 2,PHL,NY,2025-04-13 11:10:32,13,5,21 Linda Morse,20 Danielle Walsh,0,0,0,0,0,0,0,0,1,0,0,8.859406,-1.0007143,8.802708,0.61508703,0.74481773,0.37717602,0.7548249
NY @ PHL,Week 2,PHL,NY,2025-04-13 11:10:36,13,5,20 Danielle Walsh,29 Sara Liang,0,0,0,0,0,0,0,0,0,0,0,12.290857,7.8627586,-9.446809,0.37717602,0.7548249,0.63249516,0.6761973
NY @ PHL,Week 2,PHL,NY,2025-04-13 11:10:53,13,5,29 Sara Liang,19 Grace Maroon,1,1,0,0,0,0,0,0,0,0,0,26.526684,26.233023,3.9361696,0.63249516,0.6761973,0.5261122,0.41386706
NY @ PHL,Week 2,PHL,NY,2025-04-13 11:17:43,14,1,29 Sara Liang,20 Danielle Walsh,0,0,0,0,0,0,0,0,1,0,0,7.7377114,-7.4338794,2.1470022,0.50870407,0.6297355,0.45067698,0.7040743
NY @ PHL,Week 2,PHL,NY,2025-04-13 11:17:45,14,1,20 Danielle Walsh,29 Sara Liang,0,0,0,0,0,0,0,0,0,0,0,7.754957,6.504643,-4.222438,0.45067698,0.7040743,0.5647969,0.6390279
NY @ PHL,Week 2,PHL,NY,2025-04-13 11:17:47,14,1,29 Sara Liang,20 Danielle Walsh,0,0,0,0,0,0,0,0,1,0,0,6.8361397,-1.2151539,6.727273,0.5647969,0.6390279,0.38297874,0.65117943
NY @ PHL,Week 2,PHL,NY,2025-04-13 11:17:52,14,1,20 Danielle Walsh,19 Grace Maroon,0,0,0,0,0,0,0,0,0,0,0,6.4580913,1.4295936,6.2978725,0.38297874,0.65117943,0.21276596,0.6368835
NY @ PHL,Week 2,PHL,NY,2025-04-13 11:17:56,14,1,19 Grace Maroon,29 Sara Liang,0,0,0,0,0,0,0,0,1,0,0,8.369861,-6.361687,-5.439071,0.21276596,0.6368835,0.35976788,0.70050037
NY @ PHL,Week 2,PHL,NY,2025-04-13 11:17:59,14,1,29 Sara Liang,17 Allie Milligan,0,0,0,0,0,0,0,0,1,0,0,7.74854,-3.7169397,-6.7988405,0.35976788,0.70050037,0.54352033,0.73766977
NY @ PHL,Week 2,PHL,NY,2025-04-13 11:18:02,14,1,17 Allie Milligan,29 Sara Liang,0,0,0,0,0,0,0,0,0,0,0,6.450235,1.9299507,6.15474,0.54352033,0.73766977,0.37717602,0.71837026
NY @ PHL,Week 2,PHL,NY,2025-04-13 11:18:04,14,1,29 Sara Liang,17 Allie Milligan,0,0,0,0,0,0,0,0,1,0,0,6.112432,-2.6447475,-5.5106387,0.37717602,0.71837026,0.5261122,0.74481773
NY @ PHL,Week 2,PHL,NY,2025-04-13 11:18:08,14,1,17 Allie Milligan,29 Sara Liang,0,0,0,0,0,0,0,0,0,0,0,5.5827146,2.8591871,4.7949715,0.5261122,0.74481773,0.39651838,0.71622586
NY @ PHL,Week 2,PHL,NY,2025-04-13 11:18:10,14,1,29 Sara Liang,17 Allie Milligan,0,0,0,0,0,0,0,0,1,0,0,4.956185,-1.5010715,-4.723405,0.39651838,0.71622586,0.52417797,0.7312366
NY @ PHL,Week 2,PHL,NY,2025-04-13 11:18:14,14,1,17 Allie Milligan,29 Sara Liang,0,0,0,0,0,0,0,0,0,0,0,5.5734487,1.5010715,5.3675056,0.52417797,0.7312366,0.37911025,0.71622586
NY @ PHL,Week 2,PHL,NY,2025-04-13 11:18:49,14,1,29 Sara Liang,21 Linda Morse,0,0,0,0,0,0,0,0,0,0,1,10.016261,4.3602586,9.017407,0.37911025,0.71622586,0.13539653,0.6726233
NY @ PHL,Week 2,PHL,NY,2025-04-13 11:18:52,14,1,21 Linda Morse,29 Sara Liang,0,0,0,0,0,0,0,0,1,1,0,10.224559,-6.933528,-7.5145063,0.13539653,0.6726233,0.3384913,0.74195856
NY @ PHL,Week 2,PHL,NY,2025-04-13 11:18:53,14,1,29 Sara Liang,17 Allie Milligan,0,0,0,0,0,0,0,0,1,0,0,7.073575,-1.3581097,-6.9419737,0.3384913,0.74195856,0.5261122,0.75553966
NY @ PHL,Week 2,PHL,NY,2025-04-13 11:18:54,14,1,17 Allie Milligan,29 Sara Liang,0,0,0,0,0,0,0,0,0,0,0,7.242372,1.5010715,7.085107,0.5261122,0.75553966,0.33462283,0.74052894
NY @ PHL,Week 2,PHL,NY,2025-04-13 11:19:00,14,1,29 Sara Liang,19 Grace Maroon,0,0,0,0,0,0,0,0,0,0,0,26.69563,26.090065,5.653772,0.33462283,0.74052894,0.18181819,0.4796283
NY @ PHL,Week 2,PHL,NY,2025-04-13 11:19:04,14,1,19 Grace Maroon,29 Sara Liang,0,0,0,0,0,0,0,0,1,0,0,7.7166615,-7.076487,-3.0773692,0.18181819,0.4796283,0.26499033,0.55039316
NY @ PHL,Week 2,PHL,NY,2025-04-13 11:19:06,14,1,29 Sara Liang,17 Allie Milligan,0,0,0,0,0,0,0,0,1,0,0,9.94112,-3.5025,-9.303675,0.26499033,0.55039316,0.516441,0.58541816
NY @ PHL,Week 2,PHL,NY,2025-04-13 11:19:10,14,1,17 Allie Milligan,29 Sara Liang,0,0,0,0,0,0,0,0,0,0,0,8.250015,0.57183504,8.230173,0.516441,0.58541816,0.29400387,0.5796998
NY @ PHL,Week 2,PHL,NY,2025-04-13 11:19:13,14,1,29 Sara Liang,17 Allie Milligan,0,0,0,0,0,0,0,0,1,0,0,8.492263,-3.002143,-7.9439073,0.29400387,0.5796998,0.50870407,0.60972124
NY @ PHL,Week 2,PHL,NY,2025-04-13 11:19:22,14,1,17 Allie Milligan,29 Sara Liang,0,0,0,0,0,0,0,0,1,0,0,6.2545204,-4.8606157,3.9361708,0.50870407,0.60972124,0.40232107,0.6583274
NY @ PHL,Week 2,PHL,NY,2025-04-13 11:19:25,14,1,29 Sara Liang,17 Allie Milligan,0,0,0,0,0,0,0,0,0,0,0,7.4017963,4.8606157,5.5822043,0.40232107,0.6583274,0.2514507,0.60972124
NY @ PHL,Week 2,PHL,NY,2025-04-13 11:19:29,14,1,17 Allie Milligan,29 Sara Liang,0,0,0,0,0,0,0,0,0,0,0,8.766473,-0.7862747,-8.731141,0.2514507,0.60972124,0.48742747,0.617584
NY @ PHL,Week 2,PHL,NY,2025-04-13 11:19:35,14,1,29 Sara Liang,21 Linda Morse,0,0,0,0,0,0,0,1,0,0,1,15.6039505,3.9313793,-15.10058,0.48742747,0.617584,0.89555126,0.5782702
NY @ PHL,Week 2,PHL,NY,2025-04-13 11:19:41,14,1,21 Linda Morse,29 Sara Liang,0,0,0,0,0,0,0,0,0,1,0,7.400256,1.2151539,7.2998075,0.89555126,0.5782702,0.6982592,0.56611866
NY @ PHL,Week 2,PHL,NY,2025-04-13 11:19:53,14,1,29 Sara Liang,21 Linda Morse,1,1,0,0,0,0,0,0,0,0,1,9.588395,5.5754128,-7.800775,0.6982592,0.56611866,0.90909094,0.51036453
NY @ PHL,Week 2,PHL,NY,2025-04-14 12:21:18,14,2,20 Danielle Walsh,29 Sara Liang,0,0,0,0,0,0,0,0,1,1,0,8.655919,-5.86133,6.369438,1.0,0.8213009,0.827853,0.8799142
NY @ PHL,Week 2,PHL,NY,2025-04-14 12:21:22,14,2,29 Sara Liang,20 Danielle Walsh,0,0,0,0,0,0,0,0,1,0,0,8.986022,-2.6447475,8.588009,0.827853,0.8799142,0.59574467,0.9063617
NY @ PHL,Week 2,PHL,NY,2025-04-14 12:21:36,14,2,20 Danielle Walsh,21 Linda Morse,0,0,0,0,0,0,0,0,0,0,0,12.432923,12.008577,3.2205024,0.59574467,0.9063617,0.50870407,0.7862759
NY @ PHL,Week 2,PHL,NY,2025-04-14 12:21:46,14,2,21 Linda Morse,17 Allie Milligan,0,0,0,0,0,0,0,0,0,0,0,9.578574,1.0721982,9.518375,0.50870407,0.7862759,0.2514507,0.77555394
NY @ PHL,Week 2,PHL,NY,2025-04-14 12:21:49,14,2,17 Allie Milligan,19 Grace Maroon,0,0,0,0,0,0,0,0,0,0,0,9.885194,9.864187,-0.64409983,0.2514507,0.77555394,0.2688588,0.67691207
NY @ PHL,Week 2,PHL,NY,2025-04-14 12:21:52,14,2,19 Grace Maroon,17 Allie Milligan,0,0,0,0,0,0,0,0,1,0,1,5.9975705,-2.0014286,5.653772,0.2688588,0.67691207,0.116054155,0.69692636
NY @ PHL,Week 2,PHL,NY,2025-04-14 12:21:57,14,2,17 Allie Milligan,21 Linda Morse,0,0,0,0,0,0,0,0,1,1,0,7.6772876,-1.5725553,-7.514507,0.116054155,0.69692636,0.31914893,0.7126519
NY @ PHL,Week 2,PHL,NY,2025-04-14 12:22:02,14,2,21 Linda Morse,20 Danielle Walsh,1,0,1,0,0,0,0,0,0,0,0,5.556804,0.7147968,-5.5106387,0.31914893,0.7126519,0.4680851,0.70550394
NY @ PHL,Week 2,PHL,NY,2025-04-14 12:24:17,15,1,00 Emilie Mohler,27 Kit Asterin,0,0,0,0,0,0,0,1,0,0,0,11.387191,-0.42887926,-11.379111,0.27852997,0.698356,0.5860735,0.70264477
NY @ PHL,Week 2,PHL,NY,2025-04-14 12:24:31,15,1,27 Kit Asterin,05 Lindsay McKenna,1,1,0,0,0,0,0,0,0,0,0,17.724367,16.869194,5.439072,0.5860735,0.70264477,0.43907157,0.53395283
NY @ PHL,Week 2,PHL,NY,2025-04-14 12:25:14,15,2,27 Kit Asterin,00 Emilie Mohler,0,0,0,0,0,0,0,0,1,0,0,7.8914065,-7.4338794,2.647969,0.43713734,0.8084346,0.3655706,0.8827734
NY @ PHL,Week 2,PHL,NY,2025-04-14 12:25:31,15,2,00 Emilie Mohler,15 Layne Dodge,0,0,0,0,0,0,1,0,0,0,0,51.92019,51.53681,6.2978725,0.3655706,0.8827734,0.19535783,0.3674053
NY @ PHL,Week 2,PHL,NY,2025-04-14 12:25:52,15,2,15 Layne Dodge,23 Natalie Bova,0,0,0,0,0,0,0,0,1,0,0,5.8333025,-4.4317365,-3.7930367,0.19535783,0.3674053,0.29787233,0.41172266
NY @ PHL,Week 2,PHL,NY,2025-04-14 12:25:58,15,2,23 Natalie Bova,27 Kit Asterin,0,0,0,0,0,0,0,0,1,0,0,6.7958617,-4.074338,-5.439072,0.29787233,0.41172266,0.4448743,0.45246604
NY @ PHL,Week 2,PHL,NY,2025-04-14 12:26:03,15,2,27 Kit Asterin,23 Natalie Bova,0,0,0,0,0,0,0,1,0,0,1,12.094988,0.07147789,12.094777,0.4448743,0.45246604,0.11798839,0.45175126
NY @ PHL,Week 2,PHL,NY,2025-04-14 12:26:20,15,2,23 Natalie Bova,00 Emilie Mohler,0,0,0,0,0,0,0,0,0,1,0,7.89889,4.8606157,-6.2263055,0.11798839,0.45175126,0.28626692,0.4031451
NY @ PHL,Week 2,PHL,NY,2025-04-14 12:26:26,15,2,00 Emilie Mohler,27 Kit Asterin,0,0,0,0,0,0,0,0,1,0,0,6.169716,-5.2180142,3.2920694,0.28626692,0.4031451,0.19729207,0.45532525
NY @ PHL,Week 2,PHL,NY,2025-04-14 12:26:38,15,2,27 Kit Asterin,00 Emilie Mohler,0,0,0,0,0,0,0,0,0,0,0,6.3758526,-0.28591752,-6.3694386,0.19729207,0.45532525,0.36943907,0.45818442
NY @ PHL,Week 2,PHL,NY,2025-04-14 12:26:40,15,2,00 Emilie Mohler,27 Kit Asterin,0,0,0,0,0,0,0,0,0,0,0,7.2820454,5.7183714,-4.508704,0.36943907,0.45818442,0.49129593,0.4010007
NY @ PHL,Week 2,PHL,NY,2025-04-14 12:26:47,15,2,27 Kit Asterin,05 Lindsay McKenna,0,0,0,0,0,1,0,0,0,0,0,13.050044,9.077912,-9.375241,0.49129593,0.4010007,0.7446808,0.31022158
NY @ PHL,Week 2,PHL,NY,2025-04-14 12:26:58,15,2,05 Lindsay McKenna,27 Kit Asterin,0,0,0,1,1,0,0,0,0,0,0,14.328821,14.010006,-3.0058026,0.7446808,0.31022158,0.82591873,0.17012152
NY @ PHL,Week 2,PHL,NY,2025-04-14 12:28:55,16,1,29 Sara Liang,20 Danielle Walsh,0,0,0,0,0,0,0,0,1,0,0,9.975474,-5.075055,8.588009,0.80851066,0.6147248,0.5764023,0.66547537
NY @ PHL,Week 2,PHL,NY,2025-04-14 12:28:58,16,1,20 Danielle Walsh,19 Grace Maroon,0,0,0,0,0,0,0,0,0,0,0,8.841084,8.791995,-0.930367,0.5764023,0.66547537,0.60154736,0.5775554
NY @ PHL,Week 2,PHL,NY,2025-04-14 12:29:01,16,1,19 Grace Maroon,22 Liz Hart,0,0,0,0,0,0,0,0,0,0,0,10.114911,7.147968,-7.1566744,0.60154736,0.5775554,0.794971,0.50607574
NY @ PHL,Week 2,PHL,NY,2025-04-14 12:29:40,16,1,22 Liz Hart,04 Eliana Harnage,0,0,0,0,0,0,0,0,0,0,0,8.00653,7.9342365,-1.0735,0.794971,0.50607574,0.8239845,0.42673337
NY @ PHL,Week 2,PHL,NY,2025-04-14 12:29:41,16,1,04 Eliana Harnage,19 Grace Maroon,0,0,0,0,0,0,0,0,0,0,1,6.9954715,6.8620443,-1.3597684,0.8239845,0.42673337,0.860735,0.35811293
NY @ PHL,Week 2,PHL,NY,2025-04-14 12:29:54,16,1,19 Grace Maroon,20 Danielle Walsh,0,0,0,0,0,0,0,0,0,1,1,4.9965677,4.717654,-1.6460345,0.860735,0.35811293,0.9052224,0.3109364
NY @ PHL,Week 2,PHL,NY,2025-04-14 12:30:09,16,1,20 Danielle Walsh,19 Grace Maroon,0,0,0,0,0,0,0,0,1,1,0,10.729903,-1.7155111,10.591876,0.9052224,0.3109364,0.6189555,0.3280915
NY @ PHL,Week 2,PHL,NY,2025-04-14 12:30:13,16,1,19 Grace Maroon,22 Liz Hart,0,0,0,0,0,0,0,0,0,0,0,8.618351,8.077198,-3.0058026,0.6189555,0.3280915,0.7001934,0.24731952
NY @ PHL,Week 2,PHL,NY,2025-04-14 12:30:19,16,1,22 Liz Hart,20 Danielle Walsh,0,0,0,0,0,1,0,0,0,0,0,5.595471,4.3602586,-3.5067706,0.7001934,0.24731952,0.794971,0.20371693
NY @ PHL,Week 2,PHL,NY,2025-04-14 12:30:21,16,1,20 Danielle Walsh,22 Liz Hart,0,0,0,1,1,0,0,0,0,0,1,7.8355308,6.9335237,-3.6499038,0.794971,0.20371693,0.89361703,0.1343817
NY @ PHL,Week 2,PHL,NY,2025-04-14 12:32:28,17,1,27 Kit Asterin,05 Lindsay McKenna,1,1,0,0,0,0,1,0,0,1,0,45.21226,38.813435,23.18762,0.92843324,0.72337383,0.30174083,0.33523947
NY @ PHL,Week 2,PHL,NY,2025-04-14 12:33:30,17,2,27 Kit Asterin,03 Rachel Alfano,1,1,0,0,0,0,0,0,0,0,0,28.559116,28.234459,4.294004,0.28239846,0.81772697,0.1663443,0.5353824
NY @ PHL,Week 2,PHL,NY,2025-04-14 12:37:57,17,3,29 Sara Liang,04 Eliana Harnage,0,0,0,0,0,0,0,0,0,0,0,10.455665,9.363831,4.651838,0.32301742,0.72480345,0.19729207,0.63116515
NY @ PHL,Week 2,PHL,NY,2025-04-14 12:38:03,17,3,04 Eliana Harnage,19 Grace Maroon,1,1,1,0,0,0,0,0,0,0,0,15.648161,15.5825615,1.4313349,0.19729207,0.63116515,0.15860735,0.47533953
NY @ PHL,Week 2,PHL,NY,2025-04-14 12:39:48,17,4,29 Sara Liang,20 Danielle Walsh,0,0,0,0,0,0,0,1,0,1,0,12.67397,-5.432451,11.450677,0.9632495,0.56683344,0.65377176,0.62115794
NY @ PHL,Week 2,PHL,NY,2025-04-14 12:39:51,17,4,20 Danielle Walsh,22 Liz Hart,0,0,0,0,0,1,0,0,0,0,0,11.429253,6.433165,9.446809,0.65377176,0.62115794,0.3984526,0.5568263
NY @ PHL,Week 2,PHL,NY,2025-04-14 12:39:59,17,4,22 Liz Hart,66 Jess Brand,0,0,0,1,1,0,1,0,0,0,0,42.32918,41.744102,-7.0135403,0.3984526,0.5568263,0.58800775,0.13938527
NY @ PHL,Week 2,PHL,NY,2025-04-14 12:50:15,19,1,27 Kit Asterin,00 Emilie Mohler,0,0,0,0,0,0,0,1,0,1,0,12.494864,-2.1443903,12.309477,0.85880077,0.81415296,0.5261122,0.83559686
NY @ PHL,Week 2,PHL,NY,2025-04-14 12:50:20,19,1,00 Emilie Mohler,04 Eliana Harnage,0,0,0,0,0,0,0,0,0,0,0,13.267968,11.079341,7.2998075,0.5261122,0.83559686,0.3288201,0.72480345
NY @ PHL,Week 2,PHL,NY,2025-04-14 12:50:26,19,1,04 Eliana Harnage,00 Emilie Mohler,0,0,0,0,0,0,0,0,1,0,0,9.452025,-9.363831,-1.2882018,0.3288201,0.72480345,0.36363637,0.81844175
NY @ PHL,Week 2,PHL,NY,2025-04-14 12:50:28,19,1,00 Emilie Mohler,09 Sarah Hirannet,1,1,1,0,0,0,1,0,0,0,0,43.15933,42.95926,4.1508703,0.36363637,0.81844175,0.2514507,0.38884917
NY @ PHL,Week 2,PHL,NY,2025-04-14 12:51:38,20,1,20 Danielle Walsh,19 Grace Maroon,0,0,0,0,0,0,0,0,0,0,1,13.477439,8.148676,10.73501,0.39458415,0.68191564,0.10444874,0.6004289
NY @ PHL,Week 2,PHL,NY,2025-04-14 12:51:43,20,1,19 Grace Maroon,20 Danielle Walsh,0,0,0,0,0,0,0,0,1,1,0,10.612678,-8.434593,-6.4410057,0.10444874,0.6004289,0.27852997,0.6847748
NY @ PHL,Week 2,PHL,NY,2025-04-14 12:51:46,20,1,20 Danielle Walsh,29 Sara Liang,0,0,0,0,0,0,0,1,0,0,0,14.787041,-1.143676,-14.742746,0.27852997,0.6847748,0.6769826,0.6962116
NY @ PHL,Week 2,PHL,NY,2025-04-14 12:52:00,20,1,29 Sara Liang,01 Emily Shields,0,0,0,0,0,0,0,0,0,0,0,18.762634,18.727661,-1.1450688,0.6769826,0.6962116,0.7079304,0.508935
NY @ PHL,Week 2,PHL,NY,2025-04-14 12:52:03,20,1,01 Emily Shields,22 Liz Hart,0,0,0,0,0,1,0,0,0,0,0,12.0106325,11.865622,-1.860734,0.7079304,0.508935,0.7582205,0.39027876
NY @ PHL,Week 2,PHL,NY,2025-04-14 12:52:07,20,1,22 Liz Hart,19 Grace Maroon,0,0,0,1,1,0,0,0,0,0,0,27.711405,27.376696,4.2940044,0.7582205,0.39027876,0.6421663,0.11651179
NY @ PHL,Week 2,PHL,NY,2025-04-14 12:54:36,21,1,27 Kit Asterin,22 Liz Hart,0,0,0,0,0,0,0,0,0,0,0,12.467193,11.508221,4.7949715,0.38491297,0.8241601,0.25531915,0.7090779
NY @ PHL,Week 2,PHL,NY,2025-04-14 12:54:40,21,1,22 Liz Hart,27 Kit Asterin,0,0,0,0,0,0,0,0,1,0,0,7.045134,-4.6461763,-5.295938,0.25531915,0.7090779,0.3984526,0.75553966
NY @ PHL,Week 2,PHL,NY,2025-04-14 12:54:42,21,1,27 Kit Asterin,22 Liz Hart,0,0,0,0,0,0,0,0,0,0,0,5.465304,3.2880604,-4.36557,0.3984526,0.75553966,0.516441,0.72265905
NY @ PHL,Week 2,PHL,NY,2025-04-14 12:54:51,21,1,22 Liz Hart,04 Eliana Harnage,0,0,0,0,0,0,0,1,0,0,0,11.915849,2.4303079,-11.665379,0.516441,0.72265905,0.8317215,0.698356
NY @ PHL,Week 2,PHL,NY,2025-04-14 12:54:52,21,1,04 Eliana Harnage,27 Kit Asterin,0,0,0,0,0,0,0,0,1,0,0,10.362942,-2.35883,10.090911,0.8317215,0.698356,0.5589942,0.7219443
NY @ PHL,Week 2,PHL,NY,2025-04-14 12:55:05,21,1,27 Kit Asterin,00 Emilie Mohler,0,0,0,0,0,0,0,0,0,0,0,8.652251,4.2887807,-7.514507,0.5589942,0.7219443,0.76208895,0.67905647
NY @ PHL,Week 2,PHL,NY,2025-04-14 12:55:08,21,1,00 Emilie Mohler,01 Emily Shields,0,0,0,0,0,0,0,0,0,0,1,10.901484,9.363831,-5.5822062,0.76208895,0.67905647,0.9129594,0.58541816
NY @ PHL,Week 2,PHL,NY,2025-04-14 12:55:35,21,1,01 Emily Shields,27 Kit Asterin,0,0,0,0,0,0,0,0,0,1,0,8.766474,-0.7862747,8.731142,0.9129594,0.58541816,0.6769826,0.5932809
NY @ PHL,Week 2,PHL,NY,2025-04-14 12:55:39,21,1,27 Kit Asterin,23 Natalie Bova,0,0,0,0,0,0,0,0,0,0,0,17.658533,11.43674,13.454545,0.6769826,0.5932809,0.31334624,0.47891352
NY @ PHL,Week 2,PHL,NY,2025-04-14 12:55:43,21,1,23 Natalie Bova,00 Emilie Mohler,0,0,0,0,0,0,0,0,1,0,0,6.7576723,-5.2180142,-4.2940035,0.31334624,0.47891352,0.42940038,0.53109366
NY @ PHL,Week 2,PHL,NY,2025-04-14 12:55:46,21,1,00 Emilie Mohler,27 Kit Asterin,0,0,0,0,0,0,0,0,0,0,0,10.891438,3.0736268,-10.448743,0.42940038,0.53109366,0.71179885,0.5003574
NY @ PHL,Week 2,PHL,NY,2025-04-14 12:55:49,21,1,27 Kit Asterin,00 Emilie Mohler,0,0,0,0,0,0,0,0,1,0,0,9.390077,-2.35883,9.088975,0.71179885,0.5003574,0.46615088,0.5239457
NY @ PHL,Week 2,PHL,NY,2025-04-14 12:55:52,21,1,00 Emilie Mohler,22 Liz Hart,0,0,0,0,0,0,0,0,0,0,0,11.583201,8.934954,7.3713737,0.46615088,0.5239457,0.26692456,0.43459615
NY @ PHL,Week 2,PHL,NY,2025-04-14 12:55:57,21,1,22 Liz Hart,23 Natalie Bova,0,0,0,0,0,0,0,0,0,0,0,10.168871,8.148679,-6.083172,0.26692456,0.43459615,0.4313346,0.35310936
NY @ PHL,Week 2,PHL,NY,2025-04-14 12:56:01,21,1,23 Natalie Bova,27 Kit Asterin,0,0,0,0,0,0,0,0,0,0,0,8.733775,0.21443963,-8.731142,0.4313346,0.35310936,0.66731143,0.35096496
NY @ PHL,Week 2,PHL,NY,2025-04-14 12:56:08,21,1,27 Kit Asterin,04 Eliana Harnage,0,0,0,0,0,0,0,1,0,0,0,12.074138,1.7155111,11.951645,0.66731143,0.35096496,0.344294,0.33380985
NY @ PHL,Week 2,PHL,NY,2025-04-14 12:56:11,21,1,04 Eliana Harnage,27 Kit Asterin,0,0,0,0,0,0,0,0,1,0,0,7.2189636,-6.0042887,-4.007736,0.344294,0.33380985,0.4526112,0.39385274
NY @ PHL,Week 2,PHL,NY,2025-04-14 12:56:12,21,1,27 Kit Asterin,04 Eliana Harnage,0,0,0,0,0,0,0,0,0,0,0,7.922192,5.0750523,-6.083172,0.4526112,0.39385274,0.61702126,0.34310222
NY @ PHL,Week 2,PHL,NY,2025-04-14 12:56:16,21,1,04 Eliana Harnage,00 Emilie Mohler,0,0,0,0,0,1,0,0,0,0,0,10.040054,1.3581127,9.947775,0.61702126,0.34310222,0.34816247,0.3295211
NY @ PHL,Week 2,PHL,NY,2025-04-14 12:56:18,21,1,00 Emilie Mohler,22 Liz Hart,0,0,0,1,1,0,0,0,0,0,0,19.011923,18.584705,4.0077367,0.34816247,0.3295211,0.23984526,0.14367405
NY @ PHL,Week 2,PHL,NY,2025-04-14 12:58:29,22,1,29 Sara Liang,13 Melinda Alvey,0,0,0,0,0,0,0,1,0,0,0,11.522614,2.2158682,11.307544,0.6943907,0.459614,0.38878143,0.43745533
NY @ PHL,Week 2,PHL,NY,2025-04-14 12:58:32,22,1,13 Melinda Alvey,05 Lindsay McKenna,0,0,0,0,0,0,0,0,0,0,1,14.153907,8.220157,11.5222435,0.38878143,0.43745533,0.07736944,0.35525376
NY @ PHL,Week 2,PHL,NY,2025-04-14 12:58:36,22,1,05 Lindsay McKenna,29 Sara Liang,0,0,0,0,0,0,0,0,0,1,1,10.200866,10.078627,-1.5744681,0.07736944,0.35525376,0.11992263,0.2544675
NY @ PHL,Week 2,PHL,NY,2025-04-14 12:58:45,22,1,29 Sara Liang,23 Natalie Bova,0,0,0,0,0,1,0,0,0,1,0,5.8008695,-0.21443665,-5.796905,0.11992263,0.2544675,0.27659574,0.25661185
NY @ PHL,Week 2,PHL,NY,2025-04-14 12:58:59,22,1,23 Natalie Bova,15 Layne Dodge,0,0,0,1,1,0,0,0,0,0,0,16.89025,11.007862,-12.810446,0.27659574,0.25661185,0.622824,0.14653324
NY @ PHL,Week 2,PHL,NY,2025-04-14 13:03:25,24,1,17 Allie Milligan,20 Danielle Walsh,0,0,0,0,0,0,0,0,0,0,0,6.2932873,5.0750494,-3.72147,0.344294,0.726233,0.4448743,0.6754825
NY @ PHL,Week 2,PHL,NY,2025-04-14 13:03:35,24,1,20 Danielle Walsh,19 Grace Maroon,0,0,0,0,0,0,0,0,0,0,0,18.04923,17.298073,5.152805,0.4448743,0.6754825,0.3056093,0.5025018
NY @ PHL,Week 2,PHL,NY,2025-04-14 13:03:38,24,1,19 Grace Maroon,20 Danielle Walsh,0,0,0,0,0,0,0,0,1,0,0,7.0115304,-6.719083,2.003868,0.3056093,0.5025018,0.2514507,0.5696926
NY @ PHL,Week 2,PHL,NY,2025-04-14 13:03:47,24,1,20 Danielle Walsh,21 Linda Morse,1,1,0,0,0,0,0,0,0,0,0,17.1483,10.721943,-13.382978,0.2514507,0.5696926,0.6131528,0.46247318
NY @ PHL,Week 2,PHL,NY,2025-04-14 13:05:24,24,2,29 Sara Liang,20 Danielle Walsh,0,0,0,0,0,0,0,0,1,0,0,11.426569,-5.360973,10.090909,0.7137331,0.41100785,0.4410058,0.46461758
NY @ PHL,Week 2,PHL,NY,2025-04-14 13:05:37,24,2,20 Danielle Walsh,05 Lindsay McKenna,0,0,0,0,0,0,0,0,0,0,0,13.361868,9.077912,-9.804644,0.4410058,0.46461758,0.70599616,0.37383845
NY @ PHL,Week 2,PHL,NY,2025-04-14 13:05:40,24,2,05 Lindsay McKenna,29 Sara Liang,0,0,0,0,0,1,0,1,0,0,0,12.243231,-3.7169397,11.665379,0.70599616,0.37383845,0.39071566,0.41100785
NY @ PHL,Week 2,PHL,NY,2025-04-14 13:06:41,24,2,29 Sara Liang,05 Lindsay McKenna,0,0,0,1,1,0,0,0,0,0,1,32.78018,31.165117,10.162476,0.39071566,0.41100785,0.116054155,0.09935668
NY @ PHL,Week 2,PHL,NY,2025-04-14 13:08:35,26,1,20 Danielle Walsh,01 Emily Shields,1,1,0,0,0,0,0,0,0,1,0,15.814956,12.294495,-9.947775,0.007736944,0.55968547,0.27659574,0.43674052
NY @ PHL,Week 2,PHL,NY,2025-04-14 13:13:34,27,1,27 Kit Asterin,29 Sara Liang,0,0,0,0,0,0,0,0,0,0,0,12.659696,12.008577,4.007737,0.5647969,0.79914224,0.4564797,0.67905647
NY @ PHL,Week 2,PHL,NY,2025-04-14 13:13:37,27,1,29 Sara Liang,27 Kit Asterin,0,0,0,0,0,0,0,0,0,0,0,8.505659,6.2902093,-5.7253385,0.4564797,0.67905647,0.6112186,0.6161544
NY @ PHL,Week 2,PHL,NY,2025-04-14 13:13:39,27,1,27 Kit Asterin,29 Sara Liang,0,0,0,0,0,0,0,0,1,0,0,9.314512,-3.4310222,8.6595745,0.6112186,0.6161544,0.37717602,0.6504646
NY @ PHL,Week 2,PHL,NY,2025-04-14 13:14:00,27,1,29 Sara Liang,22 Liz Hart,0,0,0,0,0,0,0,0,0,0,0,9.940305,9.721226,2.0754356,0.37717602,0.6504646,0.32108316,0.55325234
NY @ PHL,Week 2,PHL,NY,2025-04-14 13:15:25,27,1,22 Liz Hart,00 Emilie Mohler,1,0,1,0,0,0,0,0,1,0,0,6.6827297,-1.1436701,-6.58414,0.32108316,0.55325234,0.49903288,0.56468904
